Symbol,Last,Change,High,Low,Ask,Ask IV,Call/Put,Delta,Gamma,Item Type,Market Price,Open,Original Price,Pcnt To Double,Previous Close,Open Interest,Percent O/U,Mid IV,ExpDate,Existing Posn.,Date,Rho,SV,Theta,Time,Trade,Vega,Bid IV,Prob.Finish.ITM,Projected Volty,Strike Price,Time Premium,Th.Price,Description,At Price,Volume,Bid
RUT,1342.4,-12.2,1352.7,1335,,, ,1,0,I,1342.4,1343.8,0,,1354.6,,,,,,170327,,0.111,,15:30:00,,,,,,,,,RUT Index,0,,
RUT 17P1120,-1,,,,1.35,0.367,P,-1.462,0.033,O,0.8,,0,0.023,,233,0.333,,170421,,170327,-1.382,0.111,-8.064,15:30:00,,13.091,0.288,0,0.323,1120,0.8,0.6,Apr 1120 Puts,,,0.25
RUT 17Q1120,-1,,,,3,0.292,P,-4.047,0.061,O,2.48,,0,0.034,,265,0.016,0.281,170519,,170327,-8.211,0.111,-11.668,15:30:00,,44.635,0.269,0,0.28,1120,2.48,2.44,May 1120 Puts,,,1.95
RUT 17R1120,-1,,,,5.6,0.272,P,-6.608,0.077,O,5.1,,0,0.043,,89,0.002,0.266,170616,,170327,-20.713,0.111,-12.999,15:30:00,,81.285,0.259,0,0.266,1120,5.1,5.09,Jun 1120 Puts,,,4.6
RUT 17U1120,-1,,,,18.4,0.263,P,-12.954,0.091,O,15.8,,0,0.07,,33,-0.025,0.25,170915,,170327,-88.858,0.111,-13.412,15:30:00,,193.718,0.236,0.009,0.252,1120,15.8,16.2,Sep 1120 Puts,,,13.2
RUT 17X1120,-1,,,,31,0.26,P,-16.786,0.089,O,27.65,,0,0.093,,13,-0.005,0.248,171215,,170327,-180.41,0.111,-12.567,15:30:00,,283.887,0.236,0.027,0.249,1120,27.65,27.8,Dec 1120 Puts,,,24.3
RUT 17P1130,-1,,,,1.3,0.349,P,-1.68,0.038,O,0.8,,0,0.023,,222,0.159,0.323,170421,,170327,-1.588,0.111,-10.067,15:30:00,,14.747,0.282,0,0.316,1130,0.8,0.69,Apr 1130 Puts,,,0.3
RUT 17Q1130,2.9,0.7,2.9,2.9,3.2,0.284,P,-4.519,0.068,O,2.78,2.9,0,0.033,2.2,336,0.026,0.276,170519,,170327,-9.168,0.111,-12.589,15:30:00,,48.79,0.267,0,0.275,1130,2.78,2.71,May 1130 Puts,,5,2.35
RUT 17R1130,-1,,,,6,0.266,P,-7.252,0.084,O,5.5,,0,0.043,,21,-0.016,0.26,170616,,170327,-22.73,0.111,-13.568,15:30:00,,87.305,0.254,0.001,0.261,1130,5.5,5.59,Jun 1130 Puts,,,5
RUT 17U1130,-1,,,,19.2,0.259,P,-13.801,0.097,O,16.75,,0,0.07,,5,-0.031,0.247,170915,,170327,-94.68,0.111,-13.757,15:30:00,,202.314,0.234,0.012,0.249,1130,16.75,17.28,Sep 1130 Puts,,,14.3
RUT 17X1130,-1,,,,32.5,0.257,P,-17.661,0.093,O,29.2,,0,0.093,,27,-0.004,0.246,171215,,170327,-189.864,0.111,-12.817,15:30:00,,293.215,0.234,0.034,0.246,1130,29.2,29.31,Dec 1130 Puts,,,25.9
RUT 17D1140,-1,,,,205.6,,C,97.168,0.055,O,203.55,,0,0.148,,3,0.001,,170421,,170327,75.292,0.111,-17.469,15:30:00,,22.881,,1,0.335,1140,1.15,203.3,Apr 1140 Calls,,,201.5
RUT 17E1140,-1,,,,207.5,,C,94.172,0.081,O,205.35,,0,0.15,,1,0,,170519,,170327,153.331,0.111,-18.341,15:30:00,,59.682,,1,0.282,1140,2.95,205.32,May 1140 Calls,,,203.2
RUT 17F1140,-1,,,,209.7,,C,91.754,0.093,O,207.65,,0,0.153,,20,0,,170616,,170327,226.382,0.111,-18.008,15:30:00,,96.219,,0.999,0.261,1140,5.25,207.72,Jun 1140 Calls,,,205.6
RUT 17I1140,-1,,,,220,0.251,C,86.058,0.102,O,216.2,,0,0.166,,,-0.004,0.232,170915,,170327,438.816,0.111,-16.19,15:30:00,,203.742,0.212,0.984,0.237,1140,13.8,217.15,Sep 1140 Calls,,,212.4
RUT 17L1140,-1,,,,231.4,0.243,C,82.365,0.099,O,227.25,,0,0.18,,,-0.003,0.229,171215,,170327,625.431,0.111,-15.478,15:30:00,,292.98,0.215,0.959,0.232,1140,24.85,227.96,Dec 1140 Calls,,,223.1
RUT 17P1140,1.2,0.5,1.2,1.2,1.3,0.334,P,-1.936,0.044,O,1.03,1.2,0,0.023,0.7,593,0.304,0.321,170421,,170327,-1.829,0.111,-12.153,15:30:00,,16.64,0.306,0,0.308,1140,1.03,0.79,Apr 1140 Puts,,10,0.75
RUT 17Q1140,-1,,,,3.6,0.28,P,-5.051,0.076,O,3.13,,0,0.033,,100,0.036,0.271,170519,,170327,-10.246,0.111,-13.572,15:30:00,,53.328,0.262,0,0.269,1140,3.13,3.02,May 1140 Puts,,,2.65
RUT 17R1140,6.68,1.81,6.68,6.68,6.5,0.261,P,-7.961,0.092,O,6.08,6.68,0,0.043,4.87,124,-0.008,0.256,170616,,170327,-24.952,0.111,-14.396,15:30:00,,93.712,0.251,0.001,0.257,1140,6.08,6.13,Jun 1140 Puts,,2,5.6
RUT 17U1140,-1,,,,20.4,0.255,P,-14.701,0.102,O,17.9,,0,0.07,,8,-0.029,0.243,170915,,170327,-100.873,0.111,-14.158,15:30:00,,211.124,0.231,0.016,0.246,1140,17.9,18.44,Sep 1140 Puts,,,15.4
RUT 17X1140,-1,,,,34.2,0.254,P,-18.577,0.097,O,30.85,,0,0.093,,,-0.002,0.244,171215,,170327,-199.773,0.111,-13.106,15:30:00,,302.623,0.232,0.041,0.244,1140,30.85,30.91,Dec 1140 Puts,,,27.5
RUT 17D1150,-1,,,,196.6,,C,96.81,0.063,O,194.4,,0,0.14,,56,0.005,,170421,,170327,75.638,0.111,-18.615,15:30:00,,25.249,,1,0.326,1150,2,193.45,Apr 1150 Calls,,,192.2
RUT 17E1150,-1,,,,198.3,,C,93.547,0.089,O,196.05,,0,0.143,,39,0.002,,170519,,170327,153.512,0.111,-19.301,15:30:00,,64.611,,1,0.276,1150,3.65,195.72,May 1150 Calls,,,193.8
RUT 17F1150,-1,,,,200.3,,C,90.968,0.101,O,198.15,,0,0.146,,628,-0.001,,170616,,170327,226.129,0.111,-18.808,15:30:00,,102.979,,0.998,0.256,1150,5.75,198.36,Jun 1150 Calls,,,196
RUT 17I1150,-1,,,,211.3,0.247,C,85.088,0.108,O,207.55,,0,0.16,,8,-0.004,0.23,170915,,170327,436.847,0.111,-16.701,15:30:00,,213.16,0.211,0.978,0.234,1150,15.15,208.41,Sep 1150 Calls,,,203.8
RUT 17L1150,-1,,,,223.8,0.243,C,81.386,0.103,O,219.5,,0,0.175,,446,-0.001,0.229,171215,,170327,622.03,0.111,-15.947,15:30:00,,303.033,0.214,0.95,0.229,1150,27.1,219.68,Dec 1150 Calls,,,215.2
RUT 17P1150,1.24,0.34,1.24,1.24,1.45,0.325,P,-2.237,0.051,O,1.11,1.24,0,0.022,0.9,757,0.233,0.311,170421,,170327,-2.114,0.111,-12.769,15:30:00,,18.803,0.292,0,0.3,1150,1.11,0.9,Apr 1150 Puts,,10,0.75
RUT 17Q1150,-1,,,,3.7,0.269,P,-5.652,0.084,O,3.28,,0,0.033,,542,-0.027,0.262,170519,,170327,-11.463,0.111,-13.893,15:30:00,,58.276,0.254,0,0.264,1150,3.28,3.37,May 1150 Puts,,,2.85
RUT 17R1150,-1,,,,7.3,0.258,P,-8.741,0.1,O,6.75,,0,0.043,,1484,0.003,0.252,170616,,170327,-27.399,0.111,-15.254,15:30:00,,100.516,0.247,0.002,0.252,1150,6.75,6.73,Jun 1150 Puts,,,6.2
RUT 17U1150,19.5,5.5,19.9,19.5,22,0.253,P,-15.659,0.108,O,20.45,19.86,0,0.071,14,3552,0.039,0.246,170915,,170327,-107.467,0.111,-15.245,15:30:00,,220.14,0.24,0.022,0.243,1150,20.45,19.69,Sep 1150 Puts,,5,19
RUT 17X1150,-1,,,,35.8,0.251,P,-19.535,0.101,O,32.5,,0,0.094,,3613,-0.003,0.241,171215,,170327,-210.149,0.111,-13.3,15:30:00,,312.083,0.23,0.05,0.241,1150,32.5,32.6,Dec 1150 Puts,,,29.2
RUT 17D1160,-1,,,,186.6,,C,96.397,0.071,O,184.45,,0,0.133,,12,0.004,,170421,,170327,75.931,0.111,-19.865,15:30:00,,27.905,,1,0.317,1160,2.05,183.63,Apr 1160 Calls,,,182.3
RUT 17E1160,-1,,,,188.1,,C,92.848,0.099,O,186,,0,0.136,,12,-0.001,,170519,,170327,153.54,0.111,-20.309,15:30:00,,69.939,,1,0.271,1160,3.6,186.17,May 1160 Calls,,,183.9
RUT 17F1160,-1,,,,190.5,,C,90.105,0.11,O,188.55,,0,0.14,,19,-0.003,,170616,,170327,225.632,0.111,-19.631,15:30:00,,110.124,,0.997,0.251,1160,6.15,189.06,Jun 1160 Calls,,,186.6
RUT 17I1160,-1,,,,202.6,0.243,C,84.058,0.115,O,198.95,,0,0.155,,,-0.004,0.227,170915,,170327,434.455,0.111,-17.208,15:30:00,,222.76,0.21,0.972,0.231,1160,16.55,199.76,Sep 1160 Calls,,,195.3
RUT 17L1160,-1,,,,214.4,0.236,C,80.361,0.108,O,210.25,,0,0.17,,,-0.006,0.223,171215,,170327,618.132,0.111,-15.917,15:30:00,,313.117,0.209,0.939,0.227,1160,27.85,211.49,Dec 1160 Calls,,,206.1
RUT 17P1160,-1,,,,1.55,0.314,P,-2.593,0.059,O,1.15,,0,0.022,,1506,0.106,0.297,170421,,170327,-2.449,0.111,-12.938,15:30:00,,21.275,0.277,0,0.292,1160,1.15,1.04,Apr 1160 Puts,,,0.75
RUT 17Q1160,-1,,,,4.3,0.267,P,-6.329,0.094,O,3.8,,0,0.033,,601,0.008,0.259,170519,,170327,-12.835,0.111,-15.257,15:30:00,,63.661,0.251,0,0.259,1160,3.8,3.77,May 1160 Puts,,,3.3
RUT 17R1160,-1,,,,8.2,0.255,P,-9.599,0.109,O,7.5,,0,0.043,,97,0.014,0.249,170616,,170327,-30.091,0.111,-16.224,15:30:00,,107.72,0.242,0.003,0.248,1160,7.5,7.4,Jun 1160 Puts,,,6.8
RUT 17U1160,-1,,,,23,0.248,P,-16.677,0.114,O,20.55,,0,0.071,,31,-0.022,0.237,170915,,170327,-114.482,0.111,-15.013,15:30:00,,229.336,0.226,0.028,0.239,1160,20.55,21.02,Sep 1160 Puts,,,18.1
RUT 17X1160,-1,,,,37.8,0.249,P,-20.536,0.106,O,34.45,,0,0.094,,4,0.002,0.238,171215,,170327,-221.006,0.111,-13.575,15:30:00,,321.567,0.228,0.061,0.238,1160,34.45,34.39,Dec 1160 Puts,,,31.1
RUT 17D1170,-1,,,,176.2,,C,95.918,0.081,O,174.2,,0,0.126,,29,0.002,,170421,,170327,76.162,0.111,-21.226,15:30:00,,30.885,,1,0.308,1170,1.8,173.84,Apr 1170 Calls,,,172.2
RUT 17E1170,-1,,,,178.6,,C,92.065,0.109,O,176.45,,0,0.13,,40,-0.001,,170519,,170327,153.399,0.111,-21.366,15:30:00,,75.687,,0.999,0.265,1170,4.05,176.66,May 1170 Calls,,,174.3
RUT 17F1170,-1,,,,181.2,,C,89.158,0.119,O,179.3,,0,0.134,,12,-0.003,,170616,,170327,224.87,0.111,-20.473,15:30:00,,117.655,,0.996,0.247,1170,6.9,179.83,Jun 1170 Calls,,,177.4
RUT 17I1170,-1,,,,194.9,0.244,C,82.964,0.121,O,191.35,,0,0.15,,1,0.001,0.229,170915,,170327,431.62,0.111,-18.11,15:30:00,,232.512,0.213,0.964,0.228,1170,18.95,191.2,Sep 1170 Calls,,,187.8
RUT 17L1170,-1,,,,207.5,0.237,C,79.291,0.113,O,203.25,,0,0.165,,,-0.001,0.224,171215,,170327,613.722,0.111,-16.499,15:30:00,,323.197,0.21,0.928,0.224,1170,30.85,203.4,Dec 1170 Calls,,,199
RUT 17P1170,-1,,,,1.7,0.304,P,-3.012,0.068,O,1.35,,0,0.022,,480,0.125,0.291,170421,,170327,-2.845,0.111,-14.494,15:30:00,,24.102,0.276,0,0.285,1170,1.35,1.2,Apr 1170 Puts,,,1
RUT 17Q1170,-1,,,,4.7,0.26,P,-7.092,0.105,O,4.25,,0,0.033,,566,0.007,0.254,170519,,170327,-14.383,0.111,-16.317,15:30:00,,69.508,0.247,0.001,0.253,1170,4.25,4.22,May 1170 Puts,,,3.8
RUT 17R1170,-1,,,,8.9,0.25,P,-10.544,0.119,O,8.25,,0,0.043,,26,0.014,0.244,170616,,170327,-33.053,0.111,-17.052,15:30:00,,115.325,0.239,0.004,0.243,1170,8.25,8.14,Jun 1170 Puts,,,7.6
RUT 17U1170,-1,,,,24.5,0.245,P,-17.757,0.12,O,22,,0,0.071,,20,-0.02,0.234,170915,,170327,-121.935,0.111,-15.406,15:30:00,,238.681,0.224,0.036,0.236,1170,22,22.45,Sep 1170 Puts,,,19.5
RUT 17X1170,-1,,,,39.4,0.245,P,-21.581,0.11,O,36.2,,0,0.095,,14,-0.002,0.236,171215,,170327,-232.355,0.111,-13.796,15:30:00,,331.042,0.226,0.072,0.236,1170,36.2,36.27,Dec 1170 Puts,,,33
RUT 17D1180,-1,,,,166.4,,C,95.362,0.092,O,164.3,,0,0.119,,26,0.001,,170421,,170327,76.321,0.111,-22.708,15:30:00,,34.231,,1,0.3,1180,1.9,164.08,Apr 1180 Calls,,,162.2
RUT 17E1180,-1,,,,169.3,,C,91.188,0.121,O,167.1,,0,0.123,,15,-0.001,,170519,,170327,153.065,0.111,-22.468,15:30:00,,81.872,,0.999,0.259,1180,4.7,167.22,May 1180 Calls,,,164.9
RUT 17F1180,-1,,,,172.8,0.259,C,88.119,0.13,O,170.7,,0,0.128,,8,0,0.243,170616,,170327,223.818,0.111,-21.33,15:30:00,,125.565,0.225,0.993,0.243,1180,8.3,170.69,Jun 1180 Calls,,,168.6
RUT 17I1180,-1,,,,186.7,0.241,C,81.803,0.128,O,183.1,,0,0.144,,,0.002,0.227,170915,,170327,428.322,0.111,-18.657,15:30:00,,242.38,0.212,0.954,0.225,1180,20.7,182.75,Sep 1180 Calls,,,179.5
RUT 17L1180,-1,,,,199.9,0.236,C,78.173,0.117,O,195.55,,0,0.16,,,0.001,0.223,171215,,170327,608.787,0.111,-16.847,15:30:00,,333.239,0.209,0.914,0.222,1180,33.15,195.4,Dec 1180 Calls,,,191.2
RUT 17P1180,-1,,,,1.9,0.294,P,-3.51,0.08,O,1.55,,0,0.022,,1205,0.115,0.283,170421,,170327,-3.314,0.111,-15.995,15:30:00,,27.332,0.27,0,0.277,1180,1.55,1.39,Apr 1180 Puts,,,1.2
RUT 17Q1180,5.05,0.65,5.3,5.05,5.2,0.254,P,-7.954,0.117,O,4.72,5.05,0,0.033,4.4,688,-0.004,0.248,170519,,170327,-16.13,0.111,-17.331,15:30:00,,75.839,0.24,0.001,0.248,1180,4.72,4.74,May 1180 Puts,,3,4.2
RUT 17R1180,-1,,,,9.4,0.243,P,-11.581,0.129,O,8.95,,0,0.043,,226,0,0.239,170616,,170327,-36.31,0.111,-17.725,15:30:00,,123.325,0.236,0.007,0.239,1180,8.95,8.95,Jun 1180 Puts,,,8.5
RUT 17U1180,-1,,,,26,0.241,P,-18.903,0.127,O,23.55,,0,0.072,,45,-0.018,0.231,170915,,170327,-129.847,0.111,-15.791,15:30:00,,248.139,0.221,0.046,0.233,1180,23.55,23.99,Sep 1180 Puts,,,21.1
RUT 17X1180,-1,,,,41.1,0.242,P,-22.671,0.114,O,38.05,,0,0.095,,23,-0.005,0.233,171215,,170327,-244.208,0.111,-13.963,15:30:00,,340.474,0.224,0.086,0.233,1180,38.05,38.26,Dec 1180 Puts,,,35
RUT 17D1190,-1,,,,156.6,,C,94.715,0.106,O,154.5,,0,0.112,,49,0.001,,170421,,170327,76.393,0.111,-24.318,15:30:00,,37.984,,1,0.291,1190,2.1,154.35,Apr 1190 Calls,,,152.4
RUT 17E1190,-1,,,,159.8,,C,90.205,0.134,O,157.85,,0,0.117,,36,0,,170519,,170327,152.517,0.111,-23.613,15:30:00,,88.507,,0.998,0.253,1190,5.45,157.85,May 1190 Calls,,,155.9
RUT 17F1190,-1,,,,163.2,0.25,C,86.98,0.141,O,161.3,,0,0.122,,1,-0.002,0.236,170616,,170327,222.449,0.111,-21.765,15:30:00,,133.841,0.221,0.989,0.238,1190,8.9,161.63,Jun 1190 Calls,,,159.4
RUT 17I1190,-1,,,,178.5,0.238,C,80.574,0.135,O,174.95,,0,0.139,,,0.003,0.224,170915,,170327,424.542,0.111,-19.134,15:30:00,,252.323,0.21,0.942,0.222,1190,22.55,174.4,Sep 1190 Calls,,,171.4
RUT 17L1190,-1,,,,191.6,0.232,C,77.006,0.122,O,187.45,,0,0.156,,22,0,0.22,171215,,170327,603.31,0.111,-17.049,15:30:00,,343.206,0.207,0.899,0.22,1190,35.05,187.52,Dec 1190 Calls,,,183.3
RUT 17P1190,1.95,0.4,2.14,1.95,2.05,0.283,P,-4.1,0.093,O,1.71,2.14,0,0.022,1.55,1514,0.062,0.273,170421,,170327,-3.871,0.111,-16.922,15:30:00,,31.018,0.261,0,0.27,1190,1.71,1.61,Apr 1190 Puts,,29,1.35
RUT 17Q1190,5.66,1.26,5.98,5.66,5.7,0.247,P,-8.925,0.13,O,5.27,5.66,0,0.033,4.4,434,-0.009,0.242,170519,,170327,-18.101,0.111,-18.393,15:30:00,,82.67,0.236,0.002,0.243,1190,5.27,5.32,May 1190 Puts,,4,4.8
RUT 17R1190,-1,,,,10.5,0.24,P,-12.72,0.141,O,9.9,,0,0.044,,267,0.004,0.235,170616,,170327,-39.888,0.111,-18.667,15:30:00,,131.706,0.23,0.011,0.235,1190,9.9,9.86,Jun 1190 Puts,,,9.3
RUT 17U1190,-1,,,,27.7,0.238,P,-20.116,0.133,O,25.25,,0,0.072,,35,-0.015,0.229,170915,,170327,-138.234,0.111,-16.222,15:30:00,,257.669,0.219,0.058,0.23,1190,25.25,25.64,Sep 1190 Puts,,,22.8
RUT 17X1190,-1,,,,43.5,0.24,P,-23.807,0.119,O,41.15,,0,0.096,,108,0.02,0.233,171215,,170327,-256.574,0.111,-14.421,15:30:00,,349.826,0.226,0.101,0.231,1190,41.15,40.35,Dec 1190 Puts,,,38.8
RUT 17D1200,-1,,,,147.1,,C,93.96,0.121,O,145.05,,0,0.105,,90,0.003,,170421,,170327,76.363,0.111,-26.062,15:30:00,,42.19,,1,0.282,1200,2.65,144.67,Apr 1200 Calls,,,143
RUT 17E1200,-1,,,,150.5,,C,89.104,0.148,O,148.55,,0,0.111,,33,0,,170519,,170327,151.728,0.111,-24.795,15:30:00,,95.601,,0.996,0.247,1200,6.15,148.55,May 1200 Calls,,,146.6
RUT 17F1200,-1,,,,154.6,0.247,C,85.732,0.153,O,152.7,,0,0.116,,575,0,0.234,170616,,170327,220.737,0.111,-23.072,15:30:00,,142.46,0.221,0.984,0.234,1200,10.3,152.66,Jun 1200 Calls,,,150.8
RUT 17I1200,-1,,,,170.1,0.234,C,79.274,0.142,O,166.6,,0,0.134,,113,0.003,0.221,170915,,170327,420.261,0.111,-19.48,15:30:00,,262.294,0.207,0.928,0.219,1200,24.2,166.16,Sep 1200 Calls,,,163.1
RUT 17L1200,178.69,-9.75,178.69,178.69,184.4,0.231,C,75.789,0.127,O,180.08,178.69,0,0.151,188.44,1455,0.002,0.219,171215,,170327,597.27,0.111,-17.368,15:30:00,,353.062,0.207,0.883,0.218,1200,37.68,179.75,Dec 1200 Calls,,1,175.9
RUT 17P1200,2.32,0.43,2.4,2.2,2.3,0.273,P,-4.802,0.108,O,1.97,2.4,0,0.022,1.89,4468,0.048,0.265,170421,,170327,-4.533,0.111,-18.571,15:30:00,,35.218,0.254,0,0.262,1200,1.97,1.88,Apr 1200 Puts,,26,1.6
RUT 17Q1200,6.6,2.06,6.6,6.4,6.7,0.245,P,-10.021,0.145,O,6.08,6.6,0,0.034,4.54,660,0.017,0.238,170519,,170327,-20.324,0.111,-19.921,15:30:00,,90.012,0.231,0.004,0.237,1200,6.08,5.98,May 1200 Puts,,13,5.4
RUT 17R1200,-1,,,,11.5,0.235,P,-13.971,0.153,O,10.9,,0,0.044,,2386,0.004,0.231,170616,,170327,-43.82,0.111,-19.532,15:30:00,,140.457,0.227,0.016,0.231,1200,10.9,10.86,Jun 1200 Puts,,,10.3
RUT 17U1200,27.62,-2.38,27.85,27.47,29.5,0.235,P,-21.399,0.14,O,27.08,27.62,0,0.072,30,726,-0.012,0.226,170915,,170327,-147.114,0.111,-16.64,15:30:00,,267.222,0.217,0.072,0.227,1200,27.08,27.41,Sep 1200 Puts,,3,24.6
RUT 17X1200,41.31,2.71,44,41.31,43.2,0.231,P,-24.988,0.123,O,42.01,43,0,0.096,38.6,2298,-0.013,0.227,171215,,170327,-269.462,0.111,-14.259,15:30:00,,359.059,0.224,0.117,0.229,1200,42.01,42.56,Dec 1200 Puts,,5,40.9
RUT 17D1210,-1,,,,137.5,,C,93.077,0.138,O,135.45,,0,0.098,,42,0.003,,170421,,170327,76.211,0.111,-27.946,15:30:00,,46.897,,1,0.274,1210,3.05,135.04,Apr 1210 Calls,,,133.4
RUT 17E1210,-1,,,,141,0.258,C,87.871,0.163,O,139,,0,0.105,,62,-0.003,0.238,170519,,170327,150.669,0.111,-25.249,15:30:00,,103.152,0.217,0.993,0.242,1210,6.6,139.35,May 1210 Calls,,,137
RUT 17F1210,-1,,,,145.3,0.239,C,84.367,0.166,O,143.5,,0,0.111,,6,-0.002,0.227,170616,,170327,218.652,0.111,-23.592,15:30:00,,151.39,0.215,0.976,0.229,1210,11.1,143.81,Jun 1210 Calls,,,141.7
RUT 17I1210,-1,,,,162.3,0.232,C,77.9,0.15,O,158.75,,0,0.13,,,0.004,0.219,170915,,170327,415.461,0.111,-19.977,15:30:00,,272.242,0.206,0.912,0.217,1210,26.35,158.05,Sep 1210 Calls,,,155.2
RUT 17L1210,-1,,,,176.6,0.228,C,74.522,0.132,O,172.45,,0,0.147,,,0.002,0.216,171215,,170327,590.657,0.111,-17.585,15:30:00,,362.759,0.205,0.865,0.215,1210,40.05,172.1,Dec 1210 Calls,,,168.3
RUT 17P1210,2.62,0.44,2.62,2.62,2.7,0.267,P,-5.637,0.127,O,2.29,2.62,0,0.022,2.18,1906,0.036,0.257,170421,,170327,-5.321,0.111,-20.381,15:30:00,,39.992,0.246,0,0.255,1210,2.29,2.21,Apr 1210 Puts,,5,1.85
RUT 17Q1210,6.8,1.5,7.43,6.8,7.1,0.236,P,-11.256,0.161,O,6.56,7.07,0,0.034,5.3,774,-0.025,0.231,170519,,170327,-22.831,0.111,-20.641,15:30:00,,97.864,0.225,0.007,0.232,1210,6.56,6.73,May 1210 Puts,,5,6
RUT 17R1210,-1,,,,12.7,0.231,P,-15.348,0.166,O,12.05,,0,0.044,,44,0.005,0.227,170616,,170327,-48.151,0.111,-20.407,15:30:00,,149.572,0.222,0.024,0.226,1210,12.05,11.99,Jun 1210 Puts,,,11.4
RUT 17U1210,-1,,,,31.4,0.232,P,-22.753,0.147,O,28.95,,0,0.073,,50,-0.012,0.223,170915,,170327,-156.502,0.111,-16.927,15:30:00,,276.746,0.214,0.088,0.225,1210,28.95,29.3,Sep 1210 Puts,,,26.5
RUT 17X1210,-1,,,,47.9,0.234,P,-26.216,0.128,O,45.65,,0,0.097,,11,0.017,0.228,171215,,170327,-282.881,0.111,-14.729,15:30:00,,368.128,0.222,0.135,0.226,1210,45.65,44.89,Dec 1210 Puts,,,43.4
RUT 17D1220,-1,,,,127.8,,C,92.041,0.159,O,125.75,,0,0.092,,17,0.002,,170421,,170327,75.916,0.111,-29.97,15:30:00,,52.15,,0.999,0.266,1220,3.35,125.48,Apr 1220 Calls,,,123.7
RUT 17E1220,-1,,,,131.8,0.25,C,86.491,0.18,O,129.95,,0,0.099,,30,-0.002,0.234,170519,,170327,149.309,0.111,-26.692,15:30:00,,111.147,0.216,0.988,0.236,1220,7.55,130.24,May 1220 Calls,,,128.1
RUT 17F1220,-1,,,,135.4,0.227,C,82.875,0.179,O,133.65,,0,0.105,,32,-0.011,0.216,170616,,170327,216.166,0.111,-23.224,15:30:00,,160.586,0.205,0.965,0.225,1220,11.25,135.07,Jun 1220 Calls,,,131.9
RUT 17I1220,-1,,,,154,0.228,C,76.449,0.157,O,150.65,,0,0.125,,,0.004,0.216,170915,,170327,410.114,0.111,-20.283,15:30:00,,282.114,0.204,0.894,0.214,1220,28.25,150.07,Sep 1220 Calls,,,147.3
RUT 17L1220,-1,,,,168.4,0.223,C,73.204,0.137,O,164.1,,0,0.142,,,-0.003,0.212,171215,,170327,583.466,0.111,-17.57,15:30:00,,372.247,0.2,0.845,0.213,1220,41.7,164.57,Dec 1220 Calls,,,159.8
RUT 17P1220,2.62,0.01,3.02,2.62,2.65,0.249,P,-6.634,0.148,O,2.43,3.02,0,0.022,2.61,2697,-0.062,0.244,170421,,170327,-6.261,0.111,-20.941,15:30:00,,45.398,0.239,0.001,0.248,1220,2.43,2.59,Apr 1220 Puts,,25,2.2
RUT 17Q1220,8.11,0.54,8.65,8.11,8.1,0.232,P,-12.645,0.179,O,7.58,8.65,0,0.034,7.57,1042,0,0.227,170519,,170327,-25.654,0.111,-22.249,15:30:00,,106.214,0.222,0.012,0.227,1220,7.58,7.58,May 1220 Puts,,20,7
RUT 17R1220,-1,,,,13.6,0.224,P,-16.86,0.179,O,13.1,,0,0.044,,692,-0.011,0.221,170616,,170327,-52.913,0.111,-21.022,15:30:00,,159,0.218,0.035,0.222,1220,13.1,13.24,Jun 1220 Puts,,,12.6
RUT 17U1220,-1,,,,33.2,0.228,P,-24.18,0.154,O,31.7,,0,0.073,,51,0.012,0.223,170915,,170327,-166.413,0.111,-17.584,15:30:00,,286.182,0.218,0.106,0.222,1220,31.7,31.33,Sep 1220 Puts,,,30.2
RUT 17X1220,-1,,,,50.5,0.232,P,-27.491,0.132,O,48.2,,0,0.098,,201,0.018,0.226,171215,,170327,-296.835,0.111,-14.923,15:30:00,,376.991,0.22,0.155,0.224,1220,48.2,47.34,Dec 1220 Puts,,,45.9
RUT 17D1230,-1,,,,117.7,,C,90.825,0.183,O,115.75,,0,0.085,,56,-0.002,,170421,,170327,75.45,0.111,-32.131,15:30:00,,57.993,,0.999,0.257,1230,3.35,115.99,Apr 1230 Calls,,,113.8
RUT 17E1230,-1,,,,123,0.245,C,84.946,0.198,O,121.25,,0,0.093,,3,0,0.231,170519,,170327,147.614,0.111,-28.479,15:30:00,,119.559,0.216,0.98,0.231,1230,8.85,121.25,May 1230 Calls,,,119.5
RUT 17F1230,-1,,,,128.4,0.232,C,81.247,0.193,O,126.6,,0,0.1,,1,0.001,0.222,170616,,170327,213.247,0.111,-25.815,15:30:00,,169.989,0.211,0.952,0.221,1230,14.2,126.47,Jun 1230 Calls,,,124.8
RUT 17I1230,-1,,,,145.6,0.223,C,74.917,0.165,O,142.55,,0,0.12,,,0.002,0.212,170915,,170327,404.19,0.111,-20.511,15:30:00,,291.856,0.202,0.873,0.211,1230,30.15,142.23,Sep 1230 Calls,,,139.5
RUT 17L1230,-1,,,,159.5,0.217,C,71.834,0.142,O,156.2,,0,0.138,,,-0.006,0.208,171215,,170327,575.691,0.111,-17.667,15:30:00,,381.473,0.199,0.823,0.211,1230,43.8,157.18,Dec 1230 Calls,,,152.9
RUT 17P1230,3.3,0.7,3.71,3.3,3.2,0.244,P,-7.822,0.173,O,2.92,3.71,0,0.022,2.6,4600,-0.046,0.238,170421,,170327,-7.383,0.111,-23.459,15:30:00,,51.491,0.231,0.001,0.241,1230,2.92,3.06,Apr 1230 Puts,,15,2.6
RUT 17Q1230,8.55,1.14,9.8,8.55,8.6,0.223,P,-14.213,0.198,O,8.36,9.8,0,0.034,7.41,783,-0.023,0.221,170519,,170327,-28.84,0.111,-23.234,15:30:00,,115.06,0.218,0.02,0.222,1230,8.36,8.56,May 1230 Puts,,28,8.1
RUT 17R1230,-1,,,,15,0.221,P,-18.518,0.194,O,14.55,,0,0.045,,106,-0.006,0.218,170616,,170327,-58.137,0.111,-21.978,15:30:00,,168.671,0.216,0.048,0.219,1230,14.55,14.64,Jun 1230 Puts,,,14.1
RUT 17U1230,-1,,,,35.4,0.225,P,-25.682,0.161,O,33.85,,0,0.074,,,0.01,0.22,170915,,170327,-176.858,0.111,-17.825,15:30:00,,295.465,0.215,0.127,0.219,1230,33.85,33.5,Sep 1230 Puts,,,32.3
RUT 17X1230,-1,,,,52.2,0.228,P,-28.813,0.136,O,50.35,,0,0.098,,1216,0.009,0.223,171215,,170327,-311.329,0.111,-14.928,15:30:00,,385.598,0.218,0.177,0.222,1230,50.35,49.91,Dec 1230 Puts,,,48.5
RUT 17D1240,-1,,,,108.2,,C,89.395,0.21,O,106.3,,0,0.079,,28,-0.003,,170421,,170327,74.781,0.111,-34.417,15:30:00,,64.46,,0.997,0.249,1240,3.9,106.6,Apr 1240 Calls,,,104.4
RUT 17E1240,-1,,,,113.9,0.237,C,83.22,0.218,O,112.15,,0,0.087,,17,-0.002,0.223,170519,,170327,145.546,0.111,-29.27,15:30:00,,128.343,0.209,0.969,0.225,1240,9.75,112.39,May 1240 Calls,,,110.4
RUT 17F1240,-1,,,,119.3,0.224,C,79.473,0.208,O,117.8,,0,0.095,,25,-0.002,0.216,170616,,170327,209.864,0.111,-26.272,15:30:00,,179.525,0.207,0.934,0.217,1240,15.4,118.01,Jun 1240 Calls,,,116.3
RUT 17I1240,-1,,,,138,0.22,C,73.303,0.172,O,134.55,,0,0.116,,4,0,0.208,170915,,170327,397.679,0.111,-20.715,15:30:00,,301.388,0.197,0.849,0.208,1240,32.15,134.55,Sep 1240 Calls,,,131.1
RUT 17L1240,-1,,,,154.5,0.22,C,70.414,0.147,O,150.45,,0,0.134,,,0.004,0.21,171215,,170327,567.328,0.111,-18.168,15:30:00,,390.381,0.2,0.8,0.209,1240,48.05,149.92,Dec 1240 Calls,,,146.4
RUT 17P1240,4.35,1.77,4.5,4.14,3.8,0.236,P,-9.24,0.202,O,3.49,4.3,0,0.022,2.58,3609,-0.036,0.231,170421,,170327,-8.721,0.111,-26.03,15:30:00,,58.315,0.224,0.003,0.233,1240,3.49,3.62,Apr 1240 Puts,,23,3.1
RUT 17Q1240,9.7,1.4,11.7,9.6,10.1,0.221,P,-15.983,0.219,O,9.65,10.89,0,0.034,8.3,1329,-0.004,0.217,170519,,170327,-32.441,0.111,-24.793,15:30:00,,124.376,0.213,0.031,0.217,1240,9.65,9.69,May 1240 Puts,,29,9.2
RUT 17R1240,-1,,,,17,0.219,P,-20.328,0.209,O,16.35,,0,0.045,,1657,0.009,0.216,170616,,170327,-63.853,0.111,-23.085,15:30:00,,178.497,0.212,0.066,0.215,1240,16.35,16.2,Jun 1240 Puts,,,15.7
RUT 17U1240,-1,,,,37.8,0.223,P,-27.259,0.168,O,36,,0,0.075,,83,0.005,0.217,170915,,170327,-187.847,0.111,-18.038,15:30:00,,304.526,0.211,0.151,0.216,1240,36,35.82,Sep 1240 Puts,,,34.2
RUT 17X1240,-1,,,,55.1,0.226,P,-30.181,0.141,O,53.15,,0,0.099,,,0.01,0.221,171215,,170327,-326.366,0.111,-15.084,15:30:00,,393.902,0.216,0.2,0.219,1240,53.15,52.62,Dec 1240 Puts,,,51.2
RUT 17D1250,-1,,,,98.6,0.258,C,87.712,0.241,O,96.85,,0,0.073,,66,-0.005,0.234,170421,,170327,73.873,0.111,-34.706,15:30:00,,71.567,0.206,0.993,0.241,1250,4.45,97.32,Apr 1250 Calls,,,95.1
RUT 17E1250,-1,,,,105.5,0.233,C,81.293,0.24,O,103.8,,0,0.082,,45,0.001,0.221,170519,,170327,143.067,0.111,-31.135,15:30:00,,137.428,0.208,0.953,0.22,1250,11.4,103.68,May 1250 Calls,,,102.1
RUT 17F1250,-1,,,,111.2,0.221,C,77.545,0.224,O,109.65,,0,0.09,,416,-0.001,0.212,170616,,170327,205.987,0.111,-27.12,15:30:00,,189.1,0.204,0.912,0.213,1250,17.25,109.71,Jun 1250 Calls,,,108.1
RUT 17I1250,-1,,,,129.3,0.213,C,71.607,0.18,O,126.6,,0,0.111,,22,-0.003,0.204,170915,,170327,390.573,0.111,-20.836,15:30:00,,310.625,0.196,0.823,0.206,1250,34.2,127.03,Sep 1250 Calls,,,123.9
RUT 17L1250,-1,,,,146.3,0.215,C,68.942,0.151,O,142.85,,0,0.13,,1095,0,0.207,171215,,170327,558.377,0.111,-18.18,15:30:00,,398.913,0.198,0.775,0.207,1250,50.45,142.81,Dec 1250 Calls,,,139.4
RUT 17P1250,4.41,0.78,5.58,4.39,4.5,0.229,P,-10.931,0.236,O,4.11,5.2,0,0.022,3.63,2688,-0.042,0.223,170421,,170327,-10.319,0.111,-28.296,15:30:00,,65.895,0.217,0.007,0.226,1250,4.11,4.29,Apr 1250 Puts,,154,3.7
RUT 17Q1250,12.11,2.68,12.11,12.1,11.4,0.215,P,-17.975,0.242,O,11.01,12.1,0,0.035,9.43,2126,0.003,0.212,170519,,170327,-36.499,0.111,-26.245,15:30:00,,134.073,0.209,0.047,0.212,1250,11.01,10.98,May 1250 Puts,,100,10.5
RUT 17R1250,-1,,,,18.7,0.215,P,-22.301,0.224,O,18.05,,0,0.046,,2434,0.006,0.211,170616,,170327,-70.087,0.111,-23.809,15:30:00,,188.366,0.208,0.088,0.211,1250,18.05,17.94,Jun 1250 Puts,,,17.4
RUT 17U1250,39.04,4.94,39.04,39.04,40.4,0.22,P,-28.913,0.175,O,38.57,39.04,0,0.076,34.1,832,0.007,0.214,170915,,170327,-199.389,0.111,-18.329,15:30:00,,313.288,0.208,0.177,0.213,1250,38.57,38.29,Sep 1250 Puts,,1,36.7
RUT 17X1250,-1,,,,57.9,0.223,P,-31.596,0.145,O,56.3,,0,0.1,,1309,0.015,0.219,171215,,170327,-341.947,0.111,-15.217,15:30:00,,401.851,0.215,0.225,0.217,1250,56.3,55.46,Dec 1250 Puts,,,54.7
RUT 17D1260,-1,,,,89.8,0.252,C,85.73,0.276,O,88.1,,0,0.067,,27,-0.001,0.231,170421,,170327,72.681,0.111,-38.943,15:30:00,,79.306,0.208,0.985,0.232,1260,5.7,88.17,Apr 1260 Calls,,,86.4
RUT 17E1260,-1,,,,97,0.227,C,79.146,0.262,O,95.3,,0,0.077,,65,0.002,0.215,170519,,170327,140.138,0.111,-32.283,15:30:00,,146.718,0.204,0.932,0.214,1260,12.9,95.14,May 1260 Calls,,,93.6
RUT 17F1260,-1,,,,102.8,0.214,C,75.449,0.239,O,101.4,,0,0.085,,4,-0.002,0.207,170616,,170327,201.572,0.111,-27.743,15:30:00,,198.62,0.2,0.885,0.208,1260,19,101.59,Jun 1260 Calls,,,100
RUT 17I1260,-1,,,,122.4,0.212,C,69.828,0.187,O,119.8,,0,0.107,,4,0.001,0.204,170915,,170327,382.868,0.111,-21.303,15:30:00,,319.477,0.195,0.795,0.203,1260,37.4,119.69,Sep 1260 Calls,,,117.2
RUT 17L1260,-1,,,,140.8,0.216,C,67.421,0.156,O,136.6,,0,0.126,,,0.006,0.206,171215,,170327,548.84,0.111,-18.461,15:30:00,,407.01,0.196,0.749,0.204,1260,54.2,135.84,Dec 1260 Calls,,,132.4
RUT 17P1260,5.61,1.61,6.58,5.55,5.2,0.22,P,-12.946,0.274,O,4.93,6.58,0,0.022,4,2706,-0.035,0.217,170421,,170327,-12.224,0.111,-31.168,15:30:00,,74.225,0.212,0.015,0.219,1260,4.93,5.11,Apr 1260 Puts,,44,4.6
RUT 17Q1260,12.81,1.35,14.39,12.81,13,0.211,P,-20.208,0.265,O,12.51,14.39,0,0.035,11.46,1717,0.003,0.208,170519,,170327,-41.053,0.111,-27.671,15:30:00,,144.022,0.204,0.068,0.208,1260,12.51,12.47,May 1260 Puts,,103,12
RUT 17R1260,20.84,4.08,20.84,20.67,20.3,0.209,P,-24.442,0.24,O,19.85,20.67,0,0.046,16.76,116,-0.002,0.207,170616,,170327,-76.865,0.111,-24.482,15:30:00,,198.149,0.204,0.115,0.207,1260,19.85,19.88,Jun 1260 Puts,,8,19.3
RUT 17U1260,-1,,,,43,0.217,P,-30.642,0.182,O,41.15,,0,0.076,,20,0.005,0.211,170915,,170327,-211.487,0.111,-18.475,15:30:00,,321.671,0.206,0.205,0.211,1260,41.15,40.93,Sep 1260 Puts,,,39.3
RUT 17X1260,-1,,,,60.9,0.221,P,-33.057,0.149,O,58.95,,0,0.101,,110,0.009,0.216,171215,,170327,-358.069,0.111,-15.201,15:30:00,,409.392,0.211,0.251,0.215,1260,58.95,58.45,Dec 1260 Puts,,,57
RUT 17D1270,75.7,-15.3,75.7,74.4,80.6,0.24,C,83.397,0.317,O,78.89,75.7,0,0.061,91,71,-0.004,0.221,170421,,170327,71.156,0.111,-40.599,15:30:00,,87.63,0.204,0.971,0.224,1270,6.49,79.19,Apr 1270 Calls,,6,77.5
RUT 17E1270,-1,,,,88.2,0.218,C,76.76,0.286,O,86.75,,0,0.071,,162,0,0.209,170519,,170327,136.715,0.111,-33.136,15:30:00,,156.082,0.199,0.903,0.209,1270,14.35,86.78,May 1270 Calls,,,85.3
RUT 17F1270,-1,,,,95.3,0.212,C,73.173,0.256,O,93.75,,0,0.08,,1,0.001,0.205,170616,,170327,196.573,0.111,-28.643,15:30:00,,207.963,0.197,0.853,0.204,1270,21.35,93.69,Jun 1270 Calls,,,92.2
RUT 17I1270,-1,,,,115.3,0.209,C,67.968,0.195,O,112.65,,0,0.103,,,0.001,0.201,170915,,170327,374.565,0.111,-21.512,15:30:00,,327.847,0.193,0.764,0.201,1270,40.25,112.53,Sep 1270 Calls,,,110
RUT 17L1270,-1,,,,132.6,0.211,C,65.851,0.161,O,129.2,,0,0.122,,,0.001,0.203,171215,,170327,538.721,0.111,-18.424,15:30:00,,414.609,0.194,0.722,0.202,1270,56.8,129.03,Dec 1270 Calls,,,125.8
RUT 17P1270,6.25,0.35,7.18,6.25,6.2,0.213,P,-15.36,0.318,O,5.92,7.18,0,0.023,5.9,3570,-0.033,0.21,170421,,170327,-14.507,0.111,-34.012,15:30:00,,83.311,0.206,0.029,0.212,1270,5.92,6.12,Apr 1270 Puts,,222,5.6
RUT 17Q1270,15.56,3.36,16.16,15.56,14.9,0.208,P,-22.7,0.29,O,14.36,16.16,0,0.036,12.2,2629,0.013,0.204,170519,,170327,-46.141,0.111,-29.036,15:30:00,,154.055,0.2,0.097,0.203,1270,14.36,14.18,May 1270 Puts,,2,13.7
RUT 17R1270,23.13,2.01,23.75,23.13,22.8,0.207,P,-26.756,0.256,O,22.2,23.13,0,0.047,21.12,335,0.008,0.205,170616,,170327,-84.206,0.111,-25.338,15:30:00,,207.69,0.201,0.147,0.204,1270,22.2,22.02,Jun 1270 Puts,,2,21.5
RUT 17U1270,-1,,,,46,0.215,P,-32.448,0.189,O,44.2,,0,0.077,,40,0.01,0.21,170915,,170327,-224.144,0.111,-18.741,15:30:00,,329.59,0.204,0.236,0.208,1270,44.2,43.75,Sep 1270 Puts,,,42.4
RUT 17X1270,-1,,,,64.3,0.219,P,-34.562,0.154,O,62.15,,0,0.102,,107,0.009,0.214,171215,,170327,-374.729,0.111,-15.285,15:30:00,,416.472,0.209,0.278,0.213,1270,62.15,61.59,Dec 1270 Puts,,,60
RUT 17D1280,-1,,,,71.9,0.232,C,80.656,0.361,O,70.3,,0,0.056,,87,-0.001,0.215,170421,,170327,69.242,0.111,-43.852,15:30:00,,96.433,0.198,0.949,0.216,1280,7.9,70.4,Apr 1280 Calls,,,68.7
RUT 17E1280,-1,,,,80.6,0.215,C,74.101,0.311,O,79.05,,0,0.067,,84,0.005,0.206,170519,,170327,132.726,0.111,-34.651,15:30:00,,165.397,0.197,0.868,0.204,1280,16.65,78.67,May 1280 Calls,,,77.5
RUT 17F1280,-1,,,,87.9,0.209,C,70.712,0.272,O,86.35,,0,0.076,,5,0.004,0.202,170616,,170327,190.975,0.111,-29.376,15:30:00,,216.95,0.195,0.816,0.201,1280,23.95,86.03,Jun 1280 Calls,,,84.8
RUT 17I1280,-1,,,,108.4,0.207,C,66.028,0.202,O,105.85,,0,0.099,,,0.003,0.199,170915,,170327,365.667,0.111,-21.729,15:30:00,,335.636,0.191,0.731,0.198,1280,43.45,105.57,Sep 1280 Calls,,,103.3
RUT 17L1280,-1,,,,127.3,0.212,C,64.232,0.165,O,123.2,,0,0.118,,,0.007,0.202,171215,,170327,528.027,0.111,-18.609,15:30:00,,421.649,0.192,0.693,0.2,1280,60.8,122.37,Dec 1280 Calls,,,119.1
RUT 17P1280,8.03,2.68,9.2,7.66,7.5,0.207,P,-18.242,0.366,O,7.19,8.03,0,0.023,5.35,4709,-0.023,0.204,170421,,170327,-17.235,0.111,-37.092,15:30:00,,93.027,0.2,0.051,0.206,1280,7.19,7.36,Apr 1280 Puts,,194,6.8
RUT 17Q1280,16.57,3.17,18.9,16.57,16.9,0.204,P,-25.463,0.316,O,16.36,18.14,0,0.036,13.4,2602,0.014,0.201,170519,,170327,-51.794,0.111,-30.298,15:30:00,,163.954,0.197,0.132,0.199,1280,16.36,16.14,May 1280 Puts,,49,15.8
RUT 17R1280,25.46,4.24,25.46,25.46,24.8,0.202,P,-29.248,0.272,O,24.36,25.46,0,0.048,21.22,206,-0.002,0.2,170616,,170327,-92.125,0.111,-25.772,15:30:00,,216.816,0.197,0.184,0.2,1280,24.36,24.41,Jun 1280 Puts,,2,23.8
RUT 17U1280,-1,,,,48.7,0.212,P,-34.328,0.195,O,46.85,,0,0.078,,5,0.002,0.206,170915,,170327,-237.356,0.111,-18.75,15:30:00,,336.958,0.201,0.269,0.206,1280,46.85,46.74,Sep 1280 Puts,,,45
RUT 17X1280,-1,,,,67.7,0.217,P,-36.112,0.158,O,65.9,,0,0.103,,51,0.016,0.213,171215,,170327,-391.92,0.111,-15.385,15:30:00,,423.036,0.209,0.307,0.211,1280,65.9,64.87,Dec 1280 Puts,,,64.1
RUT 17D1290,-1,,,,63.3,0.222,C,77.443,0.411,O,61.95,,0,0.05,,47,0.001,0.209,170421,,170327,66.879,0.111,-46.769,15:30:00,,105.528,0.196,0.914,0.208,1290,9.55,61.86,Apr 1290 Calls,,,60.6
RUT 17E1290,-1,,,,72.3,0.207,C,71.15,0.336,O,71.05,,0,0.062,,11,0.003,0.2,170519,,170327,128.128,0.111,-35.21,15:30:00,,174.431,0.193,0.824,0.199,1290,18.65,70.85,May 1290 Calls,,,69.8
RUT 17F1290,-1,,,,80.2,0.204,C,68.066,0.288,O,78.85,,0,0.072,,27,0.003,0.198,170616,,170327,184.767,0.111,-29.762,15:30:00,,225.378,0.192,0.774,0.197,1290,26.45,78.63,Jun 1290 Calls,,,77.5
RUT 17I1290,-1,,,,101.8,0.204,C,64.01,0.208,O,99.2,,0,0.095,,,0.004,0.197,170915,,170327,356.185,0.111,-21.846,15:30:00,,342.742,0.189,0.697,0.196,1290,46.8,98.8,Sep 1290 Calls,,,96.6
RUT 17L1290,-1,,,,119.1,0.206,C,62.567,0.169,O,115.9,,0,0.114,,,0,0.198,171215,,170327,516.769,0.111,-18.474,15:30:00,,428.068,0.191,0.664,0.198,1290,63.5,115.88,Dec 1290 Calls,,,112.7
RUT 17P1290,9.7,3.25,11.13,9.7,9.5,0.206,P,-21.654,0.419,O,8.99,10.28,0,0.023,6.45,2970,0.011,0.201,170421,,170327,-20.47,0.111,-40.928,15:30:00,,103.106,0.195,0.086,0.2,1290,8.99,8.89,Apr 1290 Puts,,208,8.4
RUT 17Q1290,-1,,,,19.4,0.201,P,-28.51,0.341,O,18.6,,0,0.037,,1887,0.012,0.196,170519,,170327,-58.038,0.111,-31.31,15:30:00,,173.461,0.191,0.176,0.195,1290,18.6,18.38,May 1290 Puts,,,17.8
RUT 17R1290,-1,,,,27.9,0.201,P,-31.918,0.288,O,27.15,,0,0.049,,272,0.004,0.197,170616,,170327,-100.627,0.111,-26.344,15:30:00,,225.332,0.194,0.226,0.197,1290,27.15,27.04,Jun 1290 Puts,,,26.4
RUT 17U1290,-1,,,,51.9,0.209,P,-36.281,0.202,O,50.1,,0,0.079,,8,0.003,0.204,170915,,170327,-251.116,0.111,-18.817,15:30:00,,343.681,0.199,0.303,0.203,1290,50.1,49.93,Sep 1290 Puts,,,48.3
RUT 17X1290,-1,,,,71.2,0.215,P,-37.704,0.161,O,69.4,,0,0.104,,125,0.016,0.211,171215,,170327,-409.634,0.111,-15.374,15:30:00,,429.029,0.207,0.336,0.208,1290,69.4,68.31,Dec 1290 Puts,,,67.6
RUT 17D1300,49.79,-16.01,53.1,49.79,55.3,0.215,C,73.667,0.464,O,53.7,53.1,0,0.045,65.8,278,0.001,0.201,170421,,170327,63.978,0.111,-48.661,15:30:00,,114.675,0.191,0.864,0.201,1300,11.3,53.63,Apr 1300 Calls,,3,52.5
RUT 17E1300,63.2,-12.31,63.2,63.2,64.7,0.202,C,67.9,0.361,O,63.49,63.2,0,0.058,75.51,280,0.002,0.195,170519,,170327,122.904,0.111,-35.926,15:30:00,,182.873,0.189,0.773,0.194,1300,21.09,63.34,May 1300 Calls,,1,62.3
RUT 17F1300,-1,,,,73.4,0.201,C,65.236,0.303,O,71.95,,0,0.067,,387,0.006,0.195,170616,,170327,177.952,0.111,-30.269,15:30:00,,233.028,0.189,0.727,0.193,1300,29.55,71.5,Jun 1300 Calls,,,70.5
RUT 17I1300,-1,,,,95.7,0.204,C,61.918,0.215,O,92.9,,0,0.091,,563,0.007,0.196,170915,,170327,346.135,0.111,-22.014,15:30:00,,349.063,0.188,0.66,0.194,1300,50.5,92.24,Sep 1300 Calls,,,90.1
RUT 17L1300,-1,,,,114.1,0.207,C,60.857,0.173,O,110.05,,0,0.111,,640,0.005,0.197,171215,,170327,504.959,0.111,-18.558,15:30:00,,433.802,0.188,0.633,0.196,1300,67.65,109.55,Dec 1300 Calls,,,106
RUT 17P1300,12.01,3.51,13.65,11.68,11,0.196,P,-25.649,0.474,O,10.71,13.4,0,0.024,8.5,2806,-0.005,0.193,170421,,170327,-24.264,0.111,-43.075,15:30:00,,113.142,0.19,0.136,0.194,1300,10.71,10.76,Apr 1300 Puts,,216,10.3
RUT 17Q1300,22.84,5.11,23.94,22.84,21.6,0.194,P,-31.844,0.366,O,21.09,23.94,0,0.038,17.73,2559,0.008,0.192,170519,,170327,-64.885,0.111,-32.028,15:30:00,,182.267,0.188,0.227,0.191,1300,21.09,20.93,May 1300 Puts,,4,20.4
RUT 17R1300,30.95,5.5,30.95,30.93,30.8,0.197,P,-34.764,0.303,O,30.09,30.93,0,0.05,25.45,8837,0.005,0.194,170616,,170327,-109.712,0.111,-26.704,15:30:00,,233.027,0.19,0.273,0.193,1300,30.09,29.94,Jun 1300 Puts,,12,29.3
RUT 17U1300,53.9,3.36,54.5,53.67,55.7,0.208,P,-38.304,0.208,O,53.85,53.9,0,0.08,50.54,1131,0.01,0.202,170915,,170327,-265.416,0.111,-18.937,15:30:00,,349.67,0.197,0.34,0.201,1300,53.85,53.31,Sep 1300 Puts,,3,52
RUT 17X1300,-1,,,,74.7,0.213,P,-39.337,0.165,O,72.25,,0,0.105,,5418,0.005,0.207,171215,,170327,-427.86,0.111,-15.209,15:30:00,,434.397,0.201,0.367,0.206,1300,72.25,71.92,Dec 1300 Puts,,,69.8
RUT 17D1310,-1,,,,47.5,0.207,C,69.247,0.517,O,46.25,,0,0.041,,208,0.009,0.197,170421,,170327,60.457,0.111,-51.335,15:30:00,,123.44,0.187,0.798,0.194,1310,13.85,45.84,Apr 1310 Calls,,,45
RUT 17E1310,-1,,,,57.5,0.197,C,64.356,0.385,O,56.45,,0,0.054,,66,0.005,0.191,170519,,170327,117.055,0.111,-36.532,15:30:00,,190.371,0.186,0.715,0.19,1310,24.05,56.19,May 1310 Calls,,,55.4
RUT 17F1310,-1,,,,65.8,0.195,C,62.228,0.317,O,64.8,,0,0.064,,64,0.002,0.191,170616,,170327,170.543,0.111,-30.24,15:30:00,,239.664,0.187,0.676,0.19,1310,32.4,64.68,Jun 1310 Calls,,,63.8
RUT 17I1310,-1,,,,89.6,0.202,C,59.755,0.221,O,86.45,,0,0.088,,,0.006,0.193,170915,,170327,335.535,0.111,-21.969,15:30:00,,354.494,0.184,0.623,0.191,1310,54.05,85.9,Sep 1310 Calls,,,83.3
RUT 17L1310,-1,,,,106.7,0.202,C,59.105,0.177,O,103.45,,0,0.107,,,0,0.194,171215,,170327,492.615,0.111,-18.443,15:30:00,,438.792,0.187,0.602,0.194,1310,71.05,103.4,Dec 1310 Calls,,,100.2
RUT 17P1310,13.48,3.28,16.2,13.48,13.8,0.194,P,-30.266,0.529,O,13.21,15.97,0,0.025,10.2,3149,0.012,0.189,170421,,170327,-28.656,0.111,-45.891,15:30:00,,122.575,0.184,0.202,0.188,1310,13.21,13.05,Apr 1310 Puts,,398,12.6
RUT 17Q1310,25.7,5.7,27.3,25.7,24.2,0.189,P,-35.463,0.39,O,23.75,25.7,0,0.039,20,1318,-0.003,0.186,170519,,170327,-72.335,0.111,-32.311,15:30:00,,190.031,0.183,0.285,0.187,1310,23.75,23.82,May 1310 Puts,,3,23.1
RUT 17R1310,34.52,5.67,34.94,34.52,34,0.194,P,-37.779,0.317,O,33.26,34.52,0,0.051,28.85,199,0.004,0.191,170616,,170327,-119.366,0.111,-26.914,15:30:00,,239.678,0.187,0.324,0.19,1310,33.26,33.14,Jun 1310 Puts,,6,32.4
RUT 17U1310,-1,,,,58.7,0.203,P,-40.396,0.213,O,56.25,,0,0.081,,29,-0.011,0.196,170915,,170327,-280.238,0.111,-18.532,15:30:00,,354.829,0.19,0.377,0.198,1310,56.25,56.9,Sep 1310 Puts,,,53.8
RUT 17X1310,-1,,,,78.5,0.211,P,-41.01,0.169,O,76.1,,0,0.106,,25,0.006,0.205,171215,,170327,-446.584,0.111,-15.139,15:30:00,,439.085,0.2,0.398,0.204,1310,76.1,75.68,Dec 1310 Puts,,,73.7
RUT 17D1320,37.08,-12.1,37.56,35.71,39.8,0.197,C,64.172,0.568,O,38.81,35.71,0,0.037,49.18,155,0.007,0.189,170421,,170327,56.299,0.111,-52.112,15:30:00,,131.106,0.183,0.716,0.187,1320,16.41,38.54,Apr 1320 Calls,,106,38
RUT 17E1320,-1,,,,50.6,0.192,C,60.531,0.406,O,49.65,,0,0.05,,273,0.004,0.187,170519,,170327,110.602,0.111,-36.68,15:30:00,,196.539,0.182,0.651,0.186,1320,27.25,49.44,May 1320 Calls,,,48.7
RUT 17F1320,-1,,,,59.5,0.192,C,59.053,0.33,O,58.45,,0,0.06,,51,0.005,0.188,170616,,170327,162.565,0.111,-30.365,15:30:00,,245.047,0.184,0.622,0.187,1320,36.05,58.17,Jun 1320 Calls,,,57.4
RUT 17I1320,-1,,,,83.1,0.198,C,57.526,0.226,O,80.3,,0,0.084,,39,0.006,0.191,170915,,170327,324.413,0.111,-21.917,15:30:00,,358.937,0.183,0.584,0.189,1320,57.9,79.79,Sep 1320 Calls,,,77.5
RUT 17L1320,-1,,,,101.5,0.201,C,57.313,0.18,O,97.85,,0,0.104,,,0.004,0.193,171215,,170327,479.755,0.111,-18.462,15:30:00,,442.976,0.185,0.571,0.192,1320,75.45,97.42,Dec 1320 Calls,,,94.2
RUT 17P1320,16.45,3.68,19.9,16.45,16.6,0.189,P,-35.512,0.581,O,16.07,19.41,0,0.026,12.77,2574,0.016,0.185,170421,,170327,-33.659,0.111,-47.561,15:30:00,,130.701,0.18,0.284,0.183,1320,16.07,15.81,Apr 1320 Puts,,70,15.5
RUT 17Q1320,26.96,4.06,31.5,26.96,27.3,0.184,P,-39.354,0.412,O,26.81,29.99,0,0.04,22.9,3493,-0.01,0.182,170519,,170327,-80.37,0.111,-32.409,15:30:00,,196.383,0.179,0.349,0.183,1320,26.81,27.08,May 1320 Puts,,53,26.3
RUT 17R1320,-1,,,,37.5,0.191,P,-40.955,0.33,O,36.7,,0,0.052,,374,0.002,0.187,170616,,170327,-129.568,0.111,-26.878,15:30:00,,245.059,0.184,0.378,0.187,1320,36.7,36.64,Jun 1320 Puts,,,35.9
RUT 17U1320,-1,,,,62.6,0.201,P,-42.55,0.219,O,59.95,,0,0.083,,27,-0.012,0.194,170915,,170327,-295.565,0.111,-18.432,15:30:00,,359.068,0.186,0.416,0.196,1320,59.95,60.7,Sep 1320 Puts,,,57.3
RUT 17X1320,-1,,,,82.6,0.209,P,-42.719,0.172,O,80.45,,0,0.108,,51,0.01,0.204,171215,,170327,-465.788,0.111,-15.12,15:30:00,,443.04,0.199,0.429,0.202,1320,80.45,79.62,Dec 1320 Puts,,,78.3
RUT 17D1330,30.23,-8.48,30.23,29.08,33.2,0.192,C,58.479,0.611,O,32.3,29.49,0,0.033,38.71,133,0.014,0.185,170421,,170327,51.533,0.111,-53.011,15:30:00,,136.834,0.18,0.622,0.182,1330,19.9,31.84,Apr 1330 Calls,,129,31.6
RUT 17E1330,42.43,-9.02,42.43,40.65,44.2,0.187,C,56.451,0.424,O,43.26,40.65,0,0.046,51.45,191,0.004,0.183,170519,,170327,103.59,0.111,-36.617,15:30:00,,200.99,0.178,0.583,0.182,1330,30.86,43.1,May 1330 Calls,,19,42.4
RUT 17F1330,-1,,,,53.1,0.188,C,55.727,0.341,O,52.2,,0,0.056,,69,0.004,0.185,170616,,170327,154.058,0.111,-30.234,15:30:00,,248.942,0.181,0.566,0.184,1330,39.8,52.01,Jun 1330 Calls,,,51.3
RUT 17I1330,-1,,,,76.5,0.194,C,55.238,0.231,O,74,,0,0.081,,,0.001,0.187,170915,,170327,312.8,0.111,-21.698,15:30:00,,362.297,0.18,0.545,0.187,1330,61.6,73.9,Sep 1330 Calls,,,71.5
RUT 17L1330,-1,,,,94.6,0.197,C,55.484,0.184,O,91.55,,0,0.101,,,-0.001,0.191,171215,,170327,466.417,0.111,-18.279,15:30:00,,446.294,0.184,0.539,0.191,1330,79.15,91.63,Dec 1330 Calls,,,88.5
RUT 17P1330,21.2,5.79,23.45,20.39,19.7,0.181,P,-41.357,0.626,O,19.39,23.45,0,0.027,15.41,2865,0.014,0.179,170421,,170327,-39.25,0.111,-48.177,15:30:00,,136.71,0.176,0.378,0.177,1330,19.39,19.13,Apr 1330 Puts,,90,18.9
RUT 17Q1330,31.33,5.63,33.4,31.33,31.1,0.181,P,-43.495,0.43,O,30.59,33.4,0,0.041,25.7,5489,-0.005,0.178,170519,,170327,-88.953,0.111,-32.459,15:30:00,,200.945,0.175,0.417,0.179,1330,30.59,30.75,May 1330 Puts,,20,30
RUT 17R1330,41.6,6.1,44,41.59,41.2,0.187,P,-44.277,0.34,O,40.46,41.59,0,0.053,35.5,671,0,0.184,170616,,170327,-140.28,0.111,-26.732,15:30:00,,248.946,0.18,0.434,0.184,1330,40.46,40.48,Jun 1330 Puts,,26,39.6
RUT 17U1330,-1,,,,66.7,0.199,P,-44.764,0.223,O,64.85,,0,0.084,,578,0.002,0.194,170915,,170327,-311.306,0.111,-18.532,15:30:00,,362.298,0.189,0.455,0.193,1330,64.85,64.72,Sep 1330 Puts,,,63
RUT 17X1330,-1,,,,86.9,0.207,P,-44.463,0.175,O,83.4,,0,0.109,,310,-0.004,0.2,171215,,170327,-485.435,0.111,-14.777,15:30:00,,446.21,0.192,0.461,0.2,1330,83.4,83.73,Dec 1330 Puts,,,79.9
RUT 17D1340,-1,,,,27,0.185,C,52.271,0.642,O,26.4,,0,0.03,,1418,0.024,0.181,170421,,170327,46.245,0.111,-52.779,15:30:00,,139.769,0.177,0.521,0.177,1340,24,25.79,Apr 1340 Calls,,,25.8
RUT 17E1340,-1,,,,38.2,0.183,C,52.157,0.437,O,37.4,,0,0.043,,232,0.005,0.179,170519,,170327,96.091,0.111,-36.205,15:30:00,,203.353,0.175,0.513,0.178,1340,35,37.22,May 1340 Calls,,,36.6
RUT 17F1340,44.43,-10.65,44.43,43.63,47.3,0.185,C,52.27,0.35,O,46.31,43.63,0,0.053,55.08,557,0.002,0.181,170616,,170327,145.086,0.111,-29.831,15:30:00,,251.124,0.178,0.509,0.181,1340,43.91,46.2,Jun 1340 Calls,,4,45.5
RUT 17I1340,-1,,,,70.7,0.191,C,52.897,0.235,O,68.3,,0,0.078,,,0.001,0.185,170915,,170327,300.765,0.111,-21.466,15:30:00,,364.481,0.178,0.506,0.185,1340,65.9,68.26,Sep 1340 Calls,,,65.9
RUT 17L1340,-1,,,,89.9,0.197,C,53.621,0.186,O,86.35,,0,0.097,,29,0.004,0.189,171215,,170327,452.633,0.111,-18.187,15:30:00,,448.696,0.182,0.507,0.189,1340,83.95,86.02,Dec 1340 Calls,,,82.8
RUT 17P1340,24.44,5.98,27.5,24.44,24.2,0.18,P,-47.718,0.658,O,23.45,27,0,0.029,18.46,2522,0.016,0.175,170421,,170327,-45.362,0.111,-47.817,15:30:00,,139.767,0.169,0.479,0.172,1340,23.45,23.08,Apr 1340 Puts,,45,22.6
RUT 17Q1340,38.9,9.24,38.9,36.44,35.8,0.18,P,-47.851,0.444,O,35.04,37.97,0,0.043,29.66,2523,0.005,0.177,170519,,170327,-98.021,0.111,-32.412,15:30:00,,203.355,0.171,0.487,0.176,1340,35.04,34.86,May 1340 Puts,,6,33.9
RUT 17R1340,46.37,8.27,47.21,46.37,45.5,0.184,P,-47.727,0.349,O,44.78,47.21,0,0.055,38.1,686,0.003,0.181,170616,,170327,-151.445,0.111,-26.463,15:30:00,,251.123,0.178,0.491,0.181,1340,44.78,44.66,Jun 1340 Puts,,3,43.9
RUT 17U1340,-1,,,,71.3,0.198,P,-47.03,0.227,O,69.5,,0,0.086,,128,0.008,0.193,170915,,170327,-327.593,0.111,-18.411,15:30:00,,364.432,0.188,0.494,0.191,1340,69.5,68.97,Sep 1340 Puts,,,67.7
RUT 17X1340,-1,,,,90.7,0.204,P,-46.238,0.177,O,88.35,,0,0.11,,160,0.004,0.199,171215,,170327,-505.507,0.111,-14.692,15:30:00,,448.548,0.194,0.493,0.198,1340,88.35,88.02,Dec 1340 Puts,,,86
RUT 17D1350,19.47,-8.62,19.47,18.48,21.3,0.178,C,45.714,0.656,O,20.93,18.9,0,0.027,28.09,409,0.023,0.176,170421,,170327,40.595,0.111,-50.857,15:30:00,,139.193,0.174,0.42,0.172,1350,20.93,20.45,Apr 1350 Calls,,9,20.7
RUT 17E1350,-1,,,,32.8,0.18,C,47.7,0.446,O,32,,0,0.04,,431,0.006,0.176,170519,,170327,88.219,0.111,-35.416,15:30:00,,203.316,0.172,0.443,0.175,1350,32,31.81,May 1350 Calls,,,31.2
RUT 17F1350,-1,,,,41.9,0.182,C,48.709,0.356,O,41,,0,0.05,,1585,0.006,0.179,170616,,170327,135.73,0.111,-29.379,15:30:00,,251.404,0.175,0.453,0.178,1350,41,40.77,Jun 1350 Calls,,,40.1
RUT 17I1350,-1,,,,65.3,0.189,C,50.51,0.238,O,62.8,,0,0.075,,362,-0.001,0.183,170915,,170327,288.332,0.111,-21.219,15:30:00,,365.419,0.176,0.467,0.183,1350,62.8,62.86,Sep 1350 Calls,,,60.3
RUT 17L1350,-1,,,,83.2,0.193,C,51.728,0.189,O,80.35,,0,0.094,,1278,-0.003,0.186,171215,,170327,438.421,0.111,-17.932,15:30:00,,450.132,0.18,0.476,0.187,1350,80.35,80.59,Dec 1350 Calls,,,77.5
RUT 17P1350,29.64,7.2,32.67,29.54,28.8,0.176,P,-54.456,0.674,O,27.98,32.67,0,0.03,22.44,3755,0.01,0.17,170421,,170327,-51.86,0.111,-45.899,15:30:00,,139.128,0.163,0.58,0.168,1350,20.38,27.7,Apr 1350 Puts,,152,27
RUT 17Q1350,42.35,4.75,43.85,42.13,40.3,0.177,P,-52.378,0.453,O,39.54,42.28,0,0.045,37.6,3044,0.003,0.173,170519,,170327,-107.475,0.111,-31.475,15:30:00,,203.293,0.168,0.557,0.172,1350,31.94,39.42,May 1350 Puts,,33,38.5
RUT 17R1350,-1,,,,50.1,0.182,P,-51.282,0.355,O,49.15,,0,0.057,,2436,-0.001,0.178,170616,,170327,-162.992,0.111,-25.826,15:30:00,,251.406,0.174,0.547,0.178,1350,41.55,49.2,Jun 1350 Puts,,,48.2
RUT 17U1350,-1,,,,75.4,0.194,P,-49.344,0.231,O,73.85,,0,0.087,,1076,0.005,0.19,170915,,170327,-344.22,0.111,-18.068,15:30:00,,365.399,0.186,0.533,0.189,1350,66.25,73.45,Sep 1350 Puts,,,72.3
RUT 17X1350,-1,,,,95.2,0.202,P,-48.042,0.18,O,91.8,,0,0.112,,1563,-0.007,0.195,171215,,170327,-525.985,0.111,-14.32,15:30:00,,450.011,0.187,0.524,0.196,1350,84.2,92.48,Dec 1350 Puts,,,88.4
RUT 17D1360,-1,,,,16.7,0.175,C,39.033,0.649,O,16.25,,0,0.024,,1211,0.024,0.172,170421,,170327,34.775,0.111,-47.904,15:30:00,,134.707,0.168,0.324,0.169,1360,16.25,15.87,Apr 1360 Calls,,,15.8
RUT 17E1360,-1,,,,27.6,0.175,C,43.146,0.448,O,26.9,,0,0.037,,852,0,0.172,170519,,170327,80.073,0.111,-34.037,15:30:00,,200.66,0.168,0.375,0.172,1360,26.9,26.9,May 1360 Calls,,,26.2
RUT 17F1360,34.32,-10.68,34.32,34.32,36.6,0.178,C,45.072,0.359,O,35.78,34.32,0,0.047,45,1052,0.002,0.175,170616,,170327,126.049,0.111,-28.56,15:30:00,,249.628,0.172,0.397,0.175,1360,35.78,35.72,Jun 1360 Calls,,2,35.1
RUT 17I1360,54.5,-11.12,54.5,54.5,60.1,0.187,C,48.088,0.241,O,57.45,54.5,0,0.072,65.62,282,-0.004,0.18,170915,,170327,275.53,0.111,-20.85,15:30:00,,365.038,0.174,0.429,0.181,1360,57.45,57.7,Sep 1360 Calls,,1,55.1
RUT 17L1360,-1,,,,78.4,0.192,C,49.808,0.191,O,75.35,,0,0.091,,228,0,0.185,171215,,170327,423.82,0.111,-17.767,15:30:00,,450.559,0.178,0.445,0.185,1360,75.35,75.36,Dec 1360 Calls,,,72.3
RUT 17P1360,34.15,6.95,39.3,34.15,34.2,0.172,P,-61.373,0.668,O,33.29,38.47,0,0.032,27.2,4121,0.008,0.165,170421,,170327,-58.577,0.111,-42.794,15:30:00,,134.306,0.158,0.676,0.163,1360,15.69,33.04,Apr 1360 Puts,,175,32.3
RUT 17Q1360,44.61,7.39,47.77,44.61,45.6,0.174,P,-57.016,0.455,O,44.55,45.96,0,0.047,37.22,2690,0.002,0.169,170519,,170327,-117.227,0.111,-30.212,15:30:00,,200.517,0.164,0.625,0.169,1360,26.95,44.46,May 1360 Puts,,23,43.5
RUT 17R1360,-1,,,,55,0.179,P,-54.913,0.358,O,54.05,,0,0.058,,1751,-0.001,0.175,170616,,170327,-174.868,0.111,-25.049,15:30:00,,249.639,0.171,0.603,0.175,1360,36.45,54.11,Jun 1360 Puts,,,53.1
RUT 17U1360,-1,,,,80.9,0.194,P,-51.696,0.233,O,79,,0,0.089,,2585,0.011,0.189,170915,,170327,-361.226,0.111,-17.872,15:30:00,,365.127,0.184,0.571,0.187,1360,61.4,78.16,Sep 1360 Puts,,,77.1
RUT 17X1360,97.14,1.44,97.14,97.14,99.8,0.2,P,-49.871,0.182,O,97.24,97.14,0,0.114,95.7,80,0.001,0.194,171215,,170327,-546.833,0.111,-14.21,15:30:00,,450.56,0.189,0.555,0.194,1360,79.64,97.13,Dec 1360 Puts,,1,94.7
RUT 17D1370,10.96,-5.6,10.96,10.96,12.6,0.17,C,32.489,0.62,O,12.24,10.96,0,0.022,16.56,1229,0.017,0.167,170421,,170327,29.028,0.111,-43.549,15:30:00,,126.368,0.165,0.239,0.165,1370,12.24,12.04,Apr 1370 Calls,,6,12
RUT 17E1370,22.13,-4.46,22.13,21.04,23.1,0.172,C,38.57,0.443,O,22.48,21.04,0,0.034,26.59,1207,-0.001,0.169,170519,,170327,71.813,0.111,-32.469,15:30:00,,195.291,0.166,0.312,0.169,1370,22.48,22.5,May 1370 Calls,,21,21.9
RUT 17F1370,-1,,,,32,0.176,C,41.396,0.359,O,31.15,,0,0.044,,3886,0.003,0.173,170616,,170327,116.167,0.111,-27.609,15:30:00,,245.704,0.169,0.345,0.172,1370,31.15,31.06,Jun 1370 Calls,,,30.3
RUT 17I1370,-1,,,,54.9,0.185,C,45.638,0.242,O,52.4,,0,0.069,,214,-0.008,0.178,170915,,170327,262.436,0.111,-20.41,15:30:00,,363.287,0.171,0.392,0.179,1370,52.4,52.81,Sep 1370 Calls,,,49.9
RUT 17L1370,-1,,,,73,0.189,C,47.867,0.192,O,70.15,,0,0.088,,4,-0.003,0.183,171215,,170327,408.84,0.111,-17.48,15:30:00,,449.931,0.177,0.414,0.183,1370,70.15,70.33,Dec 1370 Calls,,,67.3
RUT 17P1370,40.3,8.3,44.78,40.28,40.3,0.168,P,-68.228,0.639,O,39.2,44.78,0,0.035,32,2464,0.002,0.159,170421,,170327,-65.287,0.111,-37.972,15:30:00,,125.21,0.15,0.761,0.159,1370,11.6,39.12,Apr 1370 Puts,,15,38
RUT 17Q1370,54.52,11.42,55.13,54.52,51.2,0.172,P,-61.696,0.451,O,50.31,55.13,0,0.049,43.1,2542,0.006,0.167,170519,,170327,-127.132,0.111,-28.739,15:30:00,,194.895,0.161,0.688,0.166,1370,22.71,49.99,May 1370 Puts,,2,49
RUT 17R1370,-1,,,,60.3,0.176,P,-58.59,0.358,O,59.25,,0,0.06,,2058,-0.003,0.172,170616,,170327,-186.96,0.111,-23.973,15:30:00,,245.722,0.167,0.655,0.172,1370,31.65,59.4,Jun 1370 Puts,,,58.2
RUT 17U1370,-1,,,,84.5,0.188,P,-54.081,0.235,O,82.1,,0,0.091,,1012,-0.012,0.181,170915,,170327,-378.55,0.111,-16.849,15:30:00,,363.558,0.175,0.608,0.184,1370,54.5,83.12,Sep 1370 Puts,,,79.7
RUT 17X1370,-1,,,,104.9,0.199,P,-51.722,0.183,O,102.2,,0,0.115,,10,0.002,0.193,171215,,170327,-568.045,0.111,-13.982,15:30:00,,450.153,0.187,0.586,0.193,1370,74.6,101.97,Dec 1370 Puts,,,99.5
RUT 17D1380,8.58,-5.4,8.58,7.2,9.3,0.166,C,26.338,0.572,O,8.84,7.2,0,0.02,13.98,3305,-0.01,0.162,170421,,170327,23.592,0.111,-37.964,15:30:00,,114.732,0.158,0.169,0.163,1380,8.84,8.93,Apr 1380 Calls,,23,8.4
RUT 17E1380,-1,,,,19.1,0.169,C,34.051,0.432,O,18.55,,0,0.032,,1811,-0.003,0.166,170519,,170327,63.593,0.111,-30.547,15:30:00,,187.26,0.163,0.254,0.166,1380,18.55,18.6,May 1380 Calls,,,18
RUT 17F1380,-1,,,,27.7,0.174,C,37.718,0.355,O,26.9,,0,0.042,,4393,0.004,0.17,170616,,170327,106.192,0.111,-26.458,15:30:00,,239.601,0.167,0.295,0.17,1380,26.9,26.8,Jun 1380 Calls,,,26.1
RUT 17I1380,-1,,,,50.4,0.183,C,43.171,0.243,O,47.95,,0,0.066,,73,-0.004,0.176,170915,,170327,249.118,0.111,-20.013,15:30:00,,360.131,0.169,0.355,0.177,1380,47.95,48.16,Sep 1380 Calls,,,45.5
RUT 17L1380,-1,,,,67.6,0.186,C,45.908,0.194,O,65.05,,0,0.086,,30,-0.007,0.18,171215,,170327,393.554,0.111,-17.154,15:30:00,,448.22,0.175,0.384,0.181,1380,65.05,65.49,Dec 1380 Calls,,,62.5
RUT 17P1380,47,9.11,52.9,47,47,0.164,P,-74.758,0.588,O,45.76,52.9,0,0.038,37.89,4059,-0.004,0.153,170421,,170327,-71.75,0.111,-31.917,15:30:00,,112.253,0.141,0.831,0.155,1380,8.16,45.93,Apr 1380 Puts,,101,44.4
RUT 17Q1380,61.61,13.73,61.61,60.6,57.2,0.169,P,-66.344,0.44,O,56.17,60.6,0,0.051,47.88,3409,0.003,0.164,170519,,170327,-137.045,0.111,-26.572,15:30:00,,186.427,0.155,0.746,0.163,1380,18.57,56.02,May 1380 Puts,,3,54.6
RUT 17R1380,-1,,,,66,0.174,P,-62.278,0.355,O,64.95,,0,0.063,,5780,-0.002,0.169,170616,,170327,-199.167,0.111,-22.765,15:30:00,,239.609,0.165,0.705,0.17,1380,27.35,65.08,Jun 1380 Puts,,,63.9
RUT 17U1380,-1,,,,90.4,0.188,P,-56.488,0.236,O,87.7,,0,0.093,,623,-0.007,0.181,170915,,170327,-396.129,0.111,-16.516,15:30:00,,360.651,0.173,0.645,0.182,1380,50.1,88.33,Sep 1380 Puts,,,85
RUT 17X1380,-1,,,,110.3,0.198,P,-53.59,0.184,O,106.75,,0,0.117,,35,-0.002,0.19,171215,,170327,-589.56,0.111,-13.587,15:30:00,,448.762,0.182,0.616,0.191,1380,69.15,106.99,Dec 1380 Puts,,,103.2
RUT 17D1390,6.42,-2.66,6.42,5.4,6.7,0.163,C,20.798,0.508,O,6.26,5.4,0,0.018,9.08,1786,-0.035,0.158,170421,,170327,18.671,0.111,-32.157,15:30:00,,100.778,0.154,0.114,0.161,1390,6.26,6.49,Apr 1390 Calls,,43,5.8
RUT 17E1390,15.09,-5.44,15.09,13.48,15.7,0.167,C,29.672,0.414,O,15.34,15.09,0,0.03,20.53,433,0.01,0.165,170519,,170327,55.57,0.111,-28.546,15:30:00,,176.775,0.163,0.202,0.164,1390,15.34,15.19,May 1390 Calls,,10,15
RUT 17F1390,-1,,,,23.7,0.171,C,34.079,0.348,O,22.9,,0,0.039,,1151,-0.001,0.167,170616,,170327,96.241,0.111,-25.031,15:30:00,,231.362,0.164,0.249,0.167,1390,22.9,22.93,Jun 1390 Calls,,,22.1
RUT 17I1390,-1,,,,46.1,0.181,C,40.698,0.242,O,43.6,,0,0.064,,118,-0.004,0.174,170915,,170327,235.64,0.111,-19.495,15:30:00,,355.552,0.167,0.321,0.175,1390,43.6,43.78,Sep 1390 Calls,,,41.1
RUT 17L1390,-1,,,,63.4,0.185,C,43.937,0.194,O,60.7,,0,0.083,,31,-0.002,0.179,171215,,170327,378.007,0.111,-16.881,15:30:00,,445.402,0.173,0.356,0.18,1390,60.7,60.85,Dec 1390 Calls,,,58
RUT 17P1390,-1,,,,54.8,0.165,P,-80.71,0.516,O,53.3,,0,0.042,,1968,-0.002,0.15,170421,,170327,-77.73,0.111,-25.888,15:30:00,,96.363,0.133,0.886,0.151,1390,5.7,53.42,Apr 1390 Puts,,,51.8
RUT 17Q1390,62.7,8.26,68.02,62.7,63.9,0.167,P,-70.877,0.421,O,62.41,64.76,0,0.054,54.44,929,-0.002,0.159,170519,,170327,-146.809,0.111,-23.717,15:30:00,,175.267,0.15,0.798,0.16,1390,14.81,62.54,May 1390 Puts,,6,60.9
RUT 17R1390,-1,,,,72.1,0.171,P,-65.938,0.348,O,70.85,,0,0.065,,1003,-0.004,0.166,170616,,170327,-211.38,0.111,-21.186,15:30:00,,231.321,0.161,0.751,0.167,1390,23.25,71.15,Jun 1390 Puts,,,69.6
RUT 17U1390,-1,,,,96.4,0.188,P,-58.908,0.236,O,93.5,,0,0.095,,70,-0.003,0.179,170915,,170327,-413.908,0.111,-16.009,15:30:00,,356.376,0.171,0.679,0.18,1390,45.9,93.78,Sep 1390 Puts,,,90.6
RUT 17X1390,-1,,,,115.5,0.196,P,-55.471,0.185,O,111.45,,0,0.119,,1,-0.007,0.187,171215,,170327,-611.337,0.111,-13.155,15:30:00,,446.364,0.178,0.644,0.189,1390,63.85,112.21,Dec 1390 Puts,,,107.4
RUT 17D1400,4.12,-2.49,4.22,3.81,4.7,0.16,C,16.017,0.436,O,4.39,3.81,0,0.017,6.61,3510,-0.05,0.157,170421,,170327,14.407,0.111,-26.773,15:30:00,,85.717,0.153,0.073,0.159,1400,4.39,4.62,Apr 1400 Calls,,56,4.1
RUT 17E1400,12.09,-3.28,12.09,10.81,12.6,0.164,C,25.509,0.389,O,12.15,11.16,0,0.028,15.37,553,-0.009,0.161,170519,,170327,47.896,0.111,-25.745,15:30:00,,164.189,0.158,0.158,0.162,1400,12.15,12.26,May 1400 Calls,,140,11.7
RUT 17F1400,19.6,-4.7,19.6,19.6,19.9,0.167,C,30.518,0.337,O,19.5,19.6,0,0.037,24.3,2042,0.003,0.165,170616,,170327,86.437,0.111,-23.524,15:30:00,,221.107,0.163,0.208,0.165,1400,19.5,19.45,Jun 1400 Calls,,1,19.1
RUT 17I1400,-1,,,,41.9,0.18,C,38.231,0.241,O,39.45,,0,0.061,,604,-0.005,0.173,170915,,170327,222.073,0.111,-18.913,15:30:00,,349.552,0.166,0.288,0.173,1400,39.45,39.65,Sep 1400 Calls,,,37
RUT 17L1400,54.3,-3.2,54.3,54.1,58.4,0.183,C,41.958,0.194,O,55.92,54.3,0,0.08,57.5,1682,-0.009,0.177,171215,,170327,362.246,0.111,-16.483,15:30:00,,441.461,0.172,0.328,0.178,1400,55.92,56.41,Dec 1400 Calls,,2,53.6
RUT 17P1400,-1,,,,62.9,0.164,P,-85.882,0.432,O,61.25,,0,0.046,,2129,-0.005,0.144,170421,,170327,-83.037,0.111,-19.016,15:30:00,,78.869,0.12,0.927,0.148,1400,3.65,61.54,Apr 1400 Puts,,,59.6
RUT 17Q1400,-1,,,,70.7,0.164,P,-75.216,0.396,O,69.35,,0,0.057,,888,-0.003,0.156,170519,,170327,-156.265,0.111,-21.026,15:30:00,,161.73,0.147,0.842,0.157,1400,11.75,69.54,May 1400 Puts,,,68
RUT 17R1400,-1,,,,78.7,0.169,P,-69.531,0.338,O,77.4,,0,0.068,,1455,-0.003,0.163,170616,,170327,-223.481,0.111,-19.69,15:30:00,,220.953,0.157,0.792,0.164,1400,19.8,77.6,Jun 1400 Puts,,,76.1
RUT 17U1400,-1,,,,102.1,0.185,P,-61.332,0.235,O,99.2,,0,0.097,,692,-0.003,0.177,170915,,170327,-431.827,0.111,-15.382,15:30:00,,350.72,0.169,0.712,0.178,1400,41.6,99.49,Sep 1400 Puts,,,96.3
RUT 17X1400,-1,,,,120.5,0.194,P,-57.361,0.186,O,116.8,,0,0.121,,1300,-0.007,0.185,171215,,170327,-633.337,0.111,-12.732,15:30:00,,442.942,0.177,0.672,0.187,1400,59.2,117.61,Dec 1400 Puts,,,113.1
RUT 17D1410,2.79,-2.58,2.8,2.57,3.3,0.159,C,12.058,0.362,O,2.99,2.58,0,0.015,5.37,1284,-0.077,0.155,170421,,170327,10.863,0.111,-21.324,15:30:00,,70.752,0.15,0.045,0.158,1410,2.99,3.24,Apr 1410 Calls,,47,2.7
RUT 17E1410,9.01,-3.59,9.01,8.49,10.2,0.163,C,21.628,0.36,O,9.67,8.99,0,0.026,12.6,636,-0.01,0.159,170519,,170327,40.705,0.111,-23.129,15:30:00,,149.982,0.156,0.121,0.16,1410,9.67,9.77,May 1410 Calls,,109,9.2
RUT 17F1410,-1,,,,16.8,0.165,C,27.076,0.323,O,16.15,,0,0.035,,109,-0.013,0.162,170616,,170327,76.898,0.111,-21.692,15:30:00,,209.032,0.159,0.171,0.163,1410,16.15,16.36,Jun 1410 Calls,,,15.5
RUT 17I1410,-1,,,,37.7,0.177,C,35.779,0.238,O,35.6,,0,0.059,,190,-0.005,0.171,170915,,170327,208.487,0.111,-18.272,15:30:00,,342.152,0.165,0.257,0.171,1410,35.6,35.78,Sep 1410 Calls,,,33.5
RUT 17L1410,-1,,,,54.8,0.182,C,39.977,0.194,O,52.1,,0,0.078,,267,-0.001,0.176,171215,,170327,346.318,0.111,-16.188,15:30:00,,436.388,0.17,0.301,0.176,1410,52.1,52.17,Dec 1410 Calls,,,49.4
RUT 17P1410,71.05,14.79,75.04,71.05,71.6,0.165,P,-90.169,0.343,O,69.86,75.04,0,0.051,56.26,1325,-0.004,0.139,170421,,170327,-87.567,0.111,-12.686,15:30:00,,61.185,0.086,0.955,0.144,1410,2.26,70.17,Apr 1410 Puts,,74,68
RUT 17Q1410,-1,,,,78.6,0.164,P,-79.284,0.364,O,77.1,,0,0.061,,872,0.001,0.154,170519,,170327,-165.263,0.111,-18.519,15:30:00,,146.282,0.144,0.879,0.154,1410,9.5,77,May 1410 Puts,,,75.6
RUT 17R1410,-1,,,,85.6,0.167,P,-73.017,0.324,O,84,,0,0.071,,66,-0.005,0.16,170616,,170327,-235.354,0.111,-17.77,15:30:00,,208.675,0.152,0.829,0.162,1410,16.4,84.43,Jun 1410 Puts,,,82.4
RUT 17U1410,-1,,,,107.6,0.182,P,-63.748,0.233,O,104.55,,0,0.099,,13,-0.008,0.173,170915,,170327,-449.819,0.111,-14.514,15:30:00,,343.689,0.164,0.743,0.176,1410,36.95,105.44,Sep 1410 Puts,,,101.5
RUT 17X1410,-1,,,,126.3,0.192,P,-59.256,0.185,O,122.35,,0,0.123,,4,-0.007,0.183,171215,,170327,-655.515,0.111,-12.32,15:30:00,,438.485,0.174,0.699,0.185,1410,54.75,123.21,Dec 1410 Puts,,,118.4
RUT 17D1420,1.89,-1.17,2.02,1.5,2.15,0.156,C,8.904,0.291,O,1.95,1.5,0,0.014,3.06,2418,-0.129,0.152,170421,,170327,8.033,0.111,-16.139,15:30:00,,56.866,0.149,0.026,0.158,1420,1.95,2.24,Apr 1420 Calls,,74,1.75
RUT 17E1420,6.96,-2.85,6.96,6.96,7.9,0.159,C,18.084,0.327,O,7.43,6.96,0,0.024,9.81,362,-0.034,0.156,170519,,170327,34.108,0.111,-20.082,15:30:00,,134.715,0.153,0.09,0.158,1420,7.43,7.69,May 1420 Calls,,1,7
RUT 17F1420,-1,,,,14,0.163,C,23.79,0.306,O,13.5,,0,0.033,,377,-0.01,0.16,170616,,170327,67.74,0.111,-20.034,15:30:00,,195.405,0.157,0.139,0.161,1420,13.5,13.63,Jun 1420 Calls,,,13
RUT 17I1420,-1,,,,34,0.175,C,33.357,0.234,O,31.9,,0,0.057,,64,-0.008,0.169,170915,,170327,194.956,0.111,-17.513,15:30:00,,333.395,0.163,0.228,0.17,1420,31.9,32.16,Sep 1420 Calls,,,29.8
RUT 17L1420,-1,,,,50.6,0.18,C,37.999,0.193,O,48.1,,0,0.075,,5,-0.001,0.175,171215,,170327,330.278,0.111,-15.769,15:30:00,,430.187,0.169,0.275,0.175,1420,48.1,48.13,Dec 1420 Calls,,,45.6
RUT 17P1420,-1,,,,80.5,0.165,P,-93.532,0.256,O,78.55,,0,0.057,,418,-0.009,0.123,170421,,170327,-91.278,0.111,-4.101,15:30:00,,44.697,,0.974,0.141,1420,0.95,79.23,Apr 1420 Puts,,,76.6
RUT 17Q1420,90.42,18.66,90.42,90.42,86.4,0.163,P,-83.015,0.328,O,85.02,90.42,0,0.065,71.76,280,0.002,0.152,170519,,170327,-173.67,0.111,-15.7,15:30:00,,129.513,0.137,0.91,0.151,1420,7.42,84.89,May 1420 Puts,,1,83.1
RUT 17R1420,-1,,,,92.9,0.166,P,-76.36,0.307,O,91.45,,0,0.074,,374,-0.002,0.159,170616,,170327,-246.881,0.111,-16.114,15:30:00,,194.734,0.151,0.861,0.16,1420,13.85,91.63,Jun 1420 Puts,,,90
RUT 17U1420,-1,,,,114,0.181,P,-66.146,0.23,O,111.9,,0,0.102,,6,0.002,0.175,170915,,170327,-467.817,0.111,-14.194,15:30:00,,335.308,0.168,0.772,0.174,1420,34.3,111.65,Sep 1420 Puts,,,109.8
RUT 17X1420,-1,,,,131.9,0.19,P,-61.149,0.185,O,129.05,,0,0.125,,10,0,0.184,171215,,170327,-677.828,0.111,-12.067,15:30:00,,432.992,0.177,0.725,0.184,1420,51.45,129,Dec 1420 Puts,,,126.2
RUT 17D1430,1.29,-1.11,1.36,1.18,1.55,0.158,C,6.477,0.228,O,1.32,1.34,0,0.013,2.4,2015,-0.143,0.153,170421,,170327,5.85,0.111,-12.513,15:30:00,,44.704,0.147,0.014,0.158,1430,1.32,1.54,Apr 1430 Calls,,89,1.1
RUT 17E1430,5.38,-2.25,5.38,5.23,6.1,0.157,C,14.911,0.291,O,5.73,5.23,0,0.023,7.63,626,-0.043,0.154,170519,,170327,28.179,0.111,-17.427,15:30:00,,118.981,0.151,0.066,0.156,1430,5.73,5.99,May 1430 Calls,,3,5.4
RUT 17F1430,11.03,-3.45,11.03,10.35,11.6,0.161,C,20.693,0.286,O,11.1,11.03,0,0.031,14.48,160,-0.013,0.158,170616,,170327,59.064,0.111,-18.118,15:30:00,,180.55,0.155,0.111,0.159,1430,11.1,11.25,Jun 1430 Calls,,58,10.6
RUT 17I1430,-1,,,,30.6,0.173,C,30.974,0.229,O,28.6,,0,0.055,,41,-0.007,0.167,170915,,170327,181.554,0.111,-16.829,15:30:00,,323.347,0.161,0.201,0.168,1430,28.6,28.8,Sep 1430 Calls,,,26.6
RUT 17L1430,-1,,,,46.7,0.178,C,36.031,0.192,O,44.3,,0,0.073,,4,0,0.173,171215,,170327,314.178,0.111,-15.318,15:30:00,,422.868,0.167,0.251,0.173,1430,44.3,44.29,Dec 1430 Calls,,,41.9
RUT 17P1430,96.45,25.6,96.45,90.54,90.3,0.176,P,-96.009,0.179,O,88.74,96.45,0,0.064,70.85,464,0.001,0.141,170421,,170327,-94.198,0.111,-5.866,15:30:00,,30.528,,0.986,0.137,1430,1.14,88.62,Apr 1430 Puts,,15,86.4
RUT 17Q1430,-1,,,,94.6,0.161,P,-86.365,0.288,O,92.85,,0,0.07,,501,-0.003,0.145,170519,,170327,-181.392,0.111,-11.793,15:30:00,,112.062,0.128,0.934,0.148,1430,5.25,93.16,May 1430 Puts,,,91.1
RUT 17R1430,-1,,,,100.4,0.164,P,-79.523,0.287,O,98.85,,0,0.078,,158,-0.003,0.155,170616,,170327,-257.956,0.111,-13.995,15:30:00,,179.44,0.146,0.889,0.157,1430,11.25,99.18,Jun 1430 Puts,,,97.3
RUT 17U1430,-1,,,,120.7,0.18,P,-68.515,0.226,O,117.3,,0,0.104,,204,-0.007,0.169,170915,,170327,-485.752,0.111,-12.961,15:30:00,,325.62,0.159,0.799,0.172,1430,29.7,118.1,Sep 1430 Puts,,,113.9
RUT 17X1430,-1,,,,138,0.189,P,-63.038,0.184,O,134.15,,0,0.128,,,-0.006,0.18,171215,,170327,-700.228,0.111,-11.401,15:30:00,,426.469,0.171,0.749,0.182,1430,46.55,134.99,Dec 1430 Puts,,,130.3
RUT 17D1440,0.87,-0.7,0.95,0.83,1.05,0.158,C,4.653,0.175,O,0.85,0.91,0,0.013,1.57,2270,-0.19,0.152,170421,,170327,4.207,0.111,-9.055,15:30:00,,34.479,0.145,0.008,0.158,1440,0.85,1.05,Apr 1440 Calls,,30,0.65
RUT 17E1440,4.45,-2.8,4.45,4.15,4.8,0.157,C,12.128,0.255,O,4.45,4.15,0,0.022,7.25,1546,-0.035,0.153,170519,,170327,22.961,0.111,-15.002,15:30:00,,103.355,0.15,0.048,0.155,1440,4.45,4.61,May 1440 Calls,,61,4.1
RUT 17F1440,8.98,-2.52,8.98,8.4,9.5,0.159,C,17.812,0.264,O,8.95,8.98,0,0.03,11.5,121,-0.027,0.155,170616,,170327,50.959,0.111,-16.172,15:30:00,,164.836,0.152,0.088,0.157,1440,8.95,9.2,Jun 1440 Calls,,71,8.4
RUT 17I1440,-1,,,,27.4,0.172,C,28.642,0.224,O,25.45,,0,0.052,,45,-0.009,0.165,170915,,170327,168.356,0.111,-15.974,15:30:00,,312.092,0.159,0.176,0.166,1440,25.45,25.69,Sep 1440 Calls,,,23.5
RUT 17L1440,-1,,,,43,0.177,C,34.078,0.189,O,40.65,,0,0.07,,11,0,0.171,171215,,170327,298.075,0.111,-14.838,15:30:00,,414.455,0.166,0.228,0.171,1440,40.65,40.65,Dec 1440 Calls,,,38.3
RUT 17P1440,-1,,,,100,0.185,P,-97.711,0.116,O,97.95,,0,0.071,,350,-0.003,0.112,170421,,170327,-96.422,0.111,1.637,15:30:00,,19.336,,0.992,0.134,1440,0.35,98.24,Apr 1440 Puts,,,95.9
RUT 17Q1440,-1,,,,103.4,0.162,P,-89.308,0.247,O,101.4,,0,0.075,,206,-0.004,0.142,170519,,170327,-188.371,0.111,-8.754,15:30:00,,94.564,0.115,0.952,0.146,1440,3.8,101.77,May 1440 Puts,,,99.4
RUT 17R1440,-1,,,,108.4,0.163,P,-82.476,0.264,O,106.55,,0,0.082,,4,-0.005,0.152,170616,,170327,-268.48,0.111,-11.838,15:30:00,,163.158,0.139,0.912,0.155,1440,8.95,107.07,Jun 1440 Puts,,,104.7
RUT 17U1440,-1,,,,128.4,0.181,P,-70.844,0.22,O,124.9,,0,0.107,,136,0.001,0.17,170915,,170327,-503.552,0.111,-12.501,15:30:00,,314.691,0.159,0.824,0.17,1440,27.3,124.8,Sep 1440 Puts,,,121.4
RUT 17X1440,-1,,,,144.3,0.188,P,-64.915,0.182,O,140.75,,0,0.13,,1,-0.003,0.179,171215,,170327,-722.666,0.111,-10.997,15:30:00,,418.93,0.171,0.772,0.18,1440,43.15,141.16,Dec 1440 Puts,,,137.2
RUT 17D1450,0.64,-0.39,0.65,0.56,0.85,0.164,C,3.283,0.132,O,0.67,0.56,0,0.012,1.03,2670,-0.056,0.157,170421,,170327,2.971,0.111,-7.718,15:30:00,,26.008,0.15,0.004,0.159,1450,0.67,0.71,Apr 1450 Calls,,41,0.5
RUT 17E1450,3.44,-1.36,3.44,3.2,3.9,0.158,C,9.735,0.22,O,3.45,3.25,0,0.02,4.8,608,-0.017,0.153,170519,,170327,18.461,0.111,-12.861,15:30:00,,88.343,0.147,0.033,0.153,1450,3.45,3.51,May 1450 Calls,,76,3
RUT 17F1450,-1,,,,8,0.158,C,15.17,0.241,O,7.4,,0,0.028,,1821,-0.005,0.154,170616,,170327,43.492,0.111,-14.54,15:30:00,,148.653,0.15,0.069,0.155,1450,7.4,7.44,Jun 1450 Calls,,,6.8
RUT 17I1450,-1,,,,24.7,0.171,C,26.372,0.217,O,22.3,,0,0.05,,210,-0.022,0.163,170915,,170327,155.432,0.111,-15.08,15:30:00,,299.736,0.155,0.154,0.165,1450,22.3,22.81,Sep 1450 Calls,,,19.9
RUT 17L1450,-1,,,,38.7,0.173,C,32.145,0.187,O,36.8,,0,0.068,,382,-0.011,0.169,171215,,170327,282.026,0.111,-14.228,15:30:00,,404.98,0.164,0.206,0.17,1450,36.8,37.21,Dec 1450 Calls,,,34.9
RUT 17P1450,-1,,,,109.3,,P,-98.791,0.069,O,107.2,,0,0.079,,74,-0.008,,170421,,170327,-98.085,0.111,0.63,15:30:00,,11.254,,0.996,0.13,1450,-0.4,108.03,Apr 1450 Puts,,,105.1
RUT 17Q1450,-1,,,,112.7,0.166,P,-91.827,0.207,O,110.7,,0,0.08,,42,0,0.143,170519,,170327,-194.57,0.111,-7.064,15:30:00,,77.666,0.109,0.967,0.143,1450,3.1,110.69,May 1450 Puts,,,108.7
RUT 17R1450,-1,,,,116.8,0.163,P,-85.197,0.24,O,114.8,,0,0.087,,98,-0.004,0.15,170616,,170327,-278.385,0.111,-9.89,15:30:00,,146.267,0.135,0.931,0.153,1450,7.2,115.25,Jun 1450 Puts,,,112.8
RUT 17U1450,-1,,,,134.6,0.178,P,-73.122,0.214,O,131.15,,0,0.11,,295,-0.004,0.166,170915,,170327,-521.147,0.111,-11.29,15:30:00,,302.606,0.155,0.846,0.168,1450,23.55,131.74,Sep 1450 Puts,,,127.7
RUT 17X1450,-1,,,,150.8,0.186,P,-66.777,0.18,O,146.95,,0,0.133,,29,-0.004,0.177,171215,,170327,-745.092,0.111,-10.417,15:30:00,,410.398,0.167,0.794,0.178,1450,39.35,147.53,Dec 1450 Puts,,,143.1
RUT 17D1460,0.55,-0.23,0.64,0.51,0.8,0.174,C,2.276,0.097,O,0.53,0.53,0,0.012,0.78,2707,0.128,0.162,170421,,170327,2.062,0.111,-6.503,15:30:00,,19.199,0.145,0.002,0.159,1460,0.53,0.47,Apr 1460 Calls,,168,0.25
RUT 17E1460,2.48,-1.05,2.72,2.34,3.2,0.159,C,7.717,0.186,O,2.78,2.48,0,0.019,3.53,727,0.053,0.154,170519,,170327,14.656,0.111,-11.25,15:30:00,,74.354,0.149,0.023,0.152,1460,2.78,2.64,May 1460 Calls,,4,2.4
RUT 17F1460,5.8,-2.68,5.8,5.5,6.6,0.158,C,12.779,0.217,O,5.99,5.8,0,0.027,8.48,94,0.003,0.153,170616,,170327,36.711,0.111,-12.856,15:30:00,,132.391,0.149,0.053,0.153,1460,5.99,5.97,Jun 1460 Calls,,20,5.4
RUT 17I1460,-1,,,,22.1,0.169,C,24.175,0.209,O,19.7,,0,0.049,,34,-0.023,0.161,170915,,170327,142.852,0.111,-14.221,15:30:00,,286.402,0.153,0.133,0.163,1460,19.7,20.17,Sep 1460 Calls,,,17.3
RUT 17L1460,-1,,,,36.2,0.174,C,30.239,0.184,O,34,,0,0.066,,,0.001,0.168,171215,,170327,266.087,0.111,-13.798,15:30:00,,394.487,0.163,0.186,0.168,1460,34,33.97,Dec 1460 Calls,,,31.8
RUT 17P1460,121.94,18.86,121.94,121.94,119.5,,P,-99.418,0.037,O,117.62,121.94,0,0.086,103.08,17,-0.003,,170421,,170327,-99.339,0.111,2.031,15:30:00,,5.955,,0.998,0.127,1460,0.02,117.92,Apr 1460 Puts,,2,115.3
RUT 17Q1460,-1,,,,121.9,0.168,P,-93.925,0.168,O,119.8,,0,0.086,,7,-0.001,0.141,170519,,170327,-199.987,0.111,-4.693,15:30:00,,61.947,,0.977,0.141,1460,2.2,119.86,May 1460 Puts,,,117.7
RUT 17R1460,-1,,,,125.6,0.164,P,-87.671,0.215,O,123.8,,0,0.091,,,0.001,0.151,170616,,170327,-287.62,0.111,-8.68,15:30:00,,129.147,0.136,0.947,0.15,1460,6.2,123.72,Jun 1460 Puts,,,122
RUT 17U1460,-1,,,,141.8,0.176,P,-75.338,0.207,O,138.2,,0,0.114,,,-0.005,0.164,170915,,170327,-538.467,0.111,-10.302,15:30:00,,289.47,0.151,0.867,0.166,1460,20.6,138.92,Sep 1460 Puts,,,134.6
RUT 17X1460,-1,,,,157.4,0.185,P,-68.618,0.178,O,153.35,,0,0.135,,,-0.005,0.175,171215,,170327,-767.457,0.111,-9.81,15:30:00,,400.908,0.165,0.814,0.177,1460,35.75,154.09,Dec 1460 Puts,,,149.3
RUT 17D1470,0.49,-0.18,0.59,0.25,0.7,0.181,C,1.551,0.07,O,0.48,0.49,0,0.011,0.67,2320,0.548,0.171,170421,,170327,1.406,0.111,-6.14,15:30:00,,13.881,0.155,0.001,0.16,1470,0.48,0.31,Apr 1470 Calls,,221,0.25
RUT 17E1470,-1,,,,2.2,0.155,C,6.046,0.155,O,1.9,,0,0.018,,1185,-0.036,0.151,170519,,170327,11.499,0.111,-8.67,15:30:00,,61.677,0.145,0.015,0.152,1470,1.9,1.97,May 1470 Calls,,,1.6
RUT 17F1470,-1,,,,5.5,0.158,C,10.646,0.192,O,4.9,,0,0.025,,763,0.036,0.153,170616,,170327,30.642,0.111,-11.443,15:30:00,,116.423,0.147,0.04,0.151,1470,4.9,4.73,Jun 1470 Calls,,,4.3
RUT 17I1470,-1,,,,19.8,0.169,C,22.06,0.201,O,17.25,,0,0.047,,51,-0.029,0.159,170915,,170327,130.678,0.111,-13.273,15:30:00,,272.231,0.15,0.115,0.161,1470,17.25,17.76,Sep 1470 Calls,,,14.7
RUT 17L1470,-1,,,,34.1,0.175,C,28.366,0.18,O,30.65,,0,0.064,,16,-0.009,0.166,171215,,170327,250.316,0.111,-13.19,15:30:00,,383.031,0.157,0.167,0.167,1470,30.65,30.92,Dec 1470 Calls,,,27.2
RUT 17P1470,-1,,,,129.5,,P,-99.748,0.018,O,127.35,,0,0.094,,10,-0.004,,170421,,170327,-100.323,0.111,2.826,15:30:00,,2.832,,0.999,0.123,1470,-0.25,127.86,Apr 1470 Puts,,,125.2
RUT 17Q1470,-1,,,,131.3,0.171,P,-95.619,0.132,O,129.15,,0,0.093,,6,-0.001,0.136,170519,,170327,-204.649,0.111,-2.273,15:30:00,,47.868,,0.985,0.138,1470,1.55,129.24,May 1470 Puts,,,127
RUT 17R1470,-1,,,,135,0.169,P,-89.887,0.189,O,132.85,,0,0.097,,1,0.003,0.152,170616,,170327,-296.143,0.111,-7.423,15:30:00,,112.203,0.131,0.96,0.148,1470,5.25,132.44,Jun 1470 Puts,,,130.7
RUT 17U1470,-1,,,,149.5,0.176,P,-77.482,0.199,O,146.55,,0,0.117,,40,0.002,0.165,170915,,170327,-555.445,0.111,-9.84,15:30:00,,275.407,0.154,0.885,0.164,1470,18.95,146.33,Sep 1470 Puts,,,143.6
RUT 17X1470,-1,,,,164.7,0.185,P,-70.432,0.175,O,160.8,,0,0.138,,,0,0.175,171215,,170327,-789.709,0.111,-9.444,15:30:00,,390.501,0.165,0.833,0.175,1470,33.2,160.83,Dec 1470 Puts,,,156.9
RUT 17D1480,0.39,-0.15,0.4,0.39,0.65,0.19,C,1.039,0.049,O,0.35,0.39,0,0.011,0.54,2177,0.75,,170421,,170327,0.943,0.111,-2.991,15:30:00,,9.839,,0,0.16,1480,0.35,0.2,Apr 1480 Calls,,212,0.05
RUT 17E1480,1.47,-1.22,1.47,1.47,1.7,0.155,C,4.686,0.127,O,1.47,1.47,0,0.018,2.69,1288,0.007,0.151,170519,,170327,8.923,0.111,-7.198,15:30:00,,50.468,0.146,0.01,0.151,1480,1.47,1.46,May 1480 Calls,,2,1.25
RUT 17F1480,-1,,,,4.5,0.157,C,8.77,0.169,O,3.68,,0,0.024,,93,-0.011,0.149,170616,,170327,25.287,0.111,-9.46,15:30:00,,101.079,0.141,0.03,0.15,1480,3.68,3.72,Jun 1480 Calls,,,2.85
RUT 17I1480,-1,,,,17.7,0.168,C,20.036,0.191,O,15.2,,0,0.045,,18,-0.024,0.158,170915,,170327,118.969,0.111,-12.451,15:30:00,,257.373,0.148,0.099,0.16,1480,15.2,15.57,Sep 1480 Calls,,,12.7
RUT 17L1480,-1,,,,31.3,0.174,C,26.53,0.176,O,27.85,,0,0.062,,200,-0.007,0.165,171215,,170327,234.769,0.111,-12.616,15:30:00,,370.675,0.155,0.15,0.165,1480,27.85,28.06,Dec 1480 Calls,,,24.4
RUT 17P1480,-1,,,,139,,P,-99.903,0.008,O,136.8,,0,0.102,,10,-0.007,,170421,,170327,-101.149,0.111,3.232,15:30:00,,1.193,,1,0.12,1480,-0.8,137.83,Apr 1480 Puts,,,134.6
RUT 17Q1480,-1,,,,141.1,0.178,P,-96.944,0.1,O,138.9,,0,0.1,,4,0.001,0.139,170519,,170327,-208.617,0.111,-1.389,15:30:00,,35.742,,0.99,0.136,1480,1.3,138.79,May 1480 Puts,,,136.7
RUT 17R1480,-1,,,,143.4,0.165,P,-91.839,0.164,O,141.25,,0,0.102,,11,-0.001,0.144,170616,,170327,-303.932,0.111,-4.747,15:30:00,,95.819,0.115,0.97,0.146,1480,3.65,141.39,Jun 1480 Puts,,,139.1
RUT 17U1480,-1,,,,157.4,0.175,P,-79.544,0.191,O,154.05,,0,0.121,,,0.001,0.163,170915,,170327,-572.018,0.111,-8.816,15:30:00,,260.555,0.149,0.901,0.162,1480,16.45,153.96,Sep 1480 Puts,,,150.7
RUT 17X1480,-1,,,,172.7,0.187,P,-72.215,0.171,O,168.6,,0,0.141,,,0.005,0.176,171215,,170327,-811.797,0.111,-9.066,15:30:00,,379.227,0.165,0.85,0.174,1480,31,167.76,Dec 1480 Puts,,,164.5
RUT 17D1490,-1,,,,0.6,0.198,C,0.685,0.034,O,0.4,,0,0.01,,1093,,0.187,170421,,170327,0.622,0.111,-5.428,15:30:00,,6.842,0.17,0,0.161,1490,0.4,0.12,Apr 1490 Calls,,,0.2
RUT 17E1490,-1,,,,1.5,0.16,C,3.585,0.103,O,1.25,,0,0.017,,557,0.168,0.155,170519,,170327,6.834,0.111,-6.523,15:30:00,,40.673,0.148,0.007,0.15,1490,1.25,1.07,May 1490 Calls,,,1
RUT 17F1490,-1,,,,3.3,0.153,C,7.144,0.146,O,2.8,,0,0.023,,245,-0.031,0.147,170616,,170327,20.633,0.111,-7.907,15:30:00,,86.64,0.141,0.022,0.148,1490,2.8,2.89,Jun 1490 Calls,,,2.3
RUT 17I1490,-1,,,,15.8,0.167,C,18.109,0.182,O,13.25,,0,0.043,,52,-0.024,0.157,170915,,170327,107.777,0.111,-11.556,15:30:00,,241.991,0.146,0.084,0.158,1490,13.25,13.58,Sep 1490 Calls,,,10.7
RUT 17L1490,-1,,,,28.7,0.173,C,24.738,0.171,O,25.3,,0,0.06,,20,-0.004,0.163,171215,,170327,219.502,0.111,-12.026,15:30:00,,357.495,0.154,0.134,0.164,1490,25.3,25.39,Dec 1490 Calls,,,21.9
RUT 17P1490,-1,,,,149.5,,P,-99.968,0.003,O,147.4,,0,0.11,,5,-0.003,,170421,,170327,-101.892,0.111,3.422,15:30:00,,0.439,,1,0.117,1490,-0.2,147.82,Apr 1490 Puts,,,145.3
RUT 17Q1490,-1,,,,150.3,0.175,P,-97.944,0.073,O,148.1,,0,0.107,,1,-0.003,0.112,170519,,170327,-211.972,0.111,2.552,15:30:00,,25.714,,0.993,0.133,1490,0.5,148.48,May 1490 Puts,,,145.9
RUT 17R1490,-1,,,,153,0.169,P,-93.528,0.14,O,151.05,,0,0.108,,,0.003,0.15,170616,,170327,-310.985,0.111,-4.575,15:30:00,,80.343,0.122,0.978,0.144,1490,3.45,150.54,Jun 1490 Puts,,,149.1
RUT 17U1490,-1,,,,165.4,0.175,P,-81.517,0.181,O,161.95,,0,0.125,,,0.001,0.161,170915,,170327,-588.128,0.111,-7.852,15:30:00,,245.067,0.147,0.916,0.161,1490,14.35,161.81,Sep 1490 Puts,,,158.5
RUT 17X1490,-1,,,,178.8,0.182,P,-73.963,0.167,O,174.35,,0,0.144,,,-0.003,0.17,171215,,170327,-833.672,0.111,-8.073,15:30:00,,367.146,0.158,0.866,0.172,1490,26.75,174.88,Dec 1490 Puts,,,169.9
RUT 17D1500,-1,,,,0.55,0.206,C,0.445,0.023,O,0.55,,0,0.01,,2833,,,170421,,170327,0.404,0.111,-1.399,15:30:00,,4.672,,0,0.161,1500,0.55,0.08,Apr 1500 Calls,,,
RUT 17E1500,-1,,,,1.05,0.158,C,2.703,0.082,O,0.83,,0,0.016,,1393,0.078,0.151,170519,,170327,5.16,0.111,-4.743,15:30:00,,32.261,0.144,0.004,0.15,1500,0.83,0.77,May 1500 Calls,,,0.6
RUT 17F1500,2.38,-1.25,2.38,2.37,2.65,0.153,C,5.754,0.124,O,2.33,2.37,0,0.022,3.63,763,0.05,0.149,170616,,170327,16.645,0.111,-7.005,15:30:00,,73.32,0.144,0.016,0.147,1500,2.33,2.22,Jun 1500 Calls,,100,2
RUT 17I1500,-1,,,,14.1,0.167,C,16.287,0.171,O,11.65,,0,0.042,,2293,-0.013,0.156,170915,,170327,97.145,0.111,-10.807,15:30:00,,226.251,0.145,0.071,0.157,1500,11.65,11.8,Sep 1500 Calls,,,9.2
RUT 17L1500,-1,,,,26.2,0.172,C,22.994,0.166,O,22.9,,0,0.058,,569,0,0.162,171215,,170327,204.567,0.111,-11.48,15:30:00,,343.573,0.152,0.119,0.162,1500,22.9,22.9,Dec 1500 Calls,,,19.6
RUT 17P1500,-1,,,,159.3,,P,-99.991,0.001,O,157.15,,0,0.117,,84,-0.004,,170421,,170327,-102.597,0.111,3.507,15:30:00,,0.138,,1,0.113,1500,-0.45,157.81,Apr 1500 Puts,,,155
RUT 17Q1500,-1,,,,160.4,,P,-98.67,0.051,O,158.1,,0,0.115,,1,-0.001,,170519,,170327,-214.808,0.111,1.541,15:30:00,,17.769,,0.996,0.13,1500,0.5,158.27,May 1500 Puts,,,155.8
RUT 17R1500,-1,,,,162.3,0.171,P,-94.962,0.116,O,160.05,,0,0.115,,54,0.001,0.144,170616,,170327,-317.321,0.111,-2.487,15:30:00,,66.065,,0.984,0.141,1500,2.45,159.86,Jun 1500 Puts,,,157.8
RUT 17U1500,-1,,,,173.6,0.174,P,-83.393,0.171,O,170.1,,0,0.129,,16,0.001,0.16,170915,,170327,-603.733,0.111,-6.958,15:30:00,,229.09,0.144,0.929,0.159,1500,12.5,169.86,Sep 1500 Puts,,,166.6
RUT 17X1500,-1,,,,187.1,0.184,P,-75.669,0.163,O,182.75,,0,0.148,,61,0.003,0.172,171215,,170327,-855.286,0.111,-7.782,15:30:00,,354.325,0.159,0.881,0.17,1500,25.15,182.17,Dec 1500 Puts,,,178.4
RUT 17D1510,0.15,-0.2,0.15,0.15,0.45,0.21,C,0.284,0.015,O,0.29,0.15,0,0.009,0.35,768,,0.198,170421,,170327,0.259,0.111,-4.291,15:30:00,,3.134,,0,0.162,1510,0.29,0.05,Apr 1510 Calls,,13,0.15
RUT 17E1510,-1,,,,1.05,0.165,C,2.01,0.064,O,0.65,,0,0.015,,982,0.182,0.153,170519,,170327,3.84,0.111,-4.018,15:30:00,,25.183,0.134,0.003,0.149,1510,0.65,0.55,May 1510 Calls,,,0.25
RUT 17F1510,-1,,,,2.05,0.151,C,4.583,0.105,O,1.63,,0,0.021,,28,-0.036,0.145,170616,,170327,13.277,0.111,-5.426,15:30:00,,61.266,0.137,0.012,0.146,1510,1.63,1.69,Jun 1510 Calls,,,1.2
RUT 17P1510,-1,,,,169.2,,P,-99.998,0,O,167.05,,0,0.125,,27,-0.004,,170421,,170327,-103.287,0.111,3.551,15:30:00,,0.037,,1,0.11,1510,-0.55,167.8,Apr 1510 Puts,,,164.9
RUT 17Q1510,-1,,,,170.3,,P,-99.176,0.034,O,168.2,,0,0.123,,,0,,170519,,170327,-217.225,0.111,2.33,15:30:00,,11.754,,0.997,0.128,1510,0.6,168.12,May 1510 Puts,,,166.1
RUT 17R1510,-1,,,,173.1,0.186,P,-96.157,0.095,O,170.95,,0,0.121,,,0.01,0.164,170616,,170327,-322.976,0.111,-4.655,15:30:00,,53.207,0.129,0.988,0.139,1510,3.35,169.33,Jun 1510 Puts,,,168.8
RUT 17D1520,0.26,0.08,0.26,0.21,,,C,0.179,0.01,O,0.26,0.26,0,0.009,0.18,828,,,170421,,170327,0.163,0.111,-0.609,15:30:00,,2.068,,0,0.162,1520,0.26,0.03,Apr 1520 Calls,,19,
RUT 17E1520,0.71,-0.13,0.71,0.71,1.1,0.174,C,1.473,0.049,O,0.63,0.71,0,0.015,0.84,601,0.615,,170519,,170327,2.817,0.111,-2.661,15:30:00,,19.344,,0.002,0.148,1520,0.63,0.39,May 1520 Calls,,1,0.15
RUT 17F1520,1.46,-0.89,1.48,1.46,1.6,0.151,C,3.607,0.087,O,1.31,1.48,0,0.02,2.35,205,0.023,0.145,170616,,170327,10.463,0.111,-4.612,15:30:00,,50.514,0.139,0.008,0.145,1520,1.31,1.28,Jun 1520 Calls,,100,1
RUT 17P1520,-1,,,,178.8,,P,-100,0,O,176.6,,0,0.132,,139,-0.007,,170421,,170327,-103.973,0.111,3.579,15:30:00,,0.008,,1,0.107,1520,-1,177.8,Apr 1520 Puts,,,174.4
RUT 17Q1520,-1,,,,179.7,,P,-99.512,0.022,O,177.5,,0,0.131,,,-0.003,,170519,,170327,-219.32,0.111,2.889,15:30:00,,7.414,,0.998,0.125,1520,-0.1,178.03,May 1520 Puts,,,175.3
RUT 17R1520,-1,,,,181.4,0.176,P,-97.13,0.076,O,179.1,,0,0.129,,,0.001,0.142,170616,,170327,-328.001,0.111,-0.25,15:30:00,,41.912,,0.992,0.137,1520,1.5,178.92,Jun 1520 Puts,,,176.8
RUT 17D1530,-1,,,,0.2,0.207,C,0.111,0.007,O,0.2,,0,0.009,,1906,,,170421,,170327,0.101,0.111,-0.392,15:30:00,,1.343,,0,0.163,1530,0.2,0.02,Apr 1530 Calls,,,
RUT 17E1530,-1,,,,0.75,0.171,C,1.063,0.037,O,0.75,,0,0.014,,297,1.778,,170519,,170327,2.036,0.111,-1.992,15:30:00,,14.62,,0.001,0.148,1530,0.75,0.27,May 1530 Calls,,,
RUT 17F1530,-1,,,,1.3,0.151,C,2.8,0.071,O,0.85,,0,0.019,,108,-0.105,0.141,170616,,170327,8.135,0.111,-3.349,15:30:00,,41.051,0.126,0.006,0.143,1530,0.85,0.95,Jun 1530 Calls,,,0.4
RUT 17P1530,-1,,,,189.2,,P,-100,0,O,186.9,,0,0.14,,100,-0.005,,170421,,170327,-104.657,0.111,3.604,15:30:00,,0.001,,1,0.104,1530,-0.7,187.79,Apr 1530 Puts,,,184.6
RUT 17Q1530,-1,,,,189.6,,P,-99.726,0.013,O,187.35,,0,0.139,,,-0.003,,170519,,170327,-221.179,0.111,3.268,15:30:00,,4.442,,0.999,0.123,1530,-0.25,187.97,May 1530 Puts,,,185.1
RUT 17R1530,-1,,,,190.8,,P,-97.906,0.059,O,188.5,,0,0.136,,,-0.001,,170616,,170327,-332.46,0.111,1.229,15:30:00,,32.244,,0.994,0.135,1530,0.9,188.61,Jun 1530 Puts,,,186.2
RUT 17D1540,0.15,-0.09,0.15,0.05,0.2,0.216,C,0.068,0.004,O,0.18,0.15,0,0.008,0.24,819,,,170421,,170327,0.062,0.111,-0.248,15:30:00,,0.858,,0,0.163,1540,0.18,0.01,Apr 1540 Calls,,68,
RUT 17E1540,-1,,,,0.75,0.178,C,0.756,0.028,O,0.75,,0,0.014,,470,3.167,,170519,,170327,1.449,0.111,-1.466,15:30:00,,10.871,,0.001,0.147,1540,0.75,0.18,May 1540 Calls,,,
RUT 17F1540,0.86,-0.39,0.86,0.86,1.1,0.153,C,2.144,0.057,O,0.87,0.86,0,0.018,1.25,65,0.243,0.147,170616,,170327,6.237,0.111,-3.442,15:30:00,,32.867,0.141,0.004,0.142,1540,0.87,0.7,Jun 1540 Calls,,2,0.65
RUT 17P1540,-1,,,,199.1,,P,-100,0,O,196.85,,0,0.147,,69,-0.005,,170421,,170327,-105.342,0.111,3.628,15:30:00,,0,,1,0.1,1540,-0.75,197.79,Apr 1540 Puts,,,194.6
RUT 17Q1540,-1,,,,199.5,,P,-99.854,0.008,O,197.25,,0,0.147,,,-0.003,,170519,,170327,-222.875,0.111,3.515,15:30:00,,2.516,,0.999,0.121,1540,-0.35,197.93,May 1540 Puts,,,195
RUT 17R1540,-1,,,,201,,P,-98.509,0.045,O,198.95,,0,0.144,,,0.003,,170616,,170327,-336.423,0.111,1.967,15:30:00,,24.188,,0.996,0.133,1540,1.35,198.38,Jun 1540 Puts,,,196.9
RUT 17D1550,,,,,,,C,0.041,0.003,O,0,,0,0.008,,,,,170421,,,0.038,0.111,-0.155,,,0.541,,0,0.164,1550,,0.01,Apr 1550 Calls,,,
RUT 17E1550,0.4,0,0.4,0.4,0.7,0.183,C,0.53,0.02,O,0.55,0.4,0,0.013,0.4,331,,,170519,,170327,1.016,0.111,-1.062,15:30:00,,7.952,,0,0.147,1550,0.55,0.12,May 1550 Calls,,1,
RUT 17F1550,-1,,,,1.3,0.164,C,1.618,0.045,O,0.8,,0,0.017,,621,0.6,0.151,170616,,170327,4.713,0.111,-3.259,15:30:00,,25.914,0.132,0.003,0.141,1550,0.8,0.5,Jun 1550 Calls,,,0.3
RUT 17I1550,-1,,,,6.5,0.157,C,8.859,0.117,O,5.6,,0,0.035,,674,0.035,0.152,170915,,170327,53.36,0.111,-6.934,15:30:00,,147.972,0.145,0.029,0.15,1550,5.6,5.41,Sep 1550 Calls,,,4.7
RUT 17L1550,-1,,,,14.9,0.162,C,15.163,0.134,O,12.75,,0,0.049,,1242,-0.019,0.154,171215,,170327,136.527,0.111,-8.296,15:30:00,,266.249,0.145,0.063,0.155,1550,12.75,13,Dec 1550 Calls,,,10.6
RUT 17P1550,-1,,,,208.9,,P,-100,0,O,206.75,,0,0.155,,16,-0.005,,170421,,170327,-106.026,0.111,3.651,15:30:00,,0,,1,0.097,1550,-0.85,207.78,Apr 1550 Puts,,,204.6
RUT 17Q1550,-1,,,,209.8,,P,-99.927,0.004,O,207.4,,0,0.154,,,-0.002,,170519,,170327,-224.464,0.111,3.67,15:30:00,,1.341,,1,0.118,1550,-0.2,207.91,May 1550 Puts,,,205
RUT 17R1550,-1,,,,210.8,,P,-98.966,0.033,O,208.6,,0,0.152,,45,0.002,,170616,,170327,-339.965,0.111,2.556,15:30:00,,17.663,,0.997,0.131,1550,1,208.21,Jun 1550 Puts,,,206.4
RUT 17U1550,-1,,,,217.4,0.177,P,-91.17,0.117,O,213.35,,0,0.154,,4,0.003,0.154,170915,,170327,-672.915,0.111,-2.77,15:30:00,,147.621,0.121,0.971,0.15,1550,5.75,212.77,Sep 1550 Puts,,,209.3
RUT 17X1550,-1,,,,226,0.179,P,-83.442,0.135,O,221.55,,0,0.167,,7,0.002,0.164,171215,,170327,-957.923,0.111,-4.563,15:30:00,,281.909,0.148,0.937,0.163,1550,13.95,221.12,Dec 1550 Puts,,,217.1
RUT 17D1600,-1,,,,0.05,,C,0.003,0,O,0.03,,0,0.007,,155,,,170421,,170327,0.003,0.111,-0.012,15:30:00,,0.044,,0,0.166,1600,0.03,0,Apr 1600 Calls,,,
RUT 17E1600,-1,,,,,,C,0.071,0.003,O,-1,,0,0.011,,12,,,170519,,170327,0.136,0.111,-0.164,15:30:00,,1.298,,0,0.144,1600,,0.01,May 1600 Calls,,,
RUT 17F1600,-1,,,,0.65,0.173,C,0.314,0.011,O,0.65,,0,0.014,,128,,,170616,,170327,0.918,0.111,-0.501,15:30:00,,6.174,,0,0.135,1600,0.65,0.08,Jun 1600 Calls,,,
RUT 17I1600,-1,,,,3.2,0.155,C,4.186,0.068,O,2.58,,0,0.029,,57,0.189,0.149,170915,,170327,25.42,0.111,-4.109,15:30:00,,82.803,0.141,0.01,0.144,1600,2.58,2.17,Sep 1600 Calls,,,1.95
RUT 17L1600,-1,,,,9.6,0.163,C,9.09,0.098,O,7.35,,0,0.042,,54,0.095,0.152,171215,,170327,82.702,0.111,-5.95,15:30:00,,185.976,0.139,0.031,0.148,1600,7.35,6.71,Dec 1600 Calls,,,5.1
RUT 17P1600,-1,,,,259,,P,-100,0,O,256.85,,0,0.192,,489,-0.003,,170421,,170327,-109.446,0.111,3.769,15:30:00,,0,,1,0.081,1600,-0.75,257.75,Apr 1600 Puts,,,254.7
RUT 17Q1600,-1,,,,259.5,,P,-99.999,0,O,257.05,,0,0.192,,2,-0.003,,170519,,170327,-231.849,0.111,3.93,15:30:00,,0.019,,1,0.106,1600,-0.55,257.83,May 1600 Puts,,,254.6
RUT 17R1600,-1,,,,259.9,,P,-99.896,0.005,O,257.5,,0,0.191,,30,-0.001,,170616,,170327,-353.745,0.111,3.932,15:30:00,,2.285,,1,0.12,1600,-0.1,257.84,Jun 1600 Puts,,,255.1
RUT 17U1600,-1,,,,265,0.191,P,-96.125,0.065,O,260.9,,0,0.185,,31,0.007,0.161,170915,,170327,-725.965,0.111,-0.831,15:30:00,,77.825,,0.99,0.142,1600,3.3,259.09,Sep 1600 Puts,,,256.8
RUT 17X1600,-1,,,,268.9,0.179,P,-89.691,0.102,O,264.25,,0,0.191,,22,0.002,0.159,171215,,170327,-1048.566,0.111,-1.61,15:30:00,,203.791,0.132,0.969,0.156,1600,6.65,263.67,Dec 1600 Puts,,,259.6
