Date,Open,High,Low,Close,Volume,Adj Close
02/01/2008,35.79,35.96,35,35.22,63004200,33.1
03/01/2008,35.22,35.65,34.86,35.37,49599600,33.24
04/01/2008,35.19,35.2,34.09,34.38,72090800,32.31
07/01/2008,34.55,34.8,34.25,34.61,80164300,32.53
08/01/2008,34.71,34.71,33.4,33.45,79148300,31.44
09/01/2008,33.36,34.54,33.35,34.44,74305500,32.37
10/01/2008,34.35,34.5,33.78,34.33,72446000,32.26
11/01/2008,34.14,34.24,33.72,33.91,55187900,31.87
14/01/2008,34.46,34.57,34.08,34.39,52792200,32.32
15/01/2008,34.03,34.38,34,34,61606200,31.95
16/01/2008,33.42,33.65,32.51,33.23,120778500,31.23
17/01/2008,33.54,33.8,32.97,33.11,94247800,31.12
18/01/2008,33.16,34,32.97,33.01,117062000,31.02
22/01/2008,31.54,32.53,31.5,31.96,108521400,30.04
23/01/2008,31.48,32.05,31.04,31.93,137597400,30.01
24/01/2008,32.35,33.36,32.12,33.25,155640400,31.25
25/01/2008,34.9,35,32.87,32.94,196992300,30.96
28/01/2008,33.02,33.1,32.42,32.72,81019000,30.75
29/01/2008,32.85,32.89,32.35,32.6,68023000,30.64
30/01/2008,32.56,32.8,32.05,32.2,106432600,30.26
31/01/2008,31.91,32.74,31.72,32.6,103642200,30.64
01/02/2008,31.06,33.25,30.25,30.45,291138900,28.62
04/02/2008,30.49,30.72,30.11,30.19,119998600,28.37
05/02/2008,29.91,29.94,28.89,29.07,137534100,27.32
06/02/2008,29.28,29.35,28.29,28.52,138315600,26.8
07/02/2008,28.34,28.78,27.9,28.12,164964900,26.43
08/02/2008,28.29,29.08,28.24,28.56,124872000,26.84
11/02/2008,28.52,28.61,27.91,28.21,156814100,26.51
12/02/2008,28.43,28.62,28.11,28.34,84365900,26.63
13/02/2008,28.62,29.05,28.53,28.96,88986200,27.22
14/02/2008,28.88,29.04,28.46,28.5,68191600,26.78
15/02/2008,28.31,28.64,28.25,28.42,68166100,26.71
19/02/2008,28.8,28.84,28.07,28.17,68261200,26.58
20/02/2008,28.15,28.26,27.92,28.22,93056200,26.62
21/02/2008,28.62,28.96,27.96,28.1,98776500,26.51
22/02/2008,28.24,28.39,27.2,27.68,125705400,26.11
25/02/2008,27.65,28.24,27.48,27.84,109974300,26.27
26/02/2008,27.74,28.86,27.67,28.38,108923500,26.78
27/02/2008,28.19,28.68,28.1,28.26,75199500,26.66
28/02/2008,28.02,28.27,27.8,27.93,83002900,26.35
29/02/2008,27.69,27.83,27.02,27.2,117411400,25.66
03/03/2008,27.24,27.39,26.87,26.99,76544300,25.46
04/03/2008,27.02,27.63,26.96,27.59,86925600,26.03
05/03/2008,27.75,28.41,27.7,28.12,106489800,26.53
06/03/2008,28.06,28.17,27.5,27.57,91127700,26.01
07/03/2008,27.34,28.07,27.32,27.87,77597600,26.29
10/03/2008,27.83,28.26,27.75,28.05,72175100,26.46
11/03/2008,28.4,29.34,28.38,29.28,98740700,27.62
12/03/2008,29.43,29.49,28.54,28.63,75993800,27.01
13/03/2008,28.54,28.99,28.16,28.62,84552200,27
14/03/2008,28.72,29.01,27.64,27.96,105214900,26.38
17/03/2008,27.3,28.73,27.28,28.3,84490100,26.7
18/03/2008,28.67,29.48,28.67,29.42,83695300,27.76
19/03/2008,29.38,29.59,28.62,28.62,61442100,27
20/03/2008,28.74,29.22,28.59,29.18,60170200,27.53
24/03/2008,29.33,29.4,29.06,29.17,48294700,27.52
25/03/2008,29.33,29.37,28.94,29.14,49149000,27.49
26/03/2008,29.03,29.07,28.38,28.56,45868100,26.95
27/03/2008,28.48,28.49,28,28.05,47894400,26.46
28/03/2008,28.23,28.43,27.83,27.91,49244000,26.33
31/03/2008,27.88,28.59,27.84,28.38,46780600,26.78
01/04/2008,28.83,29.54,28.63,29.5,65796200,27.83
02/04/2008,29.57,29.58,29,29.16,49499400,27.51
03/04/2008,29,29.32,28.8,29,38961400,27.36
04/04/2008,29.13,29.26,28.74,29.16,43860800,27.51
07/04/2008,29.55,29.59,29.03,29.16,44428600,27.51
08/04/2008,28.94,29,28.54,28.75,44733500,27.12
09/04/2008,28.72,29.04,28.54,28.89,45839300,27.26
10/04/2008,28.83,29.4,28.8,29.11,65591600,27.46
11/04/2008,28.87,29.01,28.21,28.28,54373700,26.68
14/04/2008,28.24,28.31,27.93,28.06,43418100,26.47
15/04/2008,28.12,28.48,28.03,28.25,34310000,26.65
16/04/2008,28.57,29.05,28.38,28.95,54107400,27.31
17/04/2008,29.12,29.34,28.9,29.22,48743300,27.57
18/04/2008,30.01,30.1,29.61,30,73658900,28.3
21/04/2008,30.19,30.6,30.12,30.42,54411700,28.7
22/04/2008,30.64,30.7,29.97,30.25,67387500,28.54
23/04/2008,30.45,31.46,30.3,31.45,98351500,29.67
24/04/2008,31.63,32.1,31.16,31.8,115416700,30
25/04/2008,30.05,30.39,29.6,29.83,145194900,28.14
28/04/2008,29.8,29.84,28.82,28.99,97473000,27.35
29/04/2008,28.8,28.9,28.45,28.64,84428900,27.02
30/04/2008,28.74,29.21,28.51,28.52,74733600,26.91
01/05/2008,28.5,29.49,28.48,29.4,71699400,27.74
02/05/2008,29.59,29.62,28.86,29.24,66024200,27.59
05/05/2008,29.93,30.23,28.99,29.08,119687700,27.44
06/05/2008,29,29.86,28.93,29.7,93582000,28.02
07/05/2008,29.69,30.14,29.08,29.21,88775000,27.56
08/05/2008,29.28,29.39,29,29.27,69589900,27.62
09/05/2008,29.21,29.55,28.95,29.39,51621200,27.73
12/05/2008,29.4,30.06,29.35,29.99,64278800,28.29
13/05/2008,30,30.13,29.53,29.78,70934700,28.2
14/05/2008,29.89,30.26,29.73,29.93,66730400,28.34
15/05/2008,29.98,30.53,29.94,30.45,53355800,28.83
16/05/2008,30.47,30.48,29.92,29.99,81538200,28.4
19/05/2008,29.87,29.89,29.31,29.46,59615000,27.9
20/05/2008,29.3,29.31,28.63,28.76,75767600,27.23
21/05/2008,28.81,29.05,28.19,28.25,60125100,26.75
22/05/2008,28.28,28.7,28.18,28.47,52203100,26.96
23/05/2008,28.26,28.33,27.95,28.05,48890700,26.56
27/05/2008,28.11,28.5,28.05,28.44,47334500,26.93
28/05/2008,28.56,28.57,28.04,28.18,52318500,26.68
29/05/2008,28.21,28.68,28.14,28.31,47699200,26.81
30/05/2008,28.38,28.7,28.2,28.32,63399200,26.82
02/06/2008,28.24,28.36,27.55,27.8,77028400,26.32
03/06/2008,27.91,28.31,27.27,27.31,86616700,25.86
04/06/2008,27.28,27.64,27.2,27.54,79567400,26.08
05/06/2008,27.72,28.3,27.6,28.3,76063400,26.8
06/06/2008,27.99,28.17,27.49,27.49,78465700,26.03
09/06/2008,27.65,27.91,27.3,27.71,66787100,26.24
10/06/2008,27.36,28.29,27.32,27.89,77419800,26.41
11/06/2008,27.85,27.94,27.11,27.12,59330800,25.68
12/06/2008,27.4,28.55,27.19,28.24,113996300,26.74
13/06/2008,28.63,29.57,28.5,29.07,131969100,27.53
16/06/2008,29.02,29.11,28.64,28.93,74718900,27.39
17/06/2008,29.04,29.12,28.79,28.8,44256700,27.27
18/06/2008,28.55,28.86,28.46,28.46,49677800,26.95
19/06/2008,28.55,29.19,28.33,28.93,62037800,27.39
20/06/2008,28.9,28.92,28.1,28.23,97480400,26.73
23/06/2008,28.3,28.41,27.79,27.97,57145300,26.49
24/06/2008,27.92,28.01,27.51,27.73,65218300,26.26
25/06/2008,27.81,28.67,27.76,28.35,64280200,26.85
26/06/2008,28.03,28.2,27.75,27.75,67049100,26.28
27/06/2008,27.68,27.91,27.46,27.63,73450200,26.16
30/06/2008,27.73,27.98,27.49,27.51,57830500,26.05
01/07/2008,27.27,27.38,26.44,26.87,100327800,25.44
02/07/2008,26.9,27,25.88,25.88,84669000,24.51
03/07/2008,25.97,26.1,25.6,25.98,37074500,24.6
07/07/2008,26.11,26.39,25.45,26.03,71527600,24.65
08/07/2008,25.93,26.2,25.51,25.85,65553200,24.48
09/07/2008,25.79,25.85,25.18,25.23,54255800,23.89
10/07/2008,25.2,25.67,24.98,25.45,57830600,24.1
11/07/2008,25.16,25.64,24.87,25.25,69532600,23.91
14/07/2008,25.48,25.81,25.07,25.15,51216200,23.82
15/07/2008,24.93,26.64,24.93,26.15,92719300,24.76
16/07/2008,26.13,27.29,25.92,27.26,82060400,25.81
17/07/2008,27.58,27.91,27.11,27.52,96526100,26.06
18/07/2008,26.36,26.47,25.11,25.86,150277000,24.49
21/07/2008,25.66,26.17,25.53,25.64,77575600,24.28
22/07/2008,25.54,25.94,25.48,25.8,88657200,24.43
23/07/2008,25.86,26.84,25.85,26.43,79408800,25.03
24/07/2008,26.09,26.17,25.44,25.44,81092600,24.09
25/07/2008,25.64,26.22,25.5,26.16,58682300,24.77
28/07/2008,26.06,26.11,25.34,25.5,59707800,24.15
29/07/2008,25.52,26.19,25.4,26.11,66368200,24.72
30/07/2008,26.2,26.49,25.9,26.23,51977700,24.84
31/07/2008,25.85,26.28,25.71,25.72,60461000,24.36
01/08/2008,25.92,25.95,25.07,25.44,82720200,24.09
04/08/2008,25.39,25.55,25.11,25.28,60588300,23.94
05/08/2008,25.64,26.28,25.5,26.21,84297600,24.82
06/08/2008,26.73,27.16,26.38,27.02,95550000,25.59
07/08/2008,26.9,27.75,26.73,27.39,82565800,25.94
08/08/2008,27.35,28.23,27.19,28.13,80814100,26.64
11/08/2008,27.86,28.4,27.66,27.9,68743800,26.42
12/08/2008,27.78,28.36,27.58,28.12,62813000,26.63
13/08/2008,28.07,28.5,27.76,27.91,51165200,26.43
14/08/2008,27.82,28.28,27.56,27.91,49732300,26.43
15/08/2008,27.98,28.15,27.58,27.81,47267400,26.33
18/08/2008,27.78,28.05,27.55,27.69,38078200,26.22
19/08/2008,27.54,27.75,27.27,27.32,40332900,25.97
20/08/2008,27.54,27.58,27.17,27.29,41497200,25.94
21/08/2008,27.1,27.23,26.86,27.18,43614200,25.84
22/08/2008,27.23,27.88,27.22,27.84,47930400,26.47
25/08/2008,27.61,27.84,27.46,27.66,51381300,26.3
26/08/2008,27.58,27.72,27.17,27.27,44774400,25.93
27/08/2008,27.34,27.79,27.13,27.56,33975300,26.2
28/08/2008,27.61,28.01,27.6,27.94,48372600,26.56
29/08/2008,27.68,27.78,27.29,27.29,50735500,25.94
02/09/2008,27.67,27.76,27.06,27.1,66079200,25.76
03/09/2008,27,27.18,26.84,26.9,57127700,25.57
04/09/2008,26.74,26.89,26.35,26.35,66141900,25.05
05/09/2008,26.03,26.22,25.63,25.65,82305200,24.39
08/09/2008,26.21,26.33,25.67,26.12,62110800,24.83
09/09/2008,26.2,26.6,26.05,26.1,85735700,24.81
10/09/2008,26.52,26.86,26.25,26.44,75064900,25.14
11/09/2008,26.1,27.46,26.03,27.34,72913300,25.99
12/09/2008,27.14,27.74,26.94,27.62,75628500,26.26
15/09/2008,26.92,27.49,26.73,26.82,82349400,25.5
16/09/2008,26.09,26.49,25.52,25.99,111729700,24.71
17/09/2008,25.73,25.87,24.5,24.57,106972100,23.36
18/09/2008,24.8,25.35,24.01,25.26,132291300,24.01
19/09/2008,26.37,26.4,23.5,25.16,134926100,23.92
22/09/2008,26.22,26.32,25.32,25.4,105207700,24.15
23/09/2008,25.66,26.17,25.34,25.44,92181300,24.19
24/09/2008,25.58,26.09,25.46,25.72,80250300,24.45
25/09/2008,25.82,26.88,25.74,26.61,96203500,25.3
26/09/2008,26.17,27.56,26.14,27.4,100744300,26.05
29/09/2008,26.94,27.66,25.01,25.01,134383100,23.78
30/09/2008,25.77,26.69,25.54,26.69,107192700,25.37
01/10/2008,26.38,26.99,26.28,26.48,88957000,25.17
02/10/2008,26.18,26.53,25.7,26.25,93819800,24.96
03/10/2008,26.37,27.47,26.24,26.32,114289400,25.02
06/10/2008,25.63,25.99,24.14,24.91,146374600,23.68
07/10/2008,24.98,25.21,23.14,23.23,145941200,22.08
08/10/2008,22.9,24.3,22.5,23.01,171598600,21.88
09/10/2008,23.77,23.91,22.07,22.3,131948700,21.2
10/10/2008,21.79,22.35,20.65,21.5,228467500,20.44
13/10/2008,22.86,25.5,22.63,25.5,144935400,24.24
14/10/2008,25.64,25.73,23.6,24.1,165674900,22.91
15/10/2008,23.78,24.25,22.48,22.66,113280200,21.54
16/10/2008,22.94,24.19,21.31,24.19,161147800,23
17/10/2008,23.57,25.11,23.31,23.93,133673100,22.75
20/10/2008,24.2,24.75,23.01,24.72,93484300,23.5
21/10/2008,24.3,25.01,23.27,23.36,100385600,22.21
22/10/2008,23.04,23.06,20.9,21.53,150054800,20.47
23/10/2008,21.55,22.59,20.89,22.32,154774100,21.22
24/10/2008,21.06,22.86,20.95,21.96,153919700,20.88
27/10/2008,21.67,21.96,21.02,21.18,117683900,20.14
28/10/2008,21.64,23.21,21.34,23.1,134088800,21.96
29/10/2008,23.13,23.97,22.7,23,111701800,21.87
30/10/2008,23.69,23.88,22.39,22.63,95323000,21.51
31/10/2008,22.53,22.91,22.12,22.33,93055200,21.23
03/11/2008,22.48,22.91,22.21,22.62,61923500,21.51
04/11/2008,23.13,23.66,22.87,23.53,72123000,22.37
05/11/2008,23.33,23.34,22.05,22.08,81179700,20.99
06/11/2008,21.87,22.08,20.86,20.88,95509700,19.85
07/11/2008,21.32,21.54,21,21.5,71256300,20.44
10/11/2008,21.85,21.97,21.19,21.3,67106800,20.25
11/11/2008,21.29,21.3,20.79,21.2,78014500,20.16
12/11/2008,20.89,21,20.28,20.3,90162300,19.3
13/11/2008,20.15,21.25,18.74,21.25,148413700,20.2
14/11/2008,20.56,21.34,19.65,20.06,96624500,19.07
17/11/2008,19.74,20.24,19.15,19.32,97289000,18.37
18/11/2008,19.5,19.66,18.75,19.62,108966500,18.78
19/11/2008,19.63,19.95,18.25,18.29,103010500,17.51
20/11/2008,18.12,18.84,17.5,17.53,139532800,16.78
21/11/2008,18.02,19.7,17.98,19.68,157231900,18.84
24/11/2008,19.89,20.94,19.87,20.69,125289900,19.8
25/11/2008,20.86,20.93,19.55,19.99,92948100,19.13
26/11/2008,19.73,20.68,19.73,20.49,79678300,19.61
28/11/2008,20.23,20.31,20.02,20.22,28650800,19.35
01/12/2008,19.88,19.95,18.6,18.61,79639900,17.81
02/12/2008,18.99,19.31,18.56,19.15,79689800,18.33
03/12/2008,18.65,19.9,18.6,19.87,80961500,19.02
04/12/2008,19.4,19.92,18.79,19.11,78719200,18.29
05/12/2008,18.91,19.98,18.47,19.87,91996200,19.02
08/12/2008,20.35,21.25,20.14,21.01,107225000,20.11
09/12/2008,20.62,21.25,20.46,20.6,80484900,19.72
10/12/2008,20.82,20.96,20.3,20.61,61499000,19.73
11/12/2008,20.11,20.12,19.31,19.45,83564300,18.62
12/12/2008,19.15,19.85,18.7,19.36,78112600,18.53
15/12/2008,19.34,19.44,18.89,19.04,59925900,18.22
16/12/2008,19.21,20.18,19,20.11,97688700,19.25
17/12/2008,19.81,20.05,19.5,19.66,78922700,18.82
18/12/2008,19.86,20.02,18.99,19.3,80759200,18.47
19/12/2008,19.42,19.8,19.11,19.12,113530400,18.3
22/12/2008,19.24,19.29,18.89,19.18,58575400,18.36
23/12/2008,19.28,19.57,19.01,19.28,47511400,18.45
24/12/2008,19.26,19.45,19.1,19.17,16880400,18.35
26/12/2008,19.2,19.33,19.09,19.13,23101000,18.31
29/12/2008,19.15,19.21,18.64,18.96,58512800,18.15
30/12/2008,19.01,19.49,19,19.34,43224100,18.51
31/12/2008,19.31,19.68,19.27,19.44,46419000,18.61
02/01/2009,19.53,20.4,19.37,20.33,50084000,19.46
05/01/2009,20.2,20.67,20.06,20.52,61475200,19.64
06/01/2009,20.75,21,20.61,20.76,58083400,19.87
07/01/2009,20.19,20.29,19.48,19.51,72709900,18.67
08/01/2009,19.63,20.19,19.55,20.12,70229900,19.26
09/01/2009,20.17,20.3,19.41,19.52,49815300,18.68
12/01/2009,19.71,19.79,19.3,19.47,52163500,18.64
13/01/2009,19.52,19.99,19.52,19.82,65843500,18.97
14/01/2009,19.53,19.68,19.01,19.09,80257500,18.27
15/01/2009,19.07,19.3,18.52,19.24,96169800,18.42
16/01/2009,19.63,19.91,19.15,19.71,79634100,18.87
20/01/2009,19.46,19.62,18.37,18.48,89873000,17.69
21/01/2009,18.87,19.45,18.46,19.38,68340900,18.55
22/01/2009,18.05,18.18,17.07,17.11,222436600,16.38
23/01/2009,16.97,17.49,16.75,17.2,117020600,16.46
26/01/2009,17.29,17.81,17.23,17.63,92476500,16.87
27/01/2009,17.78,17.97,17.43,17.66,61695000,16.9
28/01/2009,17.8,18.31,17.76,18.04,64145500,17.27
29/01/2009,17.78,17.96,17.56,17.59,49192800,16.84
30/01/2009,17.74,17.79,17.1,17.1,62370900,16.37
02/02/2009,17.03,18.13,17,17.83,88871700,17.07
03/02/2009,17.85,18.61,17.6,18.5,86865100,17.71
04/02/2009,18.54,19,18.5,18.63,75618000,17.83
05/02/2009,18.51,19.14,18.25,19.04,75195200,18.22
06/02/2009,19.16,19.93,19.06,19.66,86746000,18.82
09/02/2009,19.64,19.77,19.26,19.44,52196400,18.61
10/02/2009,19.25,19.8,18.7,18.8,83953200,17.99
11/02/2009,18.94,19.49,18.92,19.21,58599000,18.39
12/02/2009,18.97,19.32,18.54,19.26,75323200,18.43
13/02/2009,19.27,19.47,19.04,19.09,47416000,18.27
17/02/2009,18.49,18.5,17.89,18.09,75853300,17.43
18/02/2009,18.22,18.45,18,18.12,54946900,17.46
19/02/2009,18.3,18.38,17.81,17.91,49195600,17.26
20/02/2009,17.77,18.19,17.66,18,69413800,17.35
23/02/2009,18.02,18.15,17.16,17.21,70803400,16.59
24/02/2009,17.03,17.35,16.36,17.17,122674500,16.55
25/02/2009,17.01,17.24,16.46,16.96,105894600,16.34
26/02/2009,17.05,17.08,16.42,16.42,83219500,15.82
27/02/2009,16.29,16.52,16.1,16.15,93428000,15.56
02/03/2009,15.96,16.25,15.72,15.79,80602100,15.22
03/03/2009,16.03,16.24,15.64,15.88,80476600,15.3
04/03/2009,16.12,16.4,15.89,16.12,69285100,15.54
05/03/2009,15.86,15.88,15.27,15.27,89708500,14.72
06/03/2009,15.35,15.62,14.87,15.28,92821400,14.73
09/03/2009,15.2,15.74,15.1,15.15,66479100,14.6
10/03/2009,15.37,16.62,15.25,16.48,95184200,15.88
11/03/2009,16.63,17.2,16.43,17.11,84522200,16.49
12/03/2009,17.01,17.04,16.48,17.01,93694100,16.39
13/03/2009,16.98,17.05,16.18,16.65,82965800,16.05
16/03/2009,16.82,16.96,16.24,16.25,67028900,15.66
17/03/2009,16.32,16.9,16.26,16.9,62481000,16.29
18/03/2009,17.03,17.22,16.6,16.96,70710700,16.34
19/03/2009,17.37,17.45,16.92,17.14,58994600,16.52
20/03/2009,17.32,17.65,16.88,17.06,81725500,16.44
23/03/2009,17.37,18.59,17.31,18.33,71600000,17.66
24/03/2009,18.04,18.21,17.84,17.93,50044100,17.28
25/03/2009,17.98,18.31,17.52,17.88,73927100,17.23
26/03/2009,18.17,18.88,18.12,18.83,63775100,18.15
27/03/2009,18.54,18.62,18.05,18.13,47670400,17.47
30/03/2009,17.74,17.76,17.27,17.48,49633000,16.85
31/03/2009,17.83,18.79,17.78,18.37,92095500,17.7
01/04/2009,18.23,19.36,18.18,19.31,96438900,18.61
02/04/2009,19.5,19.89,19,19.29,99082300,18.59
03/04/2009,19.13,19.15,18.43,18.75,81858400,18.07
06/04/2009,18.54,18.76,18.27,18.76,47476100,18.08
07/04/2009,18.76,19.14,18.63,18.76,65815200,18.08
08/04/2009,18.97,19.62,18.96,19.19,56408900,18.49
09/04/2009,19.45,19.7,19.22,19.67,55759600,18.96
13/04/2009,19.69,19.85,19.37,19.59,44444700,18.88
14/04/2009,19.44,19.55,19,19.35,63796300,18.65
15/04/2009,19.21,19.25,18.51,18.83,72725500,18.15
16/04/2009,19.16,19.78,18.99,19.76,67688700,19.04
17/04/2009,19.69,19.69,19,19.2,61398500,18.5
20/04/2009,18.89,18.95,18.57,18.61,62937200,17.93
21/04/2009,18.59,19.08,18.57,18.97,60928300,18.28
22/04/2009,18.76,19.19,18.7,18.78,59401000,18.1
23/04/2009,18.92,18.94,18.47,18.92,86116300,18.23
24/04/2009,19.82,21.2,19.5,20.91,168478500,20.15
27/04/2009,20.55,20.82,20.28,20.4,68219600,19.66
28/04/2009,20.25,20.27,19.79,19.93,76685200,19.21
29/04/2009,20.11,20.89,20.06,20.25,79301600,19.52
30/04/2009,20.6,21.1,20.01,20.26,87439900,19.52
01/05/2009,20.19,20.35,19.86,20.24,63224500,19.51
04/05/2009,20.37,20.4,19.98,20.19,54313400,19.46
05/05/2009,20.14,20.24,19.64,19.79,66835500,19.07
06/05/2009,20.06,20.07,19.61,19.79,59639100,19.07
07/05/2009,19.96,19.99,19.14,19.32,68727200,18.62
08/05/2009,19.46,19.64,19.14,19.42,67597600,18.72
11/05/2009,19.2,19.73,19.01,19.32,63762600,18.62
12/05/2009,19.51,20.06,19.47,19.89,71966800,19.17
13/05/2009,19.92,20,19.67,19.75,49281700,19.03
14/05/2009,19.83,20.23,19.8,20.06,54539500,19.33
15/05/2009,20.13,20.5,19.98,20.22,61289900,19.49
18/05/2009,20.36,20.6,20.24,20.6,46073800,19.85
19/05/2009,20.51,20.74,20.25,20.31,51368300,19.7
20/05/2009,20.41,20.69,20.22,20.38,47450700,19.77
21/05/2009,20.14,20.23,19.51,19.82,58232800,19.22
22/05/2009,19.93,20.17,19.47,19.75,37318700,19.15
26/05/2009,19.54,20.45,19.45,20.34,44991700,19.73
27/05/2009,20.25,20.6,20.07,20.13,42892900,19.52
28/05/2009,20.32,20.63,20.05,20.45,45480800,19.83
29/05/2009,20.56,20.94,20.3,20.89,46134900,20.26
01/06/2009,21,21.5,20.86,21.4,57317100,20.75
02/06/2009,21.36,21.98,21.2,21.4,48935700,20.75
03/06/2009,21.31,21.76,21.29,21.73,56039600,21.07
04/06/2009,21.77,21.9,21.58,21.83,42330000,21.17
05/06/2009,21.96,22.31,21.81,22.14,59579200,21.47
08/06/2009,21.98,22.32,21.63,22.05,49000600,21.38
09/06/2009,22.06,22.32,21.88,22.08,50887700,21.41
10/06/2009,22.17,22.62,22.12,22.55,61297200,21.87
11/06/2009,22.59,23.26,22.57,22.83,65124600,22.14
12/06/2009,22.9,23.38,22.74,23.33,50963500,22.63
15/06/2009,23.23,23.54,23.02,23.42,69089600,22.71
16/06/2009,23.47,24.11,23.44,23.45,105295600,22.74
17/06/2009,23.5,23.82,23.17,23.68,86483100,22.97
18/06/2009,23.62,23.69,23.3,23.5,58852200,22.79
19/06/2009,24.04,24.34,23.75,24.07,115459000,23.34
22/06/2009,23.95,23.95,23.25,23.28,71291600,22.58
23/06/2009,23.38,23.66,23.21,23.34,56752700,22.64
24/06/2009,23.45,23.75,23.36,23.47,54287700,22.76
25/06/2009,23.43,23.92,23.2,23.79,57724300,23.07
26/06/2009,23.57,23.69,23.32,23.35,65126400,22.65
29/06/2009,23.6,24.03,23.55,23.86,62854900,23.14
30/06/2009,23.97,24.24,23.63,23.77,66452400,23.05
01/07/2009,24.05,24.3,23.96,24.04,54908400,23.31
02/07/2009,23.76,24.04,23.21,23.37,65422200,22.67
06/07/2009,23.21,23.28,22.87,23.2,49207700,22.5
07/07/2009,23.08,23.14,22.46,22.53,52842500,21.85
08/07/2009,22.31,22.69,22,22.56,73023400,21.88
09/07/2009,22.65,22.81,22.37,22.44,46981200,21.76
10/07/2009,22.19,22.54,22.15,22.39,43229200,21.71
13/07/2009,22.42,23.29,22.14,23.23,67584000,22.53
14/07/2009,23.2,23.22,22.86,23.11,45448700,22.41
15/07/2009,23.75,24.12,23.56,24.12,67238700,23.39
16/07/2009,23.93,24.44,23.86,24.44,64555100,23.7
17/07/2009,24.4,24.45,24.1,24.29,52860100,23.56
20/07/2009,24.44,24.53,24.15,24.53,47798000,23.79
21/07/2009,24.69,24.83,24.37,24.83,52028400,24.08
22/07/2009,24.7,24.9,24.51,24.8,66192500,24.05
23/07/2009,24.93,25.72,24.84,25.56,106060500,24.79
24/07/2009,23.61,23.89,22.81,23.45,215135700,22.74
27/07/2009,23.44,23.45,22.9,23.11,80950000,22.41
28/07/2009,22.99,23.55,22.9,23.47,70288400,22.76
29/07/2009,23.73,23.91,23.34,23.8,73626900,23.08
30/07/2009,24.2,24.43,23.71,23.81,67820000,23.09
31/07/2009,23.77,24.07,23.5,23.52,54258200,22.81
03/08/2009,23.82,23.86,23.5,23.83,46902900,23.11
04/08/2009,23.68,23.79,23.53,23.77,49218300,23.05
05/08/2009,23.84,24.25,23.79,23.81,53310300,23.09
06/08/2009,23.93,23.98,23.27,23.46,59686000,22.75
07/08/2009,23.75,23.82,23.5,23.56,46169700,22.85
10/08/2009,23.46,23.55,23.3,23.42,35261900,22.71
11/08/2009,23.32,23.4,23.05,23.13,33615800,22.43
12/08/2009,23.13,23.9,23.03,23.53,61972300,22.82
13/08/2009,23.63,23.85,23.4,23.62,38954500,22.91
14/08/2009,23.62,23.8,23.51,23.69,46330200,22.98
17/08/2009,23.32,23.6,23.23,23.25,42474400,22.55
18/08/2009,23.29,23.65,23.27,23.58,38878900,23
19/08/2009,23.25,23.72,23.25,23.65,41821300,23.07
20/08/2009,23.6,23.87,23.54,23.67,39505900,23.09
21/08/2009,23.93,24.42,23.77,24.41,69011400,23.81
24/08/2009,24.41,24.73,24.28,24.64,54180900,24.03
25/08/2009,24.6,24.82,24.46,24.64,43980300,24.03
26/08/2009,24.59,24.75,24.42,24.55,41079000,23.94
27/08/2009,24.41,24.78,24.3,24.69,45495600,24.08
28/08/2009,25.07,25.49,24.61,24.68,55808000,24.07
31/08/2009,24.57,24.85,24.29,24.65,49592800,24.04
01/09/2009,24.35,24.74,23.9,24,62608500,23.41
02/09/2009,23.82,24.14,23.78,23.86,40771300,23.27
03/09/2009,23.91,24.14,23.76,24.11,34120000,23.51
04/09/2009,24.09,24.8,24.08,24.62,44999700,24.01
08/09/2009,24.62,24.84,24.41,24.82,53737100,24.21
09/09/2009,24.74,24.95,24.67,24.78,49900300,24.17
10/09/2009,24.8,25.05,24.65,25,46256000,24.38
11/09/2009,24.93,25.17,24.81,24.86,54303500,24.25
14/09/2009,24.65,25.09,24.64,25,42806800,24.38
15/09/2009,24.97,25.27,24.86,25.2,44716600,24.58
16/09/2009,25.25,25.35,24.95,25.2,50055800,24.58
17/09/2009,25.06,25.38,25.06,25.3,42428800,24.67
18/09/2009,25.46,25.48,25.1,25.26,68016500,24.64
21/09/2009,25.11,25.37,25.1,25.3,28878700,24.67
22/09/2009,25.4,25.82,25.29,25.77,61376700,25.13
23/09/2009,25.92,26.25,25.64,25.71,60599900,25.07
24/09/2009,25.92,26.11,25.66,25.94,56302900,25.3
25/09/2009,25.69,25.82,25.52,25.55,50158900,24.92
28/09/2009,25.6,26.16,25.6,25.83,44358000,25.19
29/09/2009,25.91,25.96,25.69,25.75,39050300,25.11
30/09/2009,25.76,25.99,25.38,25.72,63533400,25.08
01/10/2009,25.41,25.47,24.8,24.88,75958100,24.27
02/10/2009,24.46,25.09,24.43,24.96,51219700,24.34
05/10/2009,24.98,25.06,24.52,24.64,60804900,24.03
06/10/2009,24.68,25.21,24.66,25.11,48795300,24.49
07/10/2009,24.99,25.18,24.88,25.1,38472700,24.48
08/10/2009,25.44,25.9,25.22,25.67,60521300,25.04
09/10/2009,25.57,25.79,25.46,25.55,39520000,24.92
12/10/2009,25.66,25.89,25.55,25.72,29145800,25.08
13/10/2009,25.59,25.94,25.52,25.81,37749000,25.17
14/10/2009,26.14,26.2,25.82,25.96,45365500,25.32
15/10/2009,25.9,26.71,25.9,26.71,65620100,26.05
16/10/2009,26.45,26.63,26.1,26.5,56500900,25.85
19/10/2009,26.49,26.58,26.25,26.36,48143200,25.71
20/10/2009,26.42,26.51,25.94,26.37,54604700,25.72
21/10/2009,26.46,26.75,26.39,26.58,61672700,25.92
22/10/2009,26.56,26.72,26.13,26.59,61600000,25.93
23/10/2009,29.2,29.35,27.88,28.02,281761000,27.33
26/10/2009,28.13,29.02,28.11,28.68,124149700,27.97
27/10/2009,28.73,28.88,28.44,28.59,69685800,27.88
28/10/2009,28.24,28.77,27.95,28.02,73542400,27.33
29/10/2009,28.07,28.41,27.85,28.22,65225500,27.52
30/10/2009,28.03,28.4,27.66,27.73,73371800,27.04
02/11/2009,27.7,28.05,27.41,27.88,62428900,27.19
03/11/2009,27.64,27.74,27.43,27.53,50294800,26.85
04/11/2009,27.69,28.39,27.62,28.06,63898400,27.37
05/11/2009,28.52,28.74,28.28,28.47,52681700,27.77
06/11/2009,28.38,28.63,28.2,28.52,38908500,27.82
09/11/2009,28.62,29,28.53,28.99,57518000,28.27
10/11/2009,28.9,29.28,28.81,29.01,65881100,28.29
11/11/2009,29.08,29.3,29.02,29.12,49693400,28.4
12/11/2009,29.01,29.49,29,29.36,55352400,28.63
13/11/2009,29.47,29.79,29.37,29.63,53037600,28.9
16/11/2009,29.61,29.8,29.37,29.54,54129500,28.81
17/11/2009,29.5,30,29.47,30,75648900,29.39
18/11/2009,30,30.14,29.81,30.11,59431200,29.5
19/11/2009,29.99,30,29.7,29.78,51967700,29.17
20/11/2009,29.66,29.77,29.43,29.62,42647100,29.02
23/11/2009,29.84,30.01,29.7,29.94,41832700,29.33
24/11/2009,29.95,29.99,29.75,29.91,37341400,29.3
25/11/2009,29.81,29.86,29.58,29.79,32033500,29.18
27/11/2009,29.11,29.39,28.75,29.22,29357900,28.62
30/11/2009,29.15,29.45,29,29.41,44172000,28.81
01/12/2009,29.52,30.05,29.41,30.01,49904200,29.4
02/12/2009,29.9,29.99,29.65,29.78,36308600,29.17
03/12/2009,29.84,30.2,29.76,29.83,43095200,29.22
04/12/2009,30.05,30.37,29.83,29.98,58810700,29.37
07/12/2009,29.78,30.08,29.68,29.79,38082700,29.18
08/12/2009,29.52,29.74,29.38,29.57,37402200,28.97
09/12/2009,29.47,29.81,29.25,29.71,44713300,29.1
10/12/2009,29.71,29.96,29.66,29.87,45940200,29.26
11/12/2009,29.97,30,29.79,29.85,43744200,29.24
14/12/2009,29.91,30.16,29.9,30.11,34651200,29.5
15/12/2009,29.89,30.21,29.88,30.02,49473200,29.41
16/12/2009,30.07,30.41,30.04,30.1,55737800,29.49
17/12/2009,29.95,29.96,29.57,29.6,43691200,29
18/12/2009,29.84,30.45,29.8,30.36,94118000,29.74
21/12/2009,30.4,30.84,30.37,30.52,40129100,29.9
22/12/2009,30.6,30.93,30.54,30.82,36321000,30.19
23/12/2009,30.71,30.95,30.69,30.92,28362700,30.29
24/12/2009,30.88,31,30.76,31,11083900,30.37
28/12/2009,31,31.18,30.89,31.17,25384000,30.53
29/12/2009,31.35,31.5,31.23,31.39,29716200,30.75
30/12/2009,31.15,31.29,30.8,30.96,42006200,30.33
31/12/2009,30.98,30.99,30.48,30.48,31929700,29.86
04/01/2010,30.62,31.1,30.59,30.95,38409100,30.32
05/01/2010,30.85,31.1,30.64,30.96,49749600,30.33
06/01/2010,30.88,31.08,30.52,30.77,58182400,30.14
07/01/2010,30.63,30.7,30.19,30.45,50559700,29.83
08/01/2010,30.28,30.88,30.24,30.66,51197400,30.03
11/01/2010,30.71,30.76,30.12,30.27,68754700,29.65
12/01/2010,30.15,30.4,29.91,30.07,65912100,29.46
13/01/2010,30.26,30.52,30.01,30.35,51863500,29.73
14/01/2010,30.31,31.1,30.26,30.96,63228100,30.33
15/01/2010,31.08,31.24,30.71,30.86,79913200,30.23
19/01/2010,30.75,31.24,30.68,31.1,46575700,30.47
20/01/2010,30.81,30.94,30.31,30.59,54849500,29.97
21/01/2010,30.61,30.72,30,30.01,73086700,29.4
22/01/2010,30,30.2,28.84,28.96,102004600,28.37
25/01/2010,29.24,29.66,29.1,29.32,63373000,28.72
26/01/2010,29.2,29.85,29.09,29.5,66639900,28.9
27/01/2010,29.35,29.82,29.02,29.67,63949500,29.06
28/01/2010,29.84,29.87,28.89,29.16,117513700,28.57
29/01/2010,29.9,29.92,27.66,28.18,193888500,27.61
01/02/2010,28.39,28.48,27.92,28.41,85931100,27.83
02/02/2010,28.37,28.5,28.14,28.46,54413700,27.88
03/02/2010,28.26,28.79,28.12,28.63,61397900,28.05
04/02/2010,28.38,28.5,27.81,27.84,77850000,27.27
05/02/2010,28,28.28,27.57,28.02,80960100,27.45
08/02/2010,28.01,28.08,27.57,27.72,52820600,27.15
09/02/2010,27.97,28.34,27.75,28.01,59195800,27.44
10/02/2010,28.03,28.24,27.84,27.99,48591300,27.42
11/02/2010,27.93,28.4,27.7,28.12,65993700,27.55
12/02/2010,27.81,28.06,27.58,27.93,81117200,27.36
16/02/2010,28.13,28.37,28.02,28.35,51935600,27.9
17/02/2010,28.53,28.65,28.36,28.59,45882900,28.14
18/02/2010,28.59,29.03,28.51,28.97,42856500,28.51
19/02/2010,28.79,28.92,28.69,28.77,44451800,28.31
22/02/2010,28.84,28.94,28.65,28.73,36707100,28.28
23/02/2010,28.68,28.83,28.09,28.33,52266200,27.88
24/02/2010,28.52,28.79,28.38,28.63,43165900,28.18
25/02/2010,28.27,28.65,28.02,28.6,48735300,28.15
26/02/2010,28.65,28.85,28.51,28.67,40370600,28.22
01/03/2010,28.77,29.05,28.53,29.02,43805400,28.56
02/03/2010,29.08,29.3,28.24,28.46,93123900,28.01
03/03/2010,28.51,28.61,28.35,28.46,48442100,28.01
04/03/2010,28.46,28.65,28.27,28.63,42890600,28.18
05/03/2010,28.66,28.68,28.42,28.59,56001800,28.14
08/03/2010,28.52,28.93,28.5,28.63,39414500,28.18
09/03/2010,28.56,29.11,28.55,28.8,50271600,28.34
10/03/2010,28.86,29.11,28.8,28.97,44891400,28.51
11/03/2010,28.89,29.19,28.85,29.18,35349700,28.72
12/03/2010,29.32,29.38,29.04,29.27,31700200,28.81
15/03/2010,29.18,29.37,29.01,29.29,37512000,28.83
16/03/2010,29.42,29.49,29.2,29.37,36723500,28.91
17/03/2010,29.5,29.87,29.4,29.63,50385700,29.16
18/03/2010,29.63,29.72,29.5,29.61,43845200,29.14
19/03/2010,29.76,29.9,29.35,29.59,81332100,29.12
22/03/2010,29.5,29.7,29.39,29.6,37718200,29.13
23/03/2010,29.59,29.9,29.41,29.88,42026600,29.41
24/03/2010,29.72,29.85,29.6,29.65,33987700,29.18
25/03/2010,29.83,30.57,29.8,30.01,73168700,29.54
26/03/2010,30.09,30.2,29.59,29.66,55595500,29.19
29/03/2010,29.71,29.82,29.55,29.59,33336000,29.12
30/03/2010,29.63,29.86,29.5,29.77,34954800,29.3
31/03/2010,29.64,29.72,29.17,29.29,63760000,28.83
01/04/2010,29.35,29.54,28.62,29.16,74768100,28.7
05/04/2010,29.13,29.43,29.03,29.27,34331200,28.81
06/04/2010,29.15,29.58,28.98,29.32,47366800,28.86
07/04/2010,29.16,29.56,29.14,29.35,58318800,28.89
08/04/2010,29.32,29.98,29.3,29.92,63713800,29.45
09/04/2010,29.95,30.41,29.9,30.34,54752500,29.86
12/04/2010,30.25,30.49,30.21,30.32,37068800,29.84
13/04/2010,30.15,30.5,30.13,30.45,41374600,29.97
14/04/2010,30.79,31,30.66,30.82,68941200,30.33
15/04/2010,30.82,30.95,30.71,30.87,52745400,30.38
16/04/2010,30.79,30.98,30.6,30.67,88703100,30.18
19/04/2010,30.77,31.25,30.76,31.04,64970300,30.55
20/04/2010,31.22,31.44,31.13,31.36,52199500,30.86
21/04/2010,31.33,31.5,31.23,31.33,55343100,30.83
22/04/2010,31.04,31.53,30.9,31.39,84847600,30.89
23/04/2010,31.12,31.58,30.65,30.96,126766600,30.47
26/04/2010,31,31.28,30.86,31.11,63649300,30.62
27/04/2010,30.95,31.25,30.75,30.85,68730900,30.36
28/04/2010,30.92,31,30.62,30.91,64557900,30.42
29/04/2010,30.93,31.43,30.67,31,52665200,30.51
30/04/2010,31.07,31.08,30.52,30.54,63214800,30.06
03/05/2010,30.67,31.06,30.58,30.86,43989500,30.37
04/05/2010,30.52,30.55,29.75,30.13,82085600,29.65
05/05/2010,29.77,30.09,29.69,29.85,66833800,29.38
06/05/2010,29.59,29.88,27.91,28.98,128613000,28.52
07/05/2010,28.93,28.95,27.32,28.21,173718100,27.76
10/05/2010,29.01,29.48,28.71,28.94,86653300,28.48
11/05/2010,28.68,29.65,28.57,28.88,63789400,28.42
12/05/2010,28.98,29.58,28.92,29.44,47146800,28.97
13/05/2010,29.26,29.73,29.18,29.24,45188800,28.78
14/05/2010,29.2,29.21,28.64,28.93,63334000,28.47
17/05/2010,29.12,29.23,28.45,28.94,46053300,28.48
18/05/2010,28.87,29,28.4,28.6,52690600,28.27
19/05/2010,28.52,28.69,27.79,28.24,61746700,27.92
20/05/2010,27.65,27.84,27.04,27.11,87991100,26.8
21/05/2010,26.63,27.11,26.44,26.84,117596300,26.53
24/05/2010,26.85,26.86,26.26,26.27,73711700,25.97
25/05/2010,25.65,26.33,25.38,26.07,98373600,25.77
26/05/2010,26.23,26.61,24.56,25.01,176684100,24.73
27/05/2010,25.73,26.36,25.73,26,136433600,25.7
28/05/2010,25.84,26.12,25.66,25.8,67496900,25.51
01/06/2010,25.53,26.31,25.52,25.89,76152400,25.6
02/06/2010,26.06,26.48,25.73,26.46,65718800,26.16
03/06/2010,26.55,26.93,26.41,26.86,67837000,26.55
04/06/2010,26.1,26.57,25.62,25.79,89832200,25.5
07/06/2010,25.82,25.83,25.24,25.29,80456200,25
08/06/2010,25.25,25.26,24.65,25.11,87355000,24.82
09/06/2010,25.22,25.52,24.75,24.79,87794000,24.51
10/06/2010,25.13,25.15,24.78,25,78930900,24.72
11/06/2010,25.04,25.72,24.77,25.66,68057700,25.37
14/06/2010,25.86,25.96,25.47,25.5,50972400,25.21
15/06/2010,25.75,26.65,25.74,26.58,81641500,26.28
16/06/2010,26.47,26.58,26.23,26.32,48698000,26.02
17/06/2010,26.56,26.67,26.04,26.37,47995500,26.07
18/06/2010,26.37,26.53,26.17,26.44,52075600,26.14
21/06/2010,26.78,26.89,25.89,25.95,54625300,25.65
22/06/2010,26.16,26.45,25.76,25.77,55985400,25.48
23/06/2010,25.78,25.78,25.22,25.31,61466200,25.02
24/06/2010,25.46,25.72,24.93,25,85243400,24.72
25/06/2010,25.05,25.11,24.31,24.53,156256700,24.25
28/06/2010,24.51,24.61,24.12,24.31,73784800,24.03
29/06/2010,24.13,24.2,23.11,23.31,119882100,23.04
30/06/2010,23.3,23.68,22.95,23.01,81050500,22.75
01/07/2010,23.09,23.32,22.73,23.16,92239400,22.9
02/07/2010,23.36,23.48,23.05,23.27,62485100,23.01
06/07/2010,23.7,24.09,23.58,23.82,73592000,23.55
07/07/2010,23.82,24.32,23.61,24.3,79965300,24.02
08/07/2010,24.6,24.62,23.97,24.41,50758100,24.13
09/07/2010,24.33,24.41,24.15,24.27,53806100,23.99
12/07/2010,24.43,24.89,24.42,24.83,49854200,24.55
13/07/2010,25.14,25.3,24.9,25.13,61928700,24.84
14/07/2010,25.5,25.61,25.12,25.44,72808100,25.15
15/07/2010,25.5,25.59,24.98,25.51,56934700,25.22
16/07/2010,25.51,25.64,24.88,24.89,65064800,24.61
19/07/2010,24.96,25.3,24.91,25.23,38181800,24.94
20/07/2010,24.86,25.48,24.7,25.48,45530700,25.19
21/07/2010,25.6,25.65,24.98,25.12,73297300,24.83
22/07/2010,25.51,25.99,25.47,25.84,73016400,25.55
23/07/2010,25.84,26.02,25.25,25.81,108520100,25.52
26/07/2010,25.86,26.2,25.8,26.1,67249900,25.8
27/07/2010,26.14,26.24,25.96,26.16,60672100,25.86
28/07/2010,26.07,26.19,25.83,25.95,69704800,25.65
29/07/2010,26.13,26.41,25.6,26.03,69446200,25.73
30/07/2010,25.75,25.84,25.35,25.81,83534800,25.52
02/08/2010,25.99,26.38,25.75,26.33,55044600,26.03
03/08/2010,26.2,26.35,25.97,26.16,56877700,25.86
04/08/2010,26.15,26.24,25.44,25.73,78531900,25.44
05/08/2010,25.49,25.58,25.21,25.37,64922100,25.08
06/08/2010,25.18,25.56,25.02,25.55,55982100,25.26
09/08/2010,25.55,25.73,25.37,25.61,57096500,25.32
10/08/2010,25.33,25.34,24.88,25.07,87257700,24.78
11/08/2010,24.68,24.9,24.56,24.86,76746900,24.58
12/08/2010,24.42,24.68,24.36,24.49,70240500,24.21
13/08/2010,24.35,24.67,24.24,24.4,45263500,24.12
16/08/2010,24.36,24.61,24.3,24.5,40909700,24.22
17/08/2010,24.71,24.96,24.6,24.71,52912600,24.56
18/08/2010,24.68,24.95,24.41,24.82,46818900,24.67
19/08/2010,24.62,24.74,24.21,24.44,54064600,24.29
20/08/2010,24.31,24.4,24.2,24.23,49560100,24.08
23/08/2010,24.44,24.64,24.24,24.28,51643000,24.13
24/08/2010,24.09,24.35,24,24.04,66522500,23.89
25/08/2010,24,24.22,23.87,24.1,47404800,23.95
26/08/2010,24.09,24.19,23.79,23.82,49105300,23.67
27/08/2010,23.88,24.02,23.51,23.93,60939400,23.78
30/08/2010,23.74,23.82,23.6,23.64,45453100,23.5
31/08/2010,23.6,23.73,23.32,23.47,66074600,23.33
01/09/2010,23.67,23.95,23.54,23.9,65235900,23.75
02/09/2010,23.88,23.95,23.71,23.94,48837100,23.79
03/09/2010,24.24,24.45,24.2,24.29,64189100,24.14
07/09/2010,24.1,24.3,23.92,23.96,51928700,23.81
08/09/2010,24.07,24.2,23.74,23.93,65512400,23.78
09/09/2010,24.19,24.21,23.99,24.01,46028900,23.86
10/09/2010,23.98,24.03,23.79,23.85,58284300,23.7
13/09/2010,24.2,25.29,24.09,25.11,114680400,24.96
14/09/2010,25.04,25.35,24.89,25.03,87160400,24.88
15/09/2010,25.1,25.22,24.92,25.12,56201900,24.97
16/09/2010,25.06,25.37,25.05,25.33,44548300,25.18
17/09/2010,25.4,25.53,25.08,25.22,70341600,25.07
20/09/2010,25.28,25.52,25.11,25.43,49838700,25.27
21/09/2010,25.42,25.42,25.08,25.15,52675700,25
22/09/2010,24.89,24.97,24.36,24.61,94299400,24.46
23/09/2010,24.51,24.59,24.36,24.43,46201800,24.28
24/09/2010,24.64,24.8,24.58,24.78,51948800,24.63
27/09/2010,24.85,24.99,24.59,24.73,43603300,24.58
28/09/2010,24.8,24.9,24.35,24.68,56041200,24.53
29/09/2010,24.63,24.66,24.4,24.5,44318900,24.35
30/09/2010,24.61,24.83,24.36,24.49,61262700,24.34
01/10/2010,24.77,24.82,24.3,24.38,62672300,24.23
04/10/2010,23.96,23.99,23.78,23.91,98143400,23.76
05/10/2010,24.06,24.45,23.91,24.35,78152900,24.2
06/10/2010,24.32,24.54,24.13,24.43,50489700,24.28
07/10/2010,24.62,24.75,24.28,24.53,50096100,24.38
08/10/2010,24.62,24.65,24.37,24.57,41327800,24.42
11/10/2010,24.74,24.74,24.5,24.59,27587800,24.44
12/10/2010,24.65,24.93,24.43,24.83,50141500,24.68
13/10/2010,25.02,25.54,24.89,25.34,75336500,25.19
14/10/2010,25.29,25.34,25,25.23,51949100,25.08
15/10/2010,25.36,25.55,25.23,25.54,68954800,25.38
18/10/2010,25.59,25.95,25.45,25.82,48330500,25.66
19/10/2010,25.27,25.37,24.95,25.1,66150900,24.95
20/10/2010,25.26,25.4,25.1,25.31,56283600,25.16
21/10/2010,25.4,25.54,25.05,25.42,50032400,25.26
22/10/2010,25.52,25.54,25.27,25.38,25837900,25.23
25/10/2010,25.24,25.35,25.17,25.19,50912400,25.04
26/10/2010,25.12,25.97,25.06,25.9,69304200,25.74
27/10/2010,25.79,26.11,25.62,26.05,64805500,25.89
28/10/2010,26.21,26.38,25.92,26.28,80730300,26.12
29/10/2010,27.15,27.2,26.48,26.67,114193200,26.51
01/11/2010,26.88,27.22,26.7,26.95,61912100,26.79
02/11/2010,27.06,27.42,27.02,27.39,54402100,27.22
03/11/2010,27.46,27.49,26.96,27.03,110255300,26.86
04/11/2010,27.41,27.43,27.01,27.14,93599300,26.97
05/11/2010,27.17,27.19,26.53,26.85,110953700,26.69
08/11/2010,26.68,28.87,26.58,26.81,71670800,26.65
09/11/2010,26.81,27.11,26.71,26.95,58538600,26.79
10/11/2010,27.01,27.08,26.81,26.94,52277300,26.78
11/11/2010,26.68,26.72,26.28,26.68,62073100,26.52
12/11/2010,26.47,26.52,26.1,26.27,64962200,26.11
15/11/2010,26.33,26.5,26.17,26.2,51794600,26.04
16/11/2010,26.04,26.04,25.65,25.81,65339200,25.81
17/11/2010,25.9,25.91,25.55,25.57,58299700,25.57
18/11/2010,25.71,26.08,25.61,25.84,59514000,25.84
19/11/2010,25.8,25.83,25.6,25.69,52409700,25.69
