01/01/2004,1.2957
02/01/2004,1.288
05/01/2004,1.2821
06/01/2004,1.2854
07/01/2004,1.2898
08/01/2004,1.2802
09/01/2004,1.271
12/01/2004,1.276
13/01/2004,1.2713
14/01/2004,1.2879
15/01/2004,1.2956
16/01/2004,1.2956
19/01/2004,1.3018
20/01/2004,1.2905
21/01/2004,1.3004
22/01/2004,1.2952
23/01/2004,1.313
26/01/2004,1.3136
27/01/2004,1.305
28/01/2004,1.3251
29/01/2004,1.3296
30/01/2004,1.3296
02/02/2004,1.3373
03/02/2004,1.3374
04/02/2004,1.3325
05/02/2004,1.3384
06/02/2004,1.3263
09/02/2004,1.3277
10/02/2004,1.3299
11/02/2004,1.3134
12/02/2004,1.3187
13/02/2004,1.3161
16/02/2004,1.3155
17/02/2004,1.3103
18/02/2004,1.3247
19/02/2004,1.3303
20/02/2004,1.3366
23/02/2004,1.3364
24/02/2004,1.3286
25/02/2004,1.3348
26/02/2004,1.3418
27/02/2004,1.3354
01/03/2004,1.3389
02/03/2004,1.3424
03/03/2004,1.3385
04/03/2004,1.3327
05/03/2004,1.3215
08/03/2004,1.3205
09/03/2004,1.3205
10/03/2004,1.3232
11/03/2004,1.3193
12/03/2004,1.3352
15/03/2004,1.3338
16/03/2004,1.332
17/03/2004,1.3383
18/03/2004,1.3276
19/03/2004,1.3339
22/03/2004,1.3333
23/03/2004,1.3323
24/03/2004,1.3411
25/03/2004,1.3288
26/03/2004,1.3181
29/03/2004,1.3092
30/03/2004,1.3075
31/03/2004,1.3105
01/04/2004,1.3069
02/04/2004,1.3139
05/04/2004,1.3127
06/04/2004,1.3083
07/04/2004,1.3094
08/04/2004,1.3268
09/04/2004,1.3326
12/04/2004,1.336
13/04/2004,1.3338
14/04/2004,1.3452
15/04/2004,1.343
16/04/2004,1.346
19/04/2004,1.345
20/04/2004,1.3566
21/04/2004,1.359
22/04/2004,1.3549
23/04/2004,1.3606
26/04/2004,1.349
27/04/2004,1.3501
28/04/2004,1.374
29/04/2004,1.3705
30/04/2004,1.3715
03/05/2004,1.3726
04/05/2004,1.3685
05/05/2004,1.3741
06/05/2004,1.3767
07/05/2004,1.3828
10/05/2004,1.3906
11/05/2004,1.3871
12/05/2004,1.3874
13/05/2004,1.3929
14/05/2004,1.3901
17/05/2004,1.3955
18/05/2004,1.3901
19/05/2004,1.3765
20/05/2004,1.3679
21/05/2004,1.373
24/05/2004,1.3695
25/05/2004,1.3729
26/05/2004,1.3701
27/05/2004,1.358
28/05/2004,1.3617
31/05/2004,1.3636
01/06/2004,1.3659
02/06/2004,1.362
03/06/2004,1.3614
04/06/2004,1.3509
07/06/2004,1.3453
08/06/2004,1.3475
09/06/2004,1.3584
10/06/2004,1.3602
11/06/2004,1.3642
14/06/2004,1.3741
15/06/2004,1.3684
16/06/2004,1.3744
17/06/2004,1.3719
18/06/2004,1.3632
21/06/2004,1.364
22/06/2004,1.3582
23/06/2004,1.359
24/06/2004,1.3457
25/06/2004,1.3503
28/06/2004,1.3464
29/06/2004,1.344
30/06/2004,1.3328
01/07/2004,1.3314
02/07/2004,1.3237
05/07/2004,1.3262
06/07/2004,1.3268
07/07/2004,1.3216
08/07/2004,1.3165
09/07/2004,1.3178
12/07/2004,1.3178
13/07/2004,1.3186
14/07/2004,1.3218
15/07/2004,1.3244
16/07/2004,1.3091
19/07/2004,1.3068
20/07/2004,1.3127
21/07/2004,1.3228
22/07/2004,1.3165
23/07/2004,1.3208
26/07/2004,1.3313
27/07/2004,1.332
28/07/2004,1.3292
29/07/2004,1.3263
30/07/2004,1.3293
02/08/2004,1.3314
03/08/2004,1.3166
04/08/2004,1.3143
05/08/2004,1.3179
06/08/2004,1.312
09/08/2004,1.3171
10/08/2004,1.318
11/08/2004,1.3244
12/08/2004,1.33
13/08/2004,1.3084
16/08/2004,1.307
17/08/2004,1.3064
18/08/2004,1.3047
19/08/2004,1.2976
20/08/2004,1.2985
23/08/2004,1.3076
24/08/2004,1.3061
25/08/2004,1.3052
26/08/2004,1.3074
27/08/2004,1.3137
30/08/2004,1.3186
31/08/2004,1.3124
01/09/2004,1.3064
02/09/2004,1.2994
03/09/2004,1.2995
06/09/2004,1.2983
07/09/2004,1.2869
08/09/2004,1.2904
09/09/2004,1.2877
10/09/2004,1.2908
13/09/2004,1.3012
14/09/2004,1.2933
15/09/2004,1.2968
16/09/2004,1.2905
17/09/2004,1.3023
20/09/2004,1.2942
21/09/2004,1.2861
22/09/2004,1.2836
23/09/2004,1.2792
24/09/2004,1.275
27/09/2004,1.2717
28/09/2004,1.2718
29/09/2004,1.2696
30/09/2004,1.261
01/10/2004,1.2624
04/10/2004,1.2726
05/10/2004,1.2614
06/10/2004,1.2591
07/10/2004,1.2612
08/10/2004,1.2519
11/10/2004,1.2553
12/10/2004,1.2563
13/10/2004,1.257
14/10/2004,1.2561
15/10/2004,1.2524
18/10/2004,1.2574
19/10/2004,1.2567
20/10/2004,1.2456
21/10/2004,1.2427
22/10/2004,1.2335
25/10/2004,1.2209
26/10/2004,1.2258
27/10/2004,1.2259
28/10/2004,1.2234
29/10/2004,1.2177
01/11/2004,1.2222
02/11/2004,1.2239
03/11/2004,1.2087
04/11/2004,1.207
05/11/2004,1.1973
08/11/2004,1.1938
09/11/2004,1.2
10/11/2004,1.1938
11/11/2004,1.1956
12/11/2004,1.1924
15/11/2004,1.2003
16/11/2004,1.1954
17/11/2004,1.1929
18/11/2004,1.2054
19/11/2004,1.1928
22/11/2004,1.1864
23/11/2004,1.186
24/11/2004,1.1804
25/11/2004,1.1771
26/11/2004,1.1756
29/11/2004,1.1862
30/11/2004,1.1857
01/12/2004,1.1834
02/12/2004,1.194
03/12/2004,1.1914
06/12/2004,1.2004
07/12/2004,1.2075
08/12/2004,1.2157
09/12/2004,1.2201
10/12/2004,1.2248
13/12/2004,1.2279
14/12/2004,1.235
15/12/2004,1.2245
16/12/2004,1.2329
17/12/2004,1.2269
20/12/2004,1.2291
21/12/2004,1.2306
22/12/2004,1.2413
23/12/2004,1.2322
24/12/2004,1.2293
27/12/2004,1.2186
28/12/2004,1.2164
29/12/2004,1.2101
30/12/2004,1.2044
31/12/2004,1.1992
03/01/2005,1.2066
04/01/2005,1.2225
05/01/2005,1.2259
06/01/2005,1.2349
07/01/2005,1.2318
10/01/2005,1.2222
11/01/2005,1.2177
12/01/2005,1.2001
13/01/2005,1.2016
14/01/2005,1.2155
17/01/2005,1.2164
18/01/2005,1.2238
19/01/2005,1.2267
20/01/2005,1.2328
21/01/2005,1.2206
24/01/2005,1.2239
25/01/2005,1.2359
26/01/2005,1.2338
27/01/2005,1.238
28/01/2005,1.2406
31/01/2005,1.2409
01/02/2005,1.2357
02/02/2005,1.2373
03/02/2005,1.2411
04/02/2005,1.2485
07/02/2005,1.2554
08/02/2005,1.2473
09/02/2005,1.2495
10/02/2005,1.2419
11/02/2005,1.2362
14/02/2005,1.2337
15/02/2005,1.2301
16/02/2005,1.2368
17/02/2005,1.2275
18/02/2005,1.2312
21/02/2005,1.2335
22/02/2005,1.2244
23/02/2005,1.2377
24/02/2005,1.2392
25/02/2005,1.2389
28/02/2005,1.2331
01/03/2005,1.2407
02/03/2005,1.2391
03/03/2005,1.2433
04/03/2005,1.2304
07/03/2005,1.229
08/03/2005,1.2141
09/03/2005,1.2053
10/03/2005,1.2039
11/03/2005,1.2051
14/03/2005,1.2062
15/03/2005,1.2066
16/03/2005,1.2045
17/03/2005,1.2013
18/03/2005,1.2021
21/03/2005,1.2103
22/03/2005,1.209
23/03/2005,1.2162
24/03/2005,1.2153
25/03/2005,1.2184
28/03/2005,1.2189
29/03/2005,1.2122
30/03/2005,1.2166
31/03/2005,1.2094
01/04/2005,1.2147
04/04/2005,1.2217
05/04/2005,1.2173
06/04/2005,1.2218
07/04/2005,1.2228
08/04/2005,1.2275
11/04/2005,1.2326
12/04/2005,1.2381
13/04/2005,1.2382
14/04/2005,1.2416
15/04/2005,1.2464
18/04/2005,1.2467
19/04/2005,1.2373
20/04/2005,1.2393
21/04/2005,1.2387
22/04/2005,1.2346
25/04/2005,1.2373
26/04/2005,1.2449
27/04/2005,1.249
28/04/2005,1.2514
29/04/2005,1.2581
02/05/2005,1.2551
03/05/2005,1.2519
04/05/2005,1.2457
05/05/2005,1.2452
06/05/2005,1.2414
09/05/2005,1.2386
10/05/2005,1.2368
11/05/2005,1.2475
12/05/2005,1.2508
13/05/2005,1.265
16/05/2005,1.2694
17/05/2005,1.2656
18/05/2005,1.2596
19/05/2005,1.2596
20/05/2005,1.2657
23/05/2005,1.2579
24/05/2005,1.2593
25/05/2005,1.2637
26/05/2005,1.2668
27/05/2005,1.2537
30/05/2005,1.256
31/05/2005,1.255
01/06/2005,1.248
02/06/2005,1.2478
03/06/2005,1.2473
06/06/2005,1.2443
07/06/2005,1.245
08/06/2005,1.2512
09/06/2005,1.2564
10/06/2005,1.2495
13/06/2005,1.2557
14/06/2005,1.2529
15/06/2005,1.2373
16/06/2005,1.2352
17/06/2005,1.2289
20/06/2005,1.2357
21/06/2005,1.2315
22/06/2005,1.2341
23/06/2005,1.2316
24/06/2005,1.2323
27/06/2005,1.2308
28/06/2005,1.2312
29/06/2005,1.2282
30/06/2005,1.225
01/07/2005,1.2412
04/07/2005,1.2404
05/07/2005,1.2433
06/07/2005,1.2369
07/07/2005,1.2285
08/07/2005,1.219
11/07/2005,1.2162
12/07/2005,1.2022
13/07/2005,1.2072
14/07/2005,1.212
15/07/2005,1.2206
18/07/2005,1.2165
19/07/2005,1.2185
20/07/2005,1.2213
21/07/2005,1.2176
22/07/2005,1.2185
25/07/2005,1.2184
26/07/2005,1.2292
27/07/2005,1.2364
28/07/2005,1.2316
29/07/2005,1.2238
01/08/2005,1.2114
02/08/2005,1.216
03/08/2005,1.216
04/08/2005,1.2135
05/08/2005,1.2158
08/08/2005,1.2151
09/08/2005,1.2133
10/08/2005,1.2098
11/08/2005,1.2001
12/08/2005,1.1964
15/08/2005,1.199
16/08/2005,1.1981
17/08/2005,1.213
18/08/2005,1.2182
19/08/2005,1.2114
22/08/2005,1.2019
23/08/2005,1.1969
24/08/2005,1.1909
25/08/2005,1.1925
26/08/2005,1.1983
29/08/2005,1.1983
30/08/2005,1.1912
31/08/2005,1.1869
01/09/2005,1.1831
02/09/2005,1.1874
05/09/2005,1.1891
06/09/2005,1.1886
07/09/2005,1.1881
08/09/2005,1.1814
09/09/2005,1.177
12/09/2005,1.1856
13/09/2005,1.181
14/09/2005,1.1807
15/09/2005,1.1844
16/09/2005,1.1783
19/09/2005,1.1685
20/09/2005,1.1695
21/09/2005,1.1698
22/09/2005,1.1704
23/09/2005,1.1711
26/09/2005,1.1719
27/09/2005,1.1773
28/09/2005,1.1726
29/09/2005,1.1707
30/09/2005,1.1623
03/10/2005,1.1645
04/10/2005,1.1716
05/10/2005,1.1822
06/10/2005,1.1816
07/10/2005,1.175
10/10/2005,1.1758
11/10/2005,1.1758
12/10/2005,1.17
13/10/2005,1.1824
14/10/2005,1.185
17/10/2005,1.1788
18/10/2005,1.1781
19/10/2005,1.174
20/10/2005,1.1776
21/10/2005,1.1881
24/10/2005,1.1866
25/10/2005,1.1755
26/10/2005,1.1706
27/10/2005,1.172
28/10/2005,1.1774
31/10/2005,1.17661
01/11/2005,1.1752
02/11/2005,1.1785
03/11/2005,1.1817
04/11/2005,1.1834
07/11/2005,1.1866
08/11/2005,1.186
09/11/2005,1.1858
10/11/2005,1.1899
11/11/2005,1.1896
14/11/2005,1.1933
15/11/2005,1.1919
16/11/2005,1.1931
17/11/2005,1.1861
18/11/2005,1.1899
21/11/2005,1.1832
22/11/2005,1.1744
23/11/2005,1.1717
24/11/2005,1.1716
25/11/2005,1.1691
28/11/2005,1.16942
29/11/2005,1.16877
30/11/2005,1.16854
01/12/2005,1.16803
02/12/2005,1.16698
05/12/2005,1.16159
06/12/2005,1.1603
07/12/2005,1.15627
08/12/2005,1.15863
09/12/2005,1.15925
12/12/2005,1.15676
13/12/2005,1.15509
14/12/2005,1.15135
15/12/2005,1.14799
16/12/2005,1.15393
19/12/2005,1.15868
20/12/2005,1.16009
21/12/2005,1.16908
22/12/2005,1.17154
23/12/2005,1.1665
26/12/2005,1.1652
27/12/2005,1.16611
28/12/2005,1.16811
29/12/2005,1.17008
30/12/2005,1.16552
02/01/2006,1.1617
03/01/2006,1.16177
04/01/2006,1.16136
05/01/2006,1.15145
06/01/2006,1.16419
09/01/2006,1.16753
10/01/2006,1.16824
11/01/2006,1.16442
12/01/2006,1.15919
13/01/2006,1.16139
16/01/2006,1.15942
17/01/2006,1.15973
18/01/2006,1.16507
19/01/2006,1.17146
20/01/2006,1.16145
23/01/2006,1.15143
24/01/2006,1.15206
25/01/2006,1.15129
26/01/2006,1.15145
27/01/2006,1.14914
30/01/2006,1.1477
31/01/2006,1.14507
01/02/2006,1.13999
02/02/2006,1.14267
03/02/2006,1.14581
06/02/2006,1.14437
07/02/2006,1.14777
08/02/2006,1.15298
09/02/2006,1.14839
10/02/2006,1.14776
13/02/2006,1.15421
14/02/2006,1.15535
15/02/2006,1.15415
16/02/2006,1.15791
17/02/2006,1.15572
20/02/2006,1.14948
21/02/2006,1.14727
22/02/2006,1.14813
23/02/2006,1.14943
24/02/2006,1.15228
27/02/2006,1.14711
28/02/2006,1.13964
01/03/2006,1.13697
02/03/2006,1.13412
03/03/2006,1.13271
06/03/2006,1.13616
07/03/2006,1.14276
08/03/2006,1.15112
09/03/2006,1.15645
10/03/2006,1.16045
13/03/2006,1.16021
14/03/2006,1.15772
15/03/2006,1.1554
16/03/2006,1.15466
17/03/2006,1.15536
20/03/2006,1.16142
21/03/2006,1.16226
22/03/2006,1.1658
23/03/2006,1.16638
24/03/2006,1.16667
27/03/2006,1.16879
28/03/2006,1.16792
29/03/2006,1.17142
30/03/2006,1.16717
31/03/2006,1.16237
03/04/2006,1.17155
04/04/2006,1.17
05/04/2006,1.16252
06/04/2006,1.15846
07/04/2006,1.15143
10/04/2006,1.14753
11/04/2006,1.14647
12/04/2006,1.14542
13/04/2006,1.1487
14/04/2006,1.15012
17/04/2006,1.14725
18/04/2006,1.14422
19/04/2006,1.1388
20/04/2006,1.13753
21/04/2006,1.13837
24/04/2006,1.13605
25/04/2006,1.13543
26/04/2006,1.13036
27/04/2006,1.12655
28/04/2006,1.12241
01/05/2006,1.11565
02/05/2006,1.1113
03/05/2006,1.10531
04/05/2006,1.10921
05/05/2006,1.10822
08/05/2006,1.10718
09/05/2006,1.10937
10/05/2006,1.10008
11/05/2006,1.10275
12/05/2006,1.10306
15/05/2006,1.11202
16/05/2006,1.1125
17/05/2006,1.10722
18/05/2006,1.11606
19/05/2006,1.12118
22/05/2006,1.12153
23/05/2006,1.11566
24/05/2006,1.12199
25/05/2006,1.11536
26/05/2006,1.10771
29/05/2006,1.10508
30/05/2006,1.10178
31/05/2006,1.09816
01/06/2006,1.10297
02/06/2006,1.10218
05/06/2006,1.10041
06/06/2006,1.10954
07/06/2006,1.11314
08/06/2006,1.11645
09/06/2006,1.11584
12/06/2006,1.10312
13/06/2006,1.10326
14/06/2006,1.11219
15/06/2006,1.11422
16/06/2006,1.11493
19/06/2006,1.12249
20/06/2006,1.11956
21/06/2006,1.11246
22/06/2006,1.11172
23/06/2006,1.12075
26/06/2006,1.12116
27/06/2006,1.12155
28/06/2006,1.12303
29/06/2006,1.11971
30/06/2006,1.11085
03/07/2006,1.11393
04/07/2006,1.11019
05/07/2006,1.10827
06/07/2006,1.11234
07/07/2006,1.11213
10/07/2006,1.11883
11/07/2006,1.1265
12/07/2006,1.13341
13/07/2006,1.13227
14/07/2006,1.12976
17/07/2006,1.1306
18/07/2006,1.13469
19/07/2006,1.13624
20/07/2006,1.13324
21/07/2006,1.13353
24/07/2006,1.14012
25/07/2006,1.14069
26/07/2006,1.13939
27/07/2006,1.134
28/07/2006,1.13388
31/07/2006,1.12889
01/08/2006,1.13155
02/08/2006,1.12881
03/08/2006,1.12585
04/08/2006,1.12633
07/08/2006,1.12331
08/08/2006,1.1199
09/08/2006,1.12165
10/08/2006,1.12141
11/08/2006,1.12498
14/08/2006,1.12427
15/08/2006,1.12667
16/08/2006,1.12065
17/08/2006,1.11856
18/08/2006,1.12293
21/08/2006,1.12084
22/08/2006,1.11747
23/08/2006,1.1127
24/08/2006,1.11102
25/08/2006,1.10834
28/08/2006,1.10824
29/08/2006,1.10939
30/08/2006,1.10802
31/08/2006,1.10787
01/09/2006,1.10489
04/09/2006,1.10573
05/09/2006,1.10923
06/09/2006,1.10977
07/09/2006,1.10641
08/09/2006,1.11311
11/09/2006,1.12045
12/09/2006,1.1196
13/09/2006,1.12
14/09/2006,1.11785
15/09/2006,1.11874
18/09/2006,1.11873
19/09/2006,1.12004
20/09/2006,1.12701
21/09/2006,1.12405
22/09/2006,1.11734
25/09/2006,1.11667
26/09/2006,1.11544
27/09/2006,1.11411
28/09/2006,1.1109
29/09/2006,1.11374
02/10/2006,1.11778
03/10/2006,1.11751
04/10/2006,1.12481
05/10/2006,1.12601
06/10/2006,1.12523
09/10/2006,1.12465
10/10/2006,1.1271
11/10/2006,1.13459
12/10/2006,1.13632
13/10/2006,1.1345
16/10/2006,1.1374
17/10/2006,1.13744
18/10/2006,1.13885
19/10/2006,1.13476
20/10/2006,1.1262
23/10/2006,1.12613
24/10/2006,1.12873
25/10/2006,1.12657
26/10/2006,1.12396
27/10/2006,1.12195
30/10/2006,1.12069
31/10/2006,1.1251
01/11/2006,1.12733
02/11/2006,1.13311
03/11/2006,1.13211
06/11/2006,1.13107
07/11/2006,1.12849
08/11/2006,1.12985
09/11/2006,1.13024
10/11/2006,1.12864
13/11/2006,1.13343
14/11/2006,1.13766
15/11/2006,1.13858
16/11/2006,1.13921
17/11/2006,1.14326
20/11/2006,1.14523
21/11/2006,1.14629
22/11/2006,1.14354
23/11/2006,1.14136
24/11/2006,1.13756
27/11/2006,1.133
28/11/2006,1.13167
29/11/2006,1.13387
30/11/2006,1.139
01/12/2006,1.14151
04/12/2006,1.14403
05/12/2006,1.14092
06/12/2006,1.14336
07/12/2006,1.14771
08/12/2006,1.14896
11/12/2006,1.14852
12/12/2006,1.14947
13/12/2006,1.15229
14/12/2006,1.15597
15/12/2006,1.15655
18/12/2006,1.15685
19/12/2006,1.1558
20/12/2006,1.15037
21/12/2006,1.14989
22/12/2006,1.1549
25/12/2006,1.15768
26/12/2006,1.15844
27/12/2006,1.16111
28/12/2006,1.16051
29/12/2006,1.16092
01/01/2007,1.1654
02/01/2007,1.16417
03/01/2007,1.16682
04/01/2007,1.17346
05/01/2007,1.17647
08/01/2007,1.17412
09/01/2007,1.17539
10/01/2007,1.17676
11/01/2007,1.17494
12/01/2007,1.17452
15/01/2007,1.16853
16/01/2007,1.16883
17/01/2007,1.1749
18/01/2007,1.17374
19/01/2007,1.17315
22/01/2007,1.17422
23/01/2007,1.18164
24/01/2007,1.18067
25/01/2007,1.17809
26/01/2007,1.18193
29/01/2007,1.1808
30/01/2007,1.18211
31/01/2007,1.18002
01/02/2007,1.17688
02/02/2007,1.18083
05/02/2007,1.18403
06/02/2007,1.1823
07/02/2007,1.18272
08/02/2007,1.18505
09/02/2007,1.18037
12/02/2007,1.17341
13/02/2007,1.17281
14/02/2007,1.16686
15/02/2007,1.16462
16/02/2007,1.16363
19/02/2007,1.16398
20/02/2007,1.16558
21/02/2007,1.16754
22/02/2007,1.16099
23/02/2007,1.16061
26/02/2007,1.15917
27/02/2007,1.16088
28/02/2007,1.16777
01/03/2007,1.17004
02/03/2007,1.17344
05/03/2007,1.17835
06/03/2007,1.17821
07/03/2007,1.17661
08/03/2007,1.17856
09/03/2007,1.17732
12/03/2007,1.17101
13/03/2007,1.17052
14/03/2007,1.1746
15/03/2007,1.17523
16/03/2007,1.17491
19/03/2007,1.17612
20/03/2007,1.17226
21/03/2007,1.16036
22/03/2007,1.15678
23/03/2007,1.15799
26/03/2007,1.1617
27/03/2007,1.15858
28/03/2007,1.15782
29/03/2007,1.15894
30/03/2007,1.15544
02/04/2007,1.154
03/04/2007,1.15657
04/04/2007,1.15768
05/04/2007,1.15564
06/04/2007,1.1512
09/04/2007,1.15128
10/04/2007,1.14947
11/04/2007,1.14558
12/04/2007,1.13845
13/04/2007,1.13502
16/04/2007,1.13391
17/04/2007,1.1314
18/04/2007,1.12963
19/04/2007,1.12815
20/04/2007,1.12677
23/04/2007,1.12279
24/04/2007,1.12202
25/04/2007,1.11951
26/04/2007,1.11699
27/04/2007,1.11887
30/04/2007,1.1138
01/05/2007,1.10901
02/05/2007,1.11065
03/05/2007,1.1076
04/05/2007,1.10665
07/05/2007,1.10454
08/05/2007,1.10253
09/05/2007,1.10612
10/05/2007,1.10712
11/05/2007,1.11206
14/05/2007,1.10923
15/05/2007,1.10317
16/05/2007,1.09997
17/05/2007,1.10174
18/05/2007,1.09539
21/05/2007,1.0868
22/05/2007,1.08505
23/05/2007,1.0854
24/05/2007,1.08297
25/05/2007,1.08313
28/05/2007,1.07988
29/05/2007,1.07857
30/05/2007,1.07311
31/05/2007,1.07162
01/06/2007,1.06729
04/06/2007,1.05892
05/06/2007,1.05895
06/06/2007,1.06008
07/06/2007,1.05884
08/06/2007,1.0632
11/06/2007,1.06145
12/06/2007,1.06133
13/06/2007,1.06824
14/06/2007,1.06724
15/06/2007,1.06641
18/06/2007,1.07008
19/06/2007,1.06879
20/06/2007,1.06396
21/06/2007,1.06856
22/06/2007,1.07249
25/06/2007,1.07008
26/06/2007,1.07016
27/06/2007,1.07099
28/06/2007,1.06613
29/06/2007,1.05897
02/07/2007,1.05982
03/07/2007,1.05741
04/07/2007,1.0588
05/07/2007,1.05759
06/07/2007,1.05353
09/07/2007,1.04766
10/07/2007,1.05018
11/07/2007,1.05589
12/07/2007,1.05126
13/07/2007,1.04638
16/07/2007,1.04565
17/07/2007,1.04352
18/07/2007,1.04334
19/07/2007,1.04387
20/07/2007,1.04413
23/07/2007,1.04572
24/07/2007,1.04336
25/07/2007,1.03822
26/07/2007,1.0451
27/07/2007,1.05675
30/07/2007,1.06629
31/07/2007,1.06423
01/08/2007,1.06463
02/08/2007,1.0559
03/08/2007,1.05385
06/08/2007,1.05506
07/08/2007,1.05401
08/08/2007,1.05239
09/08/2007,1.05187
10/08/2007,1.05648
13/08/2007,1.05311
14/08/2007,1.05843
15/08/2007,1.0727
16/08/2007,1.07925
17/08/2007,1.07132
20/08/2007,1.05919
21/08/2007,1.059
22/08/2007,1.0623
23/08/2007,1.05695
24/08/2007,1.05279
27/08/2007,1.05053
28/08/2007,1.05716
29/08/2007,1.06316
30/08/2007,1.0606
31/08/2007,1.05568
03/09/2007,1.05349
04/09/2007,1.05266
05/09/2007,1.05152
06/09/2007,1.05346
07/09/2007,1.05234
10/09/2007,1.05559
11/09/2007,1.04801
12/09/2007,1.04066
13/09/2007,1.0349
14/09/2007,1.03262
17/09/2007,1.02865
18/09/2007,1.02505
19/09/2007,1.01311
20/09/2007,1.00865
21/09/2007,0.99983
24/09/2007,0.99968
25/09/2007,1.00274
26/09/2007,1.00543
27/09/2007,1.00254
28/09/2007,0.9987
01/10/2007,0.99295
02/10/2007,0.99536
03/10/2007,0.99682
04/10/2007,0.99847
05/10/2007,0.99149
08/10/2007,0.98327
09/10/2007,0.98626
10/10/2007,0.98147
11/10/2007,0.97846
12/10/2007,0.9763
15/10/2007,0.9734
16/10/2007,0.97767
17/10/2007,0.97808
18/10/2007,0.97415
19/10/2007,0.9705
22/10/2007,0.97278
23/10/2007,0.97218
24/10/2007,0.96814
25/10/2007,0.96732
26/10/2007,0.96354
29/10/2007,0.95847
30/10/2007,0.95437
31/10/2007,0.95252
01/11/2007,0.946
02/11/2007,0.94377
05/11/2007,0.93441
06/11/2007,0.92915
07/11/2007,0.91414
08/11/2007,0.92959
09/11/2007,0.93407
12/11/2007,0.95206
13/11/2007,0.96269
14/11/2007,0.95768
15/11/2007,0.96889
16/11/2007,0.98156
19/11/2007,0.97633
20/11/2007,0.98237
21/11/2007,0.98341
22/11/2007,0.98426
23/11/2007,0.9849
26/11/2007,0.98511
27/11/2007,0.99092
28/11/2007,0.99483
29/11/2007,0.98968
30/11/2007,0.99716
03/12/2007,1.00041
04/12/2007,1.00463
05/12/2007,1.01428
06/12/2007,1.01352
07/12/2007,1.00811
10/12/2007,1.00587
11/12/2007,1.00798
12/12/2007,1.01118
13/12/2007,1.01436
14/12/2007,1.01898
17/12/2007,1.0145
18/12/2007,1.00648
19/12/2007,1.00531
20/12/2007,1.00099
21/12/2007,0.99735
24/12/2007,0.98999
25/12/2007,0.98515
26/12/2007,0.9843
27/12/2007,0.98114
28/12/2007,0.98021
31/12/2007,0.98136
01/01/2008,0.99744
02/01/2008,0.99068
03/01/2008,0.99281
04/01/2008,0.99104
07/01/2008,1.00254
08/01/2008,1.00203
09/01/2008,1.00519
10/01/2008,1.00992
11/01/2008,1.01293
14/01/2008,1.01806
15/01/2008,1.01666
16/01/2008,1.02092
17/01/2008,1.02389
18/01/2008,1.02759
21/01/2008,1.02945
22/01/2008,1.03194
23/01/2008,1.02777
24/01/2008,1.01853
25/01/2008,1.00567
28/01/2008,1.00788
29/01/2008,1.00184
30/01/2008,0.99664
31/01/2008,0.99724
01/02/2008,0.99955
04/02/2008,0.99514
05/02/2008,0.99838
06/02/2008,1.00606
07/02/2008,1.00763
08/02/2008,1.0054
11/02/2008,0.99964
12/02/2008,1.00047
13/02/2008,1.00002
14/02/2008,0.99706
15/02/2008,0.99977
18/02/2008,1.00724
19/02/2008,1.00815
20/02/2008,1.01573
21/02/2008,1.01173
22/02/2008,1.01195
25/02/2008,1.00698
26/02/2008,0.99285
27/02/2008,0.98016
28/02/2008,0.97846
29/02/2008,0.97816
03/03/2008,0.98582
04/03/2008,0.99078
05/03/2008,0.99234
06/03/2008,0.98527
07/03/2008,0.9846
10/03/2008,0.9903
11/03/2008,0.99409
12/03/2008,0.99017
13/03/2008,0.98743
14/03/2008,0.98543
17/03/2008,0.99244
18/03/2008,0.99471
19/03/2008,0.99558
20/03/2008,1.01931
21/03/2008,1.02354
24/03/2008,1.02511
25/03/2008,1.01654
26/03/2008,1.01679
27/03/2008,1.01757
28/03/2008,1.01715
31/03/2008,1.02361
01/04/2008,1.02499
02/04/2008,1.02009
03/04/2008,1.01243
04/04/2008,1.00665
07/04/2008,1.0131
08/04/2008,1.01334
09/04/2008,1.01578
10/04/2008,1.01808
11/04/2008,1.01876
14/04/2008,1.02354
15/04/2008,1.0195
16/04/2008,1.01097
17/04/2008,1.00419
18/04/2008,1.00832
21/04/2008,1.00522
22/04/2008,1.00713
23/04/2008,1.01126
24/04/2008,1.01723
25/04/2008,1.01557
28/04/2008,1.01182
29/04/2008,1.01311
30/04/2008,1.01057
01/05/2008,1.01158
02/05/2008,1.0186
05/05/2008,1.01695
06/05/2008,1.00941
07/05/2008,1.00326
08/05/2008,1.01148
09/05/2008,1.01111
12/05/2008,1.00637
13/05/2008,1.00507
14/05/2008,1.00286
15/05/2008,1.00238
16/05/2008,0.99946
19/05/2008,0.99577
20/05/2008,0.99147
21/05/2008,0.98822
22/05/2008,0.98453
23/05/2008,0.986641
26/05/2008,0.98891
27/05/2008,0.9911
28/05/2008,0.99296
29/05/2008,0.98889
30/05/2008,0.991847
02/06/2008,0.99669
03/06/2008,1.0022
04/06/2008,1.01052
05/06/2008,1.01743
06/06/2008,1.01823
09/06/2008,1.01937
10/06/2008,1.02453
11/06/2008,1.0205
12/06/2008,1.02222
13/06/2008,1.02596
16/06/2008,1.02654
17/06/2008,1.02114
18/06/2008,1.01859
19/06/2008,1.01577
20/06/2008,1.01578
23/06/2008,1.01595
24/06/2008,1.01514
25/06/2008,1.01178
26/06/2008,1.01009
27/06/2008,1.01073
30/06/2008,1.01158
01/07/2008,1.01943
02/07/2008,1.01863
03/07/2008,1.01532
04/07/2008,1.01713
07/07/2008,1.01936
08/07/2008,1.01859
09/07/2008,1.01565
10/07/2008,1.0111
11/07/2008,1.01009
14/07/2008,1.00822
15/07/2008,1.00281
16/07/2008,1.00161
17/07/2008,1.0016
18/07/2008,1.00541
21/07/2008,1.00466
22/07/2008,1.00319
23/07/2008,1.00869
24/07/2008,1.01043
25/07/2008,1.01557
28/07/2008,1.01995
29/07/2008,1.02294
30/07/2008,1.0235
31/07/2008,1.02341
01/08/2008,1.0268
04/08/2008,1.02944
05/08/2008,1.04048
06/08/2008,1.04391
07/08/2008,1.04824
08/08/2008,1.0592
11/08/2008,1.06654
12/08/2008,1.0678
13/08/2008,1.06546
14/08/2008,1.06215
15/08/2008,1.06462
18/08/2008,1.05924
19/08/2008,1.06401
20/08/2008,1.06183
21/08/2008,1.05491
22/08/2008,1.04495
25/08/2008,1.04848
26/08/2008,1.05043
27/08/2008,1.04605
28/08/2008,1.04679
29/08/2008,1.05338
01/09/2008,1.06562
02/09/2008,1.06915
03/09/2008,1.06847
04/09/2008,1.06143
05/09/2008,1.06704
08/09/2008,1.06125
09/09/2008,1.06551
10/09/2008,1.06935
11/09/2008,1.0752
12/09/2008,1.06946
15/09/2008,1.06517
16/09/2008,1.07055
17/09/2008,1.06909
18/09/2008,1.06695
19/09/2008,1.05697
22/09/2008,1.04394
23/09/2008,1.03465
24/09/2008,1.03489
25/09/2008,1.03517
26/09/2008,1.03422
29/09/2008,1.03777
30/09/2008,1.05083
01/10/2008,1.06106
02/10/2008,1.06798
03/10/2008,1.07838
06/10/2008,1.09114
07/10/2008,1.10157
08/10/2008,1.1093
09/10/2008,1.12904
10/10/2008,1.17291
13/10/2008,1.16653
14/10/2008,1.14482
15/10/2008,1.16679
16/10/2008,1.18971
17/10/2008,1.18282
20/10/2008,1.18432
21/10/2008,1.2007
22/10/2008,1.23294
23/10/2008,1.25894
24/10/2008,1.2702
27/10/2008,1.28211
28/10/2008,1.2922
29/10/2008,1.25982
30/10/2008,1.20829
31/10/2008,1.21761
03/11/2008,1.19686
04/11/2008,1.17479
05/11/2008,1.1558
06/11/2008,1.17327
07/11/2008,1.19223
10/11/2008,1.1797
11/11/2008,1.19654
12/11/2008,1.21085
13/11/2008,1.23463
14/11/2008,1.21846
17/11/2008,1.23199
18/11/2008,1.22879
19/11/2008,1.23454
20/11/2008,1.26163
21/11/2008,1.28539
24/11/2008,1.26125
25/11/2008,1.2348
26/11/2008,1.22935
27/11/2008,1.22958
28/11/2008,1.23603
01/12/2008,1.24086
02/12/2008,1.24522
03/12/2008,1.25353
04/12/2008,1.25942
05/12/2008,1.28194
08/12/2008,1.26095
09/12/2008,1.2565
10/12/2008,1.25859
11/12/2008,1.24575
12/12/2008,1.24456
15/12/2008,1.23672
16/12/2008,1.23061
17/12/2008,1.20341
18/12/2008,1.19253
19/12/2008,1.21466
22/12/2008,1.21288
23/12/2008,1.21849
24/12/2008,1.21595
25/12/2008,1.21482
26/12/2008,1.21765
29/12/2008,1.21552
30/12/2008,1.222
31/12/2008,1.21838
01/01/2009,1.21953
02/01/2009,1.21863
05/01/2009,1.20621
06/01/2009,1.18825
07/01/2009,1.18507
08/01/2009,1.19415
09/01/2009,1.18564
12/01/2009,1.19728
13/01/2009,1.22222
14/01/2009,1.22589
15/01/2009,1.24912
16/01/2009,1.24566
19/01/2009,1.24498
20/01/2009,1.25929
21/01/2009,1.26453
22/01/2009,1.25929
23/01/2009,1.25272
26/01/2009,1.22808
27/01/2009,1.22394
28/01/2009,1.22028
29/01/2009,1.21749
30/01/2009,1.2302
02/02/2009,1.23573
03/02/2009,1.24216
04/02/2009,1.23242
05/02/2009,1.23058
06/02/2009,1.23674
09/02/2009,1.22215
10/02/2009,1.22583
11/02/2009,1.24423
12/02/2009,1.2439
13/02/2009,1.23889
16/02/2009,1.24302
17/02/2009,1.2549
18/02/2009,1.26159
19/02/2009,1.25538
20/02/2009,1.25773
23/02/2009,1.24847
24/02/2009,1.24836
25/02/2009,1.24654
26/02/2009,1.25138
27/02/2009,1.25955
02/03/2009,1.28103
03/03/2009,1.28904
04/03/2009,1.28908
05/03/2009,1.28051
06/03/2009,1.28423
09/03/2009,1.28989
10/03/2009,1.29016
11/03/2009,1.28254
12/03/2009,1.28699
13/03/2009,1.2745
16/03/2009,1.27105
17/03/2009,1.27096
18/03/2009,1.26748
19/03/2009,1.24078
20/03/2009,1.23867
23/03/2009,1.23371
24/03/2009,1.22347
25/03/2009,1.22999
26/03/2009,1.22961
27/03/2009,1.23246
30/03/2009,1.24885
31/03/2009,1.25704
01/04/2009,1.2649
02/04/2009,1.25125
03/04/2009,1.23759
06/04/2009,1.23078
07/04/2009,1.2411
08/04/2009,1.23822
09/04/2009,1.23249
10/04/2009,1.22625
13/04/2009,1.22412
14/04/2009,1.21782
15/04/2009,1.21285
16/04/2009,1.20524
17/04/2009,1.21173
20/04/2009,1.2234
21/04/2009,1.23832
22/04/2009,1.23847
23/04/2009,1.23545
24/04/2009,1.21885
27/04/2009,1.21468
28/04/2009,1.22063
29/04/2009,1.21004
30/04/2009,1.19566
01/05/2009,1.18971
04/05/2009,1.1821
05/05/2009,1.17363
06/05/2009,1.17522
07/05/2009,1.16902
08/05/2009,1.1607
11/05/2009,1.15398
12/05/2009,1.16342
13/05/2009,1.16243
14/05/2009,1.1734
15/05/2009,1.17284
18/05/2009,1.17209
19/05/2009,1.15938
20/05/2009,1.15038
21/05/2009,1.14072
22/05/2009,1.12911
25/05/2009,1.12404
26/05/2009,1.12527
27/05/2009,1.1145
28/05/2009,1.11854
29/05/2009,1.09937
01/06/2009,1.08654
02/06/2009,1.0879
03/06/2009,1.08827
04/06/2009,1.10583
05/06/2009,1.10451
08/06/2009,1.11984
09/06/2009,1.10949
10/06/2009,1.10439
11/06/2009,1.10316
12/06/2009,1.11203
15/06/2009,1.12717
16/06/2009,1.13124
17/06/2009,1.13413
18/06/2009,1.13106
19/06/2009,1.13125
22/06/2009,1.14329
23/06/2009,1.15278
24/06/2009,1.14765
25/06/2009,1.15645
26/06/2009,1.1515
29/06/2009,1.1554
30/06/2009,1.15667
01/07/2009,1.1558
02/07/2009,1.15308
03/07/2009,1.15992
06/07/2009,1.16225
07/07/2009,1.16052
08/07/2009,1.16518
09/07/2009,1.1614
10/07/2009,1.16256
13/07/2009,1.16082
14/07/2009,1.14547
15/07/2009,1.12728
16/07/2009,1.11814
17/07/2009,1.11721
20/07/2009,1.10766
21/07/2009,1.1061
22/07/2009,1.10365
23/07/2009,1.0956
24/07/2009,1.08674
27/07/2009,1.08315
28/07/2009,1.08103
29/07/2009,1.08508
30/07/2009,1.08594
31/07/2009,1.08026
03/08/2009,1.07233
04/08/2009,1.06817
05/08/2009,1.07282
06/08/2009,1.0725
07/08/2009,1.07957
10/08/2009,1.08369
11/08/2009,1.09392
12/08/2009,1.09824
13/08/2009,1.08715
14/08/2009,1.08935
17/08/2009,1.10587
18/08/2009,1.10483
19/08/2009,1.10259
20/08/2009,1.09416
21/08/2009,1.08556
24/08/2009,1.07793
25/08/2009,1.07853
26/08/2009,1.09085
27/08/2009,1.09568
28/08/2009,1.08675
31/08/2009,1.09692
01/09/2009,1.09584
02/09/2009,1.10395
03/09/2009,1.10274
04/09/2009,1.09595
07/09/2009,1.08032
08/09/2009,1.07542
09/09/2009,1.07883
10/09/2009,1.08065
11/09/2009,1.07649
14/09/2009,1.0844
15/09/2009,1.08116
16/09/2009,1.06971
17/09/2009,1.06445
18/09/2009,1.06905
21/09/2009,1.0747
22/09/2009,1.07186
23/09/2009,1.06934
24/09/2009,1.07853
25/09/2009,1.09059
28/09/2009,1.09289
29/09/2009,1.08562
30/09/2009,1.07684
01/10/2009,1.07307
02/10/2009,1.08497
05/10/2009,1.07494
06/10/2009,1.06465
07/10/2009,1.05932
08/10/2009,1.05577
09/10/2009,1.04942
12/10/2009,1.0384
13/10/2009,1.03306
14/10/2009,1.02852
15/10/2009,1.02653
16/10/2009,1.03492
19/10/2009,1.03541
20/10/2009,1.03535
21/10/2009,1.04804
22/10/2009,1.04757
23/10/2009,1.04986
26/10/2009,1.05573
27/10/2009,1.06744
28/10/2009,1.07049
29/10/2009,1.07537
30/10/2009,1.07205
02/11/2009,1.07979
03/11/2009,1.07638
04/11/2009,1.06393
05/11/2009,1.06433
06/11/2009,1.06761
09/11/2009,1.06431
10/11/2009,1.05594
11/11/2009,1.04719
12/11/2009,1.0475
13/11/2009,1.0529
16/11/2009,1.04779
17/11/2009,1.05215
18/11/2009,1.05116
19/11/2009,1.06016
20/11/2009,1.06678
23/11/2009,1.06126
24/11/2009,1.05917
25/11/2009,1.0526
26/11/2009,1.0525
27/11/2009,1.06509
30/11/2009,1.05688
01/12/2009,1.04954
02/12/2009,1.04625
03/12/2009,1.05075
04/12/2009,1.05437
07/12/2009,1.05558
08/12/2009,1.05465
09/12/2009,1.0606
10/12/2009,1.05342
11/12/2009,1.05286
14/12/2009,1.06044
15/12/2009,1.05998
16/12/2009,1.06047
17/12/2009,1.06797
18/12/2009,1.06738
21/12/2009,1.06372
22/12/2009,1.05932
23/12/2009,1.05351
24/12/2009,1.04823
25/12/2009,1.04886
28/12/2009,1.04646
29/12/2009,1.0418
30/12/2009,1.04911
31/12/2009,1.05052
01/01/2010,1.05276
04/01/2010,1.04334
05/01/2010,1.03867
06/01/2010,1.03693
07/01/2010,1.03302
08/01/2010,1.03377
11/01/2010,1.0287
12/01/2010,1.03527
13/01/2010,1.03615
14/01/2010,1.02908
15/01/2010,1.02642
18/01/2010,1.02758
19/01/2010,1.02826
20/01/2010,1.03905
21/01/2010,1.04755
22/01/2010,1.05203
25/01/2010,1.0568
26/01/2010,1.06061
27/01/2010,1.0642
28/01/2010,1.06147
29/01/2010,1.06646
01/02/2010,1.06794
02/02/2010,1.06022
03/02/2010,1.05818
04/02/2010,1.06444
05/02/2010,1.07276
08/02/2010,1.06993
09/02/2010,1.07086
10/02/2010,1.06656
11/02/2010,1.05743
12/02/2010,1.05189
15/02/2010,1.04924
16/02/2010,1.04479
17/02/2010,1.04426
18/02/2010,1.04481
19/02/2010,1.04681
22/02/2010,1.04013
23/02/2010,1.04681
24/02/2010,1.05488
25/02/2010,1.05999
26/02/2010,1.05636
01/03/2010,1.04806
02/03/2010,1.03651
03/03/2010,1.03241
04/03/2010,1.03095
05/03/2010,1.0301
08/03/2010,1.02718
09/03/2010,1.02743
10/03/2010,1.02615
11/03/2010,1.02643
12/03/2010,1.01964
15/03/2010,1.01923
16/03/2010,1.01631
17/03/2010,1.01093
18/03/2010,1.01185
19/03/2010,1.01499
22/03/2010,1.01867
23/03/2010,1.0183
24/03/2010,1.022
25/03/2010,1.02121
26/03/2010,1.026
29/03/2010,1.02137
30/03/2010,1.01884
31/03/2010,1.01587
01/04/2010,1.01023
02/04/2010,1.01045
05/04/2010,1.00475
06/04/2010,1.00086
07/04/2010,1.00101
08/04/2010,1.00578
09/04/2010,1.00307
12/04/2010,1.00465
13/04/2010,1.00322
14/04/2010,0.998054
15/04/2010,0.99933
16/04/2010,1.00684
19/04/2010,1.01711
20/04/2010,1.00584
21/04/2010,0.996621
22/04/2010,0.99938
23/04/2010,1.00137
26/04/2010,0.99948
27/04/2010,1.00692
28/04/2010,1.01316
29/04/2010,1.00557
30/04/2010,1.0086
03/05/2010,1.01387
04/05/2010,1.01872
05/05/2010,1.02763
06/05/2010,1.03881
07/05/2010,1.04581
10/05/2010,1.02525
11/05/2010,1.02279
12/05/2010,1.01852
13/05/2010,1.01532
14/05/2010,1.02805
17/05/2010,1.03708
18/05/2010,1.03152
19/05/2010,1.04572
20/05/2010,1.05942
21/05/2010,1.06425
24/05/2010,1.0586
25/05/2010,1.07661
26/05/2010,1.06694
27/05/2010,1.05469
28/05/2010,1.04929
31/05/2010,1.04721
01/06/2010,1.04894
02/06/2010,1.04765
03/06/2010,1.03872
04/06/2010,1.04674
07/06/2010,1.05919
08/06/2010,1.05369
09/06/2010,1.04463
10/06/2010,1.03494
11/06/2010,1.0339
14/06/2010,1.02885
15/06/2010,1.0293
16/06/2010,1.02638
17/06/2010,1.02686
18/06/2010,1.02591
21/06/2010,1.01832
22/06/2010,1.023
23/06/2010,1.03582
24/06/2010,1.04127
25/06/2010,1.03944
28/06/2010,1.03468
29/06/2010,1.04803
30/06/2010,1.05559
01/07/2010,1.06286
02/07/2010,1.06172
05/07/2010,1.06337
06/07/2010,1.05694
07/07/2010,1.05419
08/07/2010,1.04426
09/07/2010,1.03661
12/07/2010,1.03421
13/07/2010,1.03298
14/07/2010,1.0323
15/07/2010,1.03566
16/07/2010,1.04738
19/07/2010,1.05371
20/07/2010,1.0512
21/07/2010,1.04086
22/07/2010,1.04152
23/07/2010,1.03823
26/07/2010,1.03393
27/07/2010,1.03214
28/07/2010,1.03407
29/07/2010,1.03411
30/07/2010,1.032
02/08/2010,1.02362
03/08/2010,1.02379
04/08/2010,1.02168
05/08/2010,1.01471
06/08/2010,1.02211
09/08/2010,1.02731
10/08/2010,1.03339
11/08/2010,1.04018
12/08/2010,1.04536
13/08/2010,1.0394
16/08/2010,1.04198
17/08/2010,1.03621
18/08/2010,1.03024
19/08/2010,1.03299
20/08/2010,1.04564
23/08/2010,1.04866
24/08/2010,1.05903
25/08/2010,1.06157
26/08/2010,1.05601
27/08/2010,1.05678
30/08/2010,1.05267
31/08/2010,1.06273
01/09/2010,1.05654
02/09/2010,1.05196
03/09/2010,1.04752
06/09/2010,1.0358
07/09/2010,1.04208
08/09/2010,1.04258
09/09/2010,1.0344
10/09/2010,1.03335
13/09/2010,1.02978
14/09/2010,1.02659
15/09/2010,1.02846
16/09/2010,1.02652
17/09/2010,1.02688
20/09/2010,1.02995
21/09/2010,1.02933
22/09/2010,1.0263
23/09/2010,1.03225
24/09/2010,1.02857
27/09/2010,1.02512
28/09/2010,1.03149
29/09/2010,1.02896
30/09/2010,1.03009
01/10/2010,1.0254
04/10/2010,1.02144
05/10/2010,1.01977
06/10/2010,1.01225
07/10/2010,1.01319
08/10/2010,1.01584
11/10/2010,1.01182
12/10/2010,1.0135
13/10/2010,1.00507
14/10/2010,1.00187
15/10/2010,1.00763
18/10/2010,1.01743
19/10/2010,1.02617
20/10/2010,1.02679
21/10/2010,1.02265
22/10/2010,1.02606
25/10/2010,1.01893
26/10/2010,1.02201
27/10/2010,1.02924
28/10/2010,1.02372
29/10/2010,1.02054
01/11/2010,1.01702
02/11/2010,1.01122
03/11/2010,1.00847
04/11/2010,1.0051
05/11/2010,1.00218
08/11/2010,1.00216
09/11/2010,1.00266
10/11/2010,1.00415
11/11/2010,1.00173
12/11/2010,1.00814
15/11/2010,1.00993
16/11/2010,1.0136
17/11/2010,1.02177
18/11/2010,1.01983
19/11/2010,1.01939
22/11/2010,1.01568
23/11/2010,1.0204
24/11/2010,1.01727
25/11/2010,1.00973
26/11/2010,1.01547
29/11/2010,1.02015
30/11/2010,1.02161
01/12/2010,1.02155
02/12/2010,1.01236
03/12/2010,1.00353
06/12/2010,1.00499
07/12/2010,1.00532
08/12/2010,1.01122
09/12/2010,1.01015
10/12/2010,1.00968
13/12/2010,1.0081
14/12/2010,1.00693
15/12/2010,1.00598
16/12/2010,1.00485
17/12/2010,1.00743
20/12/2010,1.01386
21/12/2010,1.01734
22/12/2010,1.01549
23/12/2010,1.01211
24/12/2010,1.00775
27/12/2010,1.00783
28/12/2010,1.00292
29/12/2010,1.00008
30/12/2010,0.99994
31/12/2010,0.99802
03/01/2011,0.9924
04/01/2011,0.99473
05/01/2011,0.9982
06/01/2011,0.99538
07/01/2011,0.99578
10/01/2011,0.9941
11/01/2011,0.99217
12/01/2011,0.98779
13/01/2011,0.98711
14/01/2011,0.99115
17/01/2011,0.98789
18/01/2011,0.98749
19/01/2011,0.99182
20/01/2011,0.99765
21/01/2011,0.99583
24/01/2011,0.99443
25/01/2011,0.99523
26/01/2011,0.99617
27/01/2011,0.99481
28/01/2011,0.99631
31/01/2011,1.00061
01/02/2011,0.99678
02/02/2011,0.98901
03/02/2011,0.98846
04/02/2011,0.98925
07/02/2011,0.98774
08/02/2011,0.9906
09/02/2011,0.99424
10/02/2011,0.99571
11/02/2011,0.99411
14/02/2011,0.98718
15/02/2011,0.98764
16/02/2011,0.98732
17/02/2011,0.98423
18/02/2011,0.98411
21/02/2011,0.98468
22/02/2011,0.98562
23/02/2011,0.9899
24/02/2011,0.9856
25/02/2011,0.98122
28/02/2011,0.97617
01/03/2011,0.97188
02/03/2011,0.97425
03/03/2011,0.97318
04/03/2011,0.97247
07/03/2011,0.97196
08/03/2011,0.97259
09/03/2011,0.96984
10/03/2011,0.97107
11/03/2011,0.97488
14/03/2011,0.97347
15/03/2011,0.98194
16/03/2011,0.98576
17/03/2011,0.98913
18/03/2011,0.98341
21/03/2011,0.98003
22/03/2011,0.97801
23/03/2011,0.98127
24/03/2011,0.9786
25/03/2011,0.97676
28/03/2011,0.97904
29/03/2011,0.97609
30/03/2011,0.97223
31/03/2011,0.9705
01/04/2011,0.96742
04/04/2011,0.96449
05/04/2011,0.96598
06/04/2011,0.96091
07/04/2011,0.9599
08/04/2011,0.95618
11/04/2011,0.95573
12/04/2011,0.95938
13/04/2011,0.96194
14/04/2011,0.96224
15/04/2011,0.96172
18/04/2011,0.96323
19/04/2011,0.96132
20/04/2011,0.95354
21/04/2011,0.95
22/04/2011,0.95304
25/04/2011,0.95281
26/04/2011,0.95322
27/04/2011,0.95176
28/04/2011,0.94906
29/04/2011,0.95002
02/05/2011,0.94816
03/05/2011,0.95051
04/05/2011,0.95445
05/05/2011,0.96211
06/05/2011,0.9648
09/05/2011,0.96399
10/05/2011,0.96191
11/05/2011,0.95648
12/05/2011,0.96331
13/05/2011,0.96482
16/05/2011,0.97135
17/05/2011,0.97468
18/05/2011,0.97205
19/05/2011,0.96843
20/05/2011,0.96879
23/05/2011,0.977
24/05/2011,0.97703
25/05/2011,0.97811
26/05/2011,0.97796
27/05/2011,0.9772
30/05/2011,0.97664
31/05/2011,0.97152
01/06/2011,0.96979
02/06/2011,0.97748
03/06/2011,0.97748
06/06/2011,0.97921
07/06/2011,0.97682
08/06/2011,0.97799
09/06/2011,0.97761
10/06/2011,0.97496
13/06/2011,0.97737
14/06/2011,0.97266
15/06/2011,0.97158
16/06/2011,0.98203
17/06/2011,0.98173
20/06/2011,0.98132
21/06/2011,0.97623
22/06/2011,0.97279
23/06/2011,0.97588
24/06/2011,0.98099
27/06/2011,0.98851
28/06/2011,0.98524
29/06/2011,0.97648
30/06/2011,0.96637
01/07/2011,0.96228
04/07/2011,0.95961
05/07/2011,0.96146
06/07/2011,0.9641
07/07/2011,0.96275
08/07/2011,0.95998
11/07/2011,0.96553
12/07/2011,0.96965
13/07/2011,0.96176
14/07/2011,0.9585
15/07/2011,0.95814
18/07/2011,0.95821
19/07/2011,0.95505
20/07/2011,0.94874
21/07/2011,0.94591
22/07/2011,0.94641
25/07/2011,0.94847
26/07/2011,0.94404
27/07/2011,0.94447
28/07/2011,0.9489
29/07/2011,0.95232
01/08/2011,0.95354
02/08/2011,0.9573
03/08/2011,0.96103
04/08/2011,0.96896
05/08/2011,0.97981
08/08/2011,0.9851
09/08/2011,0.99304
10/08/2011,0.98475
11/08/2011,0.99066
12/08/2011,0.98759
15/08/2011,0.98617
16/08/2011,0.9826
17/08/2011,0.98124
18/08/2011,0.98511
19/08/2011,0.98919
22/08/2011,0.98821
23/08/2011,0.9885
24/08/2011,0.9881
25/08/2011,0.98659
26/08/2011,0.98656
29/08/2011,0.97844
30/08/2011,0.97793
31/08/2011,0.97802
01/09/2011,0.97702
02/09/2011,0.97888
05/09/2011,0.98817
06/09/2011,0.99068
07/09/2011,0.98794
08/09/2011,0.9854
09/09/2011,0.99144
12/09/2011,0.9977
13/09/2011,0.99166
14/09/2011,0.98963
15/09/2011,0.98905
16/09/2011,0.9832
19/09/2011,0.98524
20/09/2011,0.99175
21/09/2011,0.996
22/09/2011,1.01989
23/09/2011,1.02749
26/09/2011,1.03144
27/09/2011,1.02256
28/09/2011,1.024
29/09/2011,1.03259
30/09/2011,1.04091
03/10/2011,1.0489
04/10/2011,1.05608
05/10/2011,1.051
06/10/2011,1.04162
07/10/2011,1.03669
10/10/2011,1.03095
11/10/2011,1.02925
12/10/2011,1.02216
13/10/2011,1.02022
14/10/2011,1.01745
17/10/2011,1.01225
18/10/2011,1.021
19/10/2011,1.01308
20/10/2011,1.01898
21/10/2011,1.01335
24/10/2011,1.00603
25/10/2011,1.00628
26/10/2011,1.01269
27/10/2011,0.99712
28/10/2011,0.99257
31/10/2011,0.9965
01/11/2011,1.00825
02/11/2011,1.01645
03/11/2011,1.0144
04/11/2011,1.01366
07/11/2011,1.01696
08/11/2011,1.01398
09/11/2011,1.01449
10/11/2011,1.02189
11/11/2011,1.01748
14/11/2011,1.01498
15/11/2011,1.01991
16/11/2011,1.02365
17/11/2011,1.02434
18/11/2011,1.02694
21/11/2011,1.03254
22/11/2011,1.03782
23/11/2011,1.04245
24/11/2011,1.04645
25/11/2011,1.0486
28/11/2011,1.03716
29/11/2011,1.03199
30/11/2011,1.02711
01/12/2011,1.01807
02/12/2011,1.01441
05/12/2011,1.01609
06/12/2011,1.01619
07/12/2011,1.00966
08/12/2011,1.01202
09/12/2011,1.02216
12/12/2011,1.02308
13/12/2011,1.02719
14/12/2011,1.03595
15/12/2011,1.03695
16/12/2011,1.03388
19/12/2011,1.0375
20/12/2011,1.03395
21/12/2011,1.02669
22/12/2011,1.02476
23/12/2011,1.01989
26/12/2011,1.02013
27/12/2011,1.02006
28/12/2011,1.01944
29/12/2011,1.0232
30/12/2011,1.01966
02/01/2012,1.01943
03/01/2012,1.01318
04/01/2012,1.01269
05/01/2012,1.01582
06/01/2012,1.02075
09/01/2012,1.02825
10/01/2012,1.01925
11/01/2012,1.01738
12/01/2012,1.01815
13/01/2012,1.0199
16/01/2012,1.02098
17/01/2012,1.01476
18/01/2012,1.01419
19/01/2012,1.01017
20/01/2012,1.01314
23/01/2012,1.0113
24/01/2012,1.00955
25/01/2012,1.01048
26/01/2012,1.00185
27/01/2012,1.00178
30/01/2012,1.00381
31/01/2012,1.00067
01/02/2012,1.0006
02/02/2012,0.99841
03/02/2012,0.99808
06/02/2012,0.99579
07/02/2012,0.99614
08/02/2012,0.99511
09/02/2012,0.99542
10/02/2012,0.99863
13/02/2012,0.99921
14/02/2012,1.00041
15/02/2012,0.99687
16/02/2012,1.0008
17/02/2012,0.99599
20/02/2012,0.99255
21/02/2012,0.99501
22/02/2012,0.99803
23/02/2012,0.99854
24/02/2012,0.99791
27/02/2012,1.00077
28/02/2012,0.99656
29/02/2012,0.99122
01/03/2012,0.98736
02/03/2012,0.98691
05/03/2012,0.99188
06/03/2012,0.99773
07/03/2012,1.00032
08/03/2012,0.99499
09/03/2012,0.9902
12/03/2012,0.99204
13/03/2012,0.99068
14/03/2012,0.99046
15/03/2012,0.99277
16/03/2012,0.99207
19/03/2012,0.99028
20/03/2012,0.99
21/03/2012,0.99054
22/03/2012,0.99543
23/03/2012,0.99965
26/03/2012,0.99577
27/03/2012,0.992
28/03/2012,0.99654
29/03/2012,0.99873
30/03/2012,0.99703
02/04/2012,0.99528
03/04/2012,0.99046
04/04/2012,0.99361
05/04/2012,0.99544
06/04/2012,0.99421
09/04/2012,0.99725
10/04/2012,0.99895
11/04/2012,1.00315
12/04/2012,0.9996
13/04/2012,0.99574
16/04/2012,0.99969
17/04/2012,0.99553
18/04/2012,0.98976
19/04/2012,0.99162
20/04/2012,0.99334
23/04/2012,0.99423
24/04/2012,0.98987
25/04/2012,0.98591
26/04/2012,0.98292
27/04/2012,0.98362
30/04/2012,0.98324
01/05/2012,0.98682
02/05/2012,0.98656
03/05/2012,0.98607
04/05/2012,0.99028
07/05/2012,0.99574
08/05/2012,0.9961
09/05/2012,1.00156
10/05/2012,1.0011
11/05/2012,1.0018
14/05/2012,1.00195
15/05/2012,1.00255
16/05/2012,1.00917
17/05/2012,1.01367
18/05/2012,1.0195
21/05/2012,1.0201
22/05/2012,1.0177
23/05/2012,1.0233
24/05/2012,1.02571
25/05/2012,1.02739
28/05/2012,1.02459
29/05/2012,1.02379
30/05/2012,1.02645
31/05/2012,1.03006
01/06/2012,1.03705
04/06/2012,1.0413
05/06/2012,1.0387
06/06/2012,1.03297
07/06/2012,1.02647
08/06/2012,1.03091
11/06/2012,1.02432
12/06/2012,1.02908
13/06/2012,1.02678
14/06/2012,1.02674
15/06/2012,1.0233
18/06/2012,1.02295
19/06/2012,1.02097
20/06/2012,1.01846
21/06/2012,1.02228
22/06/2012,1.02734
25/06/2012,1.02788
26/06/2012,1.02702
27/06/2012,1.02495
28/06/2012,1.0278
29/06/2012,1.02481
02/07/2012,1.01774
03/07/2012,1.01473
04/07/2012,1.01284
05/07/2012,1.01311
06/07/2012,1.01622
09/07/2012,1.01966
10/07/2012,1.01981
11/07/2012,1.02052
12/07/2012,1.02091
13/07/2012,1.01699
16/07/2012,1.01479
17/07/2012,1.01412
18/07/2012,1.01215
19/07/2012,1.00868
20/07/2012,1.00939
23/07/2012,1.01627
24/07/2012,1.01917
25/07/2012,1.01934
26/07/2012,1.01252
27/07/2012,1.00776
30/07/2012,1.00369
31/07/2012,1.00165
01/08/2012,1.00229
02/08/2012,1.00502
03/08/2012,1.00323
06/08/2012,1.00043
07/08/2012,0.99867
08/08/2012,0.99641
09/08/2012,0.99346
10/08/2012,0.99251
13/08/2012,0.99176
14/08/2012,0.99212
15/08/2012,0.99132
16/08/2012,0.98842
17/08/2012,0.98761
20/08/2012,0.9886
21/08/2012,0.98711
22/08/2012,0.99122
23/08/2012,0.99099
24/08/2012,0.99302
27/08/2012,0.99061
28/08/2012,0.98902
29/08/2012,0.98826
30/08/2012,0.99093
31/08/2012,0.98986
03/09/2012,0.98607
04/09/2012,0.98565
05/09/2012,0.98813
06/09/2012,0.98754
07/09/2012,0.98059
10/09/2012,0.97746
11/09/2012,0.97443
12/09/2012,0.97374
13/09/2012,0.97478
14/09/2012,0.96747
17/09/2012,0.97176
18/09/2012,0.9747
19/09/2012,0.97431
20/09/2012,0.97745
21/09/2012,0.97524
24/09/2012,0.97903
25/09/2012,0.97881
26/09/2012,0.98219
27/09/2012,0.98287
28/09/2012,0.98089
01/10/2012,0.98317
02/10/2012,0.98233
03/10/2012,0.98595
04/10/2012,0.98477
05/10/2012,0.97918
08/10/2012,0.97757
09/10/2012,0.97649
10/10/2012,0.97891
11/10/2012,0.97991
12/10/2012,0.97856
15/10/2012,0.97927
16/10/2012,0.98318
17/10/2012,0.98383
18/10/2012,0.97961
19/10/2012,0.98802
22/10/2012,0.99364
23/10/2012,0.99321
24/10/2012,0.99201
25/10/2012,0.99303
26/10/2012,0.99611
29/10/2012,0.9993
30/10/2012,1.00037
31/10/2012,0.99912
01/11/2012,0.99906
02/11/2012,0.99618
05/11/2012,0.99579
06/11/2012,0.99461
07/11/2012,0.99234
08/11/2012,0.99712
09/11/2012,1.00013
12/11/2012,0.99939
13/11/2012,1.00079
14/11/2012,1.00151
15/11/2012,1.0023
16/11/2012,1.00121
19/11/2012,0.99885
20/11/2012,0.99675
21/11/2012,0.99728
22/11/2012,0.99657
23/11/2012,0.99606
26/11/2012,0.99322
27/11/2012,0.99275
28/11/2012,0.99398
29/11/2012,0.99207
30/11/2012,0.99294
03/12/2012,0.99318
04/12/2012,0.99402
05/12/2012,0.99206
06/12/2012,0.99157
07/12/2012,0.99082
10/12/2012,0.98744
11/12/2012,0.98666
12/12/2012,0.98556
13/12/2012,0.98409
14/12/2012,0.98463
17/12/2012,0.98574
18/12/2012,0.98417
19/12/2012,0.9863
20/12/2012,0.98848
21/12/2012,0.99065
24/12/2012,0.99282
25/12/2012,0.99107
26/12/2012,0.99193
27/12/2012,0.99309
28/12/2012,0.99495
31/12/2012,0.99494
01/01/2013,0.9948
02/01/2013,0.9876
03/01/2013,0.98576
04/01/2013,0.98836
07/01/2013,0.98678
08/01/2013,0.98632
09/01/2013,0.98695
10/01/2013,0.98633
11/01/2013,0.98347
14/01/2013,0.98425
15/01/2013,0.98427
16/01/2013,0.98534
17/01/2013,0.98606
18/01/2013,0.98902
21/01/2013,0.99225
22/01/2013,0.99265
23/01/2013,0.99368
24/01/2013,1.00074
25/01/2013,1.00464
28/01/2013,1.00802
29/01/2013,1.00508
30/01/2013,1.00204
31/01/2013,1.0012
01/02/2013,0.99806
04/02/2013,0.99719
05/02/2013,0.99806
06/02/2013,0.99648
07/02/2013,0.99632
08/02/2013,0.99933
11/02/2013,1.00526
12/02/2013,1.00523
13/02/2013,1.00229
14/02/2013,1.00128
15/02/2013,1.00285
18/02/2013,1.00789
19/02/2013,1.01144
20/02/2013,1.01349
21/02/2013,1.01824
22/02/2013,1.01946
25/02/2013,1.02376
26/02/2013,1.0259
27/02/2013,1.02573
28/02/2013,1.02482
01/03/2013,1.02999
04/03/2013,1.02894
05/03/2013,1.02686
06/03/2013,1.02818
07/03/2013,1.03085
08/03/2013,1.0294
11/03/2013,1.02762
12/03/2013,1.02646
13/03/2013,1.02659
14/03/2013,1.02605
15/03/2013,1.02102
18/03/2013,1.02278
19/03/2013,1.02377
20/03/2013,1.02611
21/03/2013,1.02446
22/03/2013,1.02403
25/03/2013,1.02171
26/03/2013,1.01936
27/03/2013,1.01679
28/03/2013,1.01624
29/03/2013,1.01656
01/04/2013,1.01697
02/04/2013,1.01485
03/04/2013,1.0142
04/04/2013,1.0142
05/04/2013,1.01517
08/04/2013,1.01765
09/04/2013,1.01618
10/04/2013,1.0153
11/04/2013,1.01236
12/04/2013,1.01164
15/04/2013,1.01923
16/04/2013,1.02269
17/04/2013,1.02418
18/04/2013,1.02556
19/04/2013,1.02511
22/04/2013,1.02592
23/04/2013,1.02657
24/04/2013,1.02631
25/04/2013,1.02249
26/04/2013,1.01889
29/04/2013,1.01449
30/04/2013,1.01031
01/05/2013,1.00695
02/05/2013,1.00784
03/05/2013,1.01019
06/05/2013,1.00776
07/05/2013,1.00603
08/05/2013,1.00424
09/05/2013,1.00304
10/05/2013,1.00921
13/05/2013,1.01113
14/05/2013,1.01255
15/05/2013,1.01867
16/05/2013,1.01703
17/05/2013,1.02413
20/05/2013,1.02733
21/05/2013,1.02639
22/05/2013,1.03006
23/05/2013,1.03508
24/05/2013,1.03267
27/05/2013,1.03256
28/05/2013,1.0356
29/05/2013,1.03881
30/05/2013,1.03381
31/05/2013,1.03276
03/06/2013,1.03396
04/06/2013,1.03143
05/06/2013,1.03446
06/06/2013,1.03203
07/06/2013,1.02459
10/06/2013,1.01962
11/06/2013,1.02028
12/06/2013,1.01902
13/06/2013,1.01869
14/06/2013,1.01696
17/06/2013,1.0166
18/06/2013,1.0196
19/06/2013,1.02165
20/06/2013,1.03257
21/06/2013,1.04062
24/06/2013,1.05042
25/06/2013,1.04999
26/06/2013,1.04892
27/06/2013,1.04571
28/06/2013,1.04899
01/07/2013,1.05097
02/07/2013,1.05231
03/07/2013,1.05361
04/07/2013,1.05122
05/07/2013,1.0546
08/07/2013,1.05681
09/07/2013,1.05458
10/07/2013,1.05165
11/07/2013,1.0393
12/07/2013,1.0377
15/07/2013,1.04032
16/07/2013,1.0415
17/07/2013,1.03938
18/07/2013,1.04084
19/07/2013,1.03724
22/07/2013,1.03489
23/07/2013,1.03185
24/07/2013,1.02967
25/07/2013,1.02969
26/07/2013,1.0278
29/07/2013,1.0269
30/07/2013,1.02786
31/07/2013,1.02963
01/08/2013,1.03027
02/08/2013,1.03679
05/08/2013,1.03867
06/08/2013,1.03656
07/08/2013,1.04026
08/08/2013,1.03922
09/08/2013,1.03113
12/08/2013,1.02968
13/08/2013,1.03221
14/08/2013,1.03419
15/08/2013,1.03231
16/08/2013,1.03206
19/08/2013,1.03318
20/08/2013,1.03695
21/08/2013,1.04286
22/08/2013,1.04974
23/08/2013,1.05317
26/08/2013,1.05088
27/08/2013,1.05103
28/08/2013,1.04884
29/08/2013,1.05019
30/08/2013,1.05322
02/09/2013,1.05335
03/09/2013,1.054
04/09/2013,1.05138
05/09/2013,1.04935
06/09/2013,1.04501
09/09/2013,1.03871
10/09/2013,1.03597
11/09/2013,1.03412
12/09/2013,1.03189
13/09/2013,1.03338
16/09/2013,1.03052
17/09/2013,1.03133
18/09/2013,1.02909
19/09/2013,1.02226
20/09/2013,1.0281
23/09/2013,1.0292
24/09/2013,1.02893
25/09/2013,1.03052
26/09/2013,1.03152
27/09/2013,1.03126
30/09/2013,1.03026
01/10/2013,1.03161
02/10/2013,1.03383
03/10/2013,1.03262
04/10/2013,1.03213
07/10/2013,1.03095
08/10/2013,1.03283
09/10/2013,1.03772
10/10/2013,1.03952
11/10/2013,1.03886
14/10/2013,1.03545
15/10/2013,1.03551
16/10/2013,1.03631
17/10/2013,1.03072
18/10/2013,1.02915
21/10/2013,1.02948
22/10/2013,1.02957
23/10/2013,1.03288
24/10/2013,1.03965
25/10/2013,1.04339
28/10/2013,1.04418
29/10/2013,1.04455
30/10/2013,1.04624
31/10/2013,1.0458
01/11/2013,1.043
04/11/2013,1.04142
05/11/2013,1.04375
06/11/2013,1.04398
07/11/2013,1.04256
08/11/2013,1.04653
11/11/2013,1.04753
12/11/2013,1.04851
13/11/2013,1.04833
14/11/2013,1.04768
15/11/2013,1.04642
18/11/2013,1.04287
19/11/2013,1.04422
20/11/2013,1.04586
21/11/2013,1.04764
22/11/2013,1.05359
25/11/2013,1.05509
26/11/2013,1.05386
27/11/2013,1.05612
28/11/2013,1.05852
29/11/2013,1.05921
02/12/2013,1.06278
03/12/2013,1.06475
04/12/2013,1.06609
05/12/2013,1.06663
06/12/2013,1.06541
09/12/2013,1.06498
10/12/2013,1.0628
11/12/2013,1.06017
12/12/2013,1.06004
13/12/2013,1.06338
16/12/2013,1.05841
17/12/2013,1.05904
18/12/2013,1.06242
19/12/2013,1.07033
20/12/2013,1.06722
23/12/2013,1.0623
24/12/2013,1.06186
25/12/2013,1.06142
26/12/2013,1.06349
27/12/2013,1.06561
30/12/2013,1.06943
31/12/2013,1.06392
01/01/2014,1.06267
02/01/2014,1.06366
03/01/2014,1.06404
06/01/2014,1.06361
07/01/2014,1.06965
08/01/2014,1.07981
09/01/2014,1.08411
10/01/2014,1.0867
13/01/2014,1.08934
14/01/2014,1.08998
15/01/2014,1.09576
16/01/2014,1.09336
17/01/2014,1.09459
20/01/2014,1.09529
21/01/2014,1.09711
22/01/2014,1.09928
23/01/2014,1.11279
24/01/2014,1.10928
27/01/2014,1.10666
28/01/2014,1.11228
29/01/2014,1.11484
30/01/2014,1.11773
31/01/2014,1.11665
03/02/2014,1.1096
04/02/2014,1.10878
05/02/2014,1.10793
06/02/2014,1.1069
07/02/2014,1.10529
10/02/2014,1.1037
11/02/2014,1.10556
12/02/2014,1.09968
13/02/2014,1.09941
14/02/2014,1.09652
17/02/2014,1.09668
18/02/2014,1.09572
19/02/2014,1.09729
20/02/2014,1.10817
21/02/2014,1.11311
24/02/2014,1.11003
25/02/2014,1.10702
26/02/2014,1.10946
27/02/2014,1.11332
28/02/2014,1.11084
03/03/2014,1.10725
04/03/2014,1.10867
05/03/2014,1.10746
06/03/2014,1.10169
07/03/2014,1.10218
10/03/2014,1.11065
11/03/2014,1.11093
12/03/2014,1.11164
13/03/2014,1.10812
14/03/2014,1.10872
17/03/2014,1.10756
18/03/2014,1.10678
19/03/2014,1.11605
20/03/2014,1.12488
21/03/2014,1.12294
24/03/2014,1.12214
25/03/2014,1.11871
26/03/2014,1.11449
27/03/2014,1.10794
28/03/2014,1.10306
31/03/2014,1.10476
01/04/2014,1.10468
02/04/2014,1.10273
03/04/2014,1.10262
04/04/2014,1.10107
07/04/2014,1.09785
08/04/2014,1.09461
09/04/2014,1.09147
10/04/2014,1.08971
11/04/2014,1.0946
14/04/2014,1.09725
15/04/2014,1.0981
16/04/2014,1.09919
17/04/2014,1.10044
18/04/2014,1.10103
21/04/2014,1.10197
22/04/2014,1.10191
23/04/2014,1.10324
24/04/2014,1.10277
25/04/2014,1.1028
28/04/2014,1.10285
29/04/2014,1.09923
30/04/2014,1.09559
01/05/2014,1.09691
02/05/2014,1.09676
05/05/2014,1.09681
06/05/2014,1.09283
07/05/2014,1.08896
08/05/2014,1.0874
09/05/2014,1.08518
12/05/2014,1.08928
13/05/2014,1.09025
14/05/2014,1.08988
15/05/2014,1.08764
16/05/2014,1.08743
19/05/2014,1.08614
20/05/2014,1.08858
21/05/2014,1.09128
22/05/2014,1.09064
23/05/2014,1.08875
26/05/2014,1.08623
27/05/2014,1.08511
28/05/2014,1.08605
29/05/2014,1.08566
30/05/2014,1.08387
02/06/2014,1.08679
03/06/2014,1.09052
04/06/2014,1.093
05/06/2014,1.09388
06/06/2014,1.0925
09/06/2014,1.09215
10/06/2014,1.09061
11/06/2014,1.08866
12/06/2014,1.08589
13/06/2014,1.08569
16/06/2014,1.08561
17/06/2014,1.08557
18/06/2014,1.0864
19/06/2014,1.0825
20/06/2014,1.07969
23/06/2014,1.0735
24/06/2014,1.07293
25/06/2014,1.07367
26/06/2014,1.071
27/06/2014,1.06818
30/06/2014,1.06725
01/07/2014,1.06605
02/07/2014,1.06443
03/07/2014,1.06557
04/07/2014,1.06397
07/07/2014,1.06573
08/07/2014,1.068
09/07/2014,1.06682
10/07/2014,1.06566
11/07/2014,1.06686
14/07/2014,1.07299
15/07/2014,1.07341
16/07/2014,1.07579
17/07/2014,1.0742
18/07/2014,1.07455
21/07/2014,1.07379
22/07/2014,1.07401
23/07/2014,1.07305
24/07/2014,1.07345
25/07/2014,1.07659
28/07/2014,1.08082
29/07/2014,1.08186
30/07/2014,1.08719
31/07/2014,1.09035
01/08/2014,1.09164
04/08/2014,1.09196
05/08/2014,1.09316
06/08/2014,1.09526
07/08/2014,1.09209
08/08/2014,1.09442
11/08/2014,1.09577
12/08/2014,1.09356
13/08/2014,1.09217
14/08/2014,1.09079
15/08/2014,1.0896
18/08/2014,1.08854
19/08/2014,1.09077
20/08/2014,1.0948
21/08/2014,1.09643
22/08/2014,1.09437
25/08/2014,1.09619
26/08/2014,1.09677
27/08/2014,1.09052
28/08/2014,1.08531
29/08/2014,1.08555
01/09/2014,1.08666
02/09/2014,1.09023
03/09/2014,1.09092
04/09/2014,1.08809
05/09/2014,1.08811
08/09/2014,1.09106
09/09/2014,1.09912
10/09/2014,1.09726
11/09/2014,1.09867
12/09/2014,1.10581
15/09/2014,1.1077
16/09/2014,1.10325
17/09/2014,1.09665
18/09/2014,1.09842
19/09/2014,1.09514
22/09/2014,1.09791
23/09/2014,1.10366
24/09/2014,1.10759
25/09/2014,1.10921
26/09/2014,1.11246
29/09/2014,1.11564
30/09/2014,1.11697
01/10/2014,1.11969
02/10/2014,1.11315
03/10/2014,1.11989
06/10/2014,1.12155
07/10/2014,1.1164
08/10/2014,1.11678
09/10/2014,1.1116
10/10/2014,1.11936
13/10/2014,1.11996
14/10/2014,1.12313
15/10/2014,1.13191
16/10/2014,1.12768
17/10/2014,1.125
20/10/2014,1.12727
21/10/2014,1.12534
22/10/2014,1.12269
23/10/2014,1.12427
24/10/2014,1.12211
27/10/2014,1.12318
28/10/2014,1.12198
29/10/2014,1.11613
30/10/2014,1.11926
31/10/2014,1.12263
03/11/2014,1.12973
04/11/2014,1.13752
05/11/2014,1.14137
06/11/2014,1.14048
07/11/2014,1.14057
10/11/2014,1.13276
11/11/2014,1.13688
12/11/2014,1.13235
13/11/2014,1.13268
14/11/2014,1.13548
17/11/2014,1.12955
18/11/2014,1.12894
19/11/2014,1.13308
20/11/2014,1.13323
21/11/2014,1.12803
24/11/2014,1.12474
25/11/2014,1.1279
26/11/2014,1.12568
27/11/2014,1.12754
28/11/2014,1.13769
01/12/2014,1.14025
02/12/2014,1.13538
03/12/2014,1.13854
04/12/2014,1.13672
05/12/2014,1.14055
08/12/2014,1.14469
09/12/2014,1.14653
10/12/2014,1.14577
11/12/2014,1.1487
12/12/2014,1.15466
15/12/2014,1.15874
16/12/2014,1.16425
17/12/2014,1.16353
18/12/2014,1.16177
19/12/2014,1.15926
22/12/2014,1.16113
23/12/2014,1.16241
24/12/2014,1.16171
25/12/2014,1.16288
26/12/2014,1.16151
29/12/2014,1.16264
30/12/2014,1.16266
31/12/2014,1.15986
01/01/2015,1.16131
02/01/2015,1.16687
05/01/2015,1.17875
06/01/2015,1.17698
07/01/2015,1.18376
08/01/2015,1.18205
09/01/2015,1.18374
12/01/2015,1.18827
13/01/2015,1.19614
14/01/2015,1.19674
15/01/2015,1.19434
16/01/2015,1.19789
19/01/2015,1.19662
20/01/2015,1.20023
21/01/2015,1.21532
22/01/2015,1.23541
23/01/2015,1.2399
26/01/2015,1.24448
27/01/2015,1.24547
28/01/2015,1.24344
29/01/2015,1.25516
30/01/2015,1.26605
02/02/2015,1.26811
03/02/2015,1.25453
04/02/2015,1.24619
05/02/2015,1.25155
06/02/2015,1.24594
09/02/2015,1.24928
10/02/2015,1.2494
11/02/2015,1.26078
12/02/2015,1.2571
13/02/2015,1.24932
16/02/2015,1.24474
17/02/2015,1.24232
18/02/2015,1.24142
19/02/2015,1.24753
20/02/2015,1.249
23/02/2015,1.25671
24/02/2015,1.25928
25/02/2015,1.24497
26/02/2015,1.24511
27/02/2015,1.24947
02/03/2015,1.25129
03/03/2015,1.25038
04/03/2015,1.24838
05/03/2015,1.24462
06/03/2015,1.2518
09/03/2015,1.26005
10/03/2015,1.26402
11/03/2015,1.27059
12/03/2015,1.271
13/03/2015,1.27376
16/03/2015,1.27829
17/03/2015,1.27752
18/03/2015,1.27666
19/03/2015,1.26504
20/03/2015,1.26553
23/03/2015,1.25543
24/03/2015,1.25077
25/03/2015,1.25043
26/03/2015,1.24745
27/03/2015,1.25162
30/03/2015,1.26417
31/03/2015,1.26994
01/04/2015,1.26538
02/04/2015,1.26006
03/04/2015,1.25274
06/04/2015,1.24681
07/04/2015,1.24825
08/04/2015,1.24846
09/04/2015,1.25613
10/04/2015,1.25944
13/04/2015,1.26026
14/04/2015,1.25505
15/04/2015,1.24587
16/04/2015,1.22583
17/04/2015,1.21927
20/04/2015,1.22122
21/04/2015,1.22564
22/04/2015,1.22496
23/04/2015,1.22164
24/04/2015,1.21474
27/04/2015,1.2145
28/04/2015,1.20722
29/04/2015,1.20203
30/04/2015,1.20462
01/05/2015,1.2114
04/05/2015,1.21382
05/05/2015,1.20845
06/05/2015,1.20362
07/05/2015,1.20807
08/05/2015,1.21014
11/05/2015,1.21057
12/05/2015,1.20548
13/05/2015,1.19854
14/05/2015,1.19565
15/05/2015,1.20076
18/05/2015,1.2072
19/05/2015,1.21821
20/05/2015,1.22211
21/05/2015,1.22001
22/05/2015,1.22261
25/05/2015,1.22953
26/05/2015,1.23623
27/05/2015,1.2443
28/05/2015,1.24646
29/05/2015,1.24418
01/06/2015,1.24878
02/06/2015,1.2483
03/06/2015,1.24273
04/06/2015,1.24654
05/06/2015,1.24924
08/06/2015,1.24383
09/06/2015,1.23752
10/06/2015,1.2287
11/06/2015,1.229
12/06/2015,1.23022
15/06/2015,1.23261
16/06/2015,1.23233
17/06/2015,1.22974
18/06/2015,1.22064
19/06/2015,1.2244
22/06/2015,1.22697
23/06/2015,1.23321
24/06/2015,1.23425
25/06/2015,1.23685
26/06/2015,1.23425
29/06/2015,1.23541
30/06/2015,1.2425
01/07/2015,1.25217
02/07/2015,1.25828
03/07/2015,1.25598
06/07/2015,1.26168
07/07/2015,1.26968
08/07/2015,1.273
09/07/2015,1.27175
10/07/2015,1.27027
13/07/2015,1.27211
14/07/2015,1.27545
15/07/2015,1.27964
16/07/2015,1.29338
17/07/2015,1.29721
20/07/2015,1.29855
21/07/2015,1.29804
22/07/2015,1.29851
23/07/2015,1.30162
24/07/2015,1.30447
27/07/2015,1.30248
28/07/2015,1.29973
29/07/2015,1.29319
30/07/2015,1.2979
31/07/2015,1.30238
03/08/2015,1.31323
04/08/2015,1.31476
05/08/2015,1.31844
06/08/2015,1.31585
07/08/2015,1.31183
10/08/2015,1.3113
11/08/2015,1.30698
12/08/2015,1.30547
13/08/2015,1.30136
14/08/2015,1.30659
17/08/2015,1.31071
18/08/2015,1.30896
19/08/2015,1.30755
20/08/2015,1.31144
21/08/2015,1.31087
24/08/2015,1.32315
25/08/2015,1.3263
26/08/2015,1.33107
27/08/2015,1.32492
28/08/2015,1.32141
31/08/2015,1.32322
01/09/2015,1.31669
02/09/2015,1.32523
03/09/2015,1.32423
04/09/2015,1.32232
07/09/2015,1.32775
08/09/2015,1.32576
09/09/2015,1.32113
10/09/2015,1.32408
11/09/2015,1.32463
14/09/2015,1.32479
15/09/2015,1.32531
16/09/2015,1.32179
17/09/2015,1.31777
18/09/2015,1.31355
21/09/2015,1.32197
22/09/2015,1.32525
23/09/2015,1.32887
24/09/2015,1.33343
25/09/2015,1.33297
28/09/2015,1.33432
29/09/2015,1.3409
30/09/2015,1.34001
01/10/2015,1.32785
02/10/2015,1.32245
05/10/2015,1.31179
06/10/2015,1.30751
07/10/2015,1.30272
08/10/2015,1.30448
09/10/2015,1.29627
12/10/2015,1.29451
13/10/2015,1.30265
14/10/2015,1.29943
15/10/2015,1.28967
16/10/2015,1.28904
19/10/2015,1.2946
20/10/2015,1.30041
21/10/2015,1.30273
22/10/2015,1.31175
23/10/2015,1.31055
26/10/2015,1.31534
27/10/2015,1.31972
28/10/2015,1.32285
29/10/2015,1.31939
30/10/2015,1.31371
02/11/2015,1.30857
03/11/2015,1.3095
04/11/2015,1.30877
05/11/2015,1.31596
06/11/2015,1.32092
09/11/2015,1.32828
10/11/2015,1.32698
11/11/2015,1.3262
12/11/2015,1.32728
13/11/2015,1.33008
16/11/2015,1.33219
17/11/2015,1.33243
18/11/2015,1.33248
19/11/2015,1.32752
20/11/2015,1.33065
23/11/2015,1.33752
24/11/2015,1.33395
25/11/2015,1.33017
26/11/2015,1.32978
27/11/2015,1.33266
30/11/2015,1.33668
01/12/2015,1.33475
02/12/2015,1.33672
03/12/2015,1.33422
04/12/2015,1.33545
07/12/2015,1.34339
08/12/2015,1.35428
09/12/2015,1.3574
10/12/2015,1.3569
11/12/2015,1.36683
14/12/2015,1.37335
15/12/2015,1.37128
16/12/2015,1.37595
17/12/2015,1.38443
18/12/2015,1.39347
21/12/2015,1.39441
22/12/2015,1.39408
23/12/2015,1.39029
24/12/2015,1.38511
25/12/2015,1.38467
28/12/2015,1.38639
29/12/2015,1.3878
30/12/2015,1.38635
31/12/2015,1.3869
01/01/2016,1.38309
04/01/2016,1.39058
05/01/2016,1.39415
06/01/2016,1.40506
07/01/2016,1.40998
08/01/2016,1.41058
11/01/2016,1.41627
12/01/2016,1.42358
13/01/2016,1.42538
14/01/2016,1.43631
15/01/2016,1.44472
18/01/2016,1.45301
19/01/2016,1.45067
20/01/2016,1.46021
21/01/2016,1.44317
22/01/2016,1.42142
25/01/2016,1.41789
26/01/2016,1.42181
27/01/2016,1.41041
28/01/2016,1.40788
29/01/2016,1.40324
01/02/2016,1.40027
02/02/2016,1.40025
03/02/2016,1.39791
04/02/2016,1.37316
05/02/2016,1.37741
08/02/2016,1.39036
09/02/2016,1.39
10/02/2016,1.38958
11/02/2016,1.39482
12/02/2016,1.39009
15/02/2016,1.3825
16/02/2016,1.38105
17/02/2016,1.38196
18/02/2016,1.36864
19/02/2016,1.37707
22/02/2016,1.37388
23/02/2016,1.37355
24/02/2016,1.37915
25/02/2016,1.36621
26/02/2016,1.35329
29/02/2016,1.35347
01/03/2016,1.34968
02/03/2016,1.34411
03/03/2016,1.34202
04/03/2016,1.33995
07/03/2016,1.33318
08/03/2016,1.33378
09/03/2016,1.33785
10/03/2016,1.32858
11/03/2016,1.32681
14/03/2016,1.32481
15/03/2016,1.33301
16/03/2016,1.3333
17/03/2016,1.30447
18/03/2016,1.29922
21/03/2016,1.30569
22/03/2016,1.30705
23/03/2016,1.31101
24/03/2016,1.3242
25/03/2016,1.32479
28/03/2016,1.32321
29/03/2016,1.31631
30/03/2016,1.30229
31/03/2016,1.29665
01/04/2016,1.30283
04/04/2016,1.30468
05/04/2016,1.313
06/04/2016,1.31352
07/04/2016,1.31029
08/04/2016,1.30688
11/04/2016,1.29601
12/04/2016,1.28618
13/04/2016,1.27858
14/04/2016,1.28413
15/04/2016,1.28384
18/04/2016,1.29008
19/04/2016,1.27275
20/04/2016,1.26748
21/04/2016,1.26707
22/04/2016,1.2702
25/04/2016,1.26796
26/04/2016,1.26497
27/04/2016,1.26086
28/04/2016,1.25663
29/04/2016,1.25328
02/05/2016,1.25386
03/05/2016,1.25771
04/05/2016,1.27716
05/05/2016,1.28449
06/05/2016,1.28848
09/05/2016,1.2947
10/05/2016,1.29518
11/05/2016,1.28932
12/05/2016,1.28418
13/05/2016,1.28825
16/05/2016,1.29199
17/05/2016,1.28941
18/05/2016,1.29474
19/05/2016,1.30767
20/05/2016,1.31034
23/05/2016,1.31285
24/05/2016,1.31482
25/05/2016,1.30988
26/05/2016,1.29817
27/05/2016,1.30119
30/05/2016,1.30605
31/05/2016,1.30594
01/06/2016,1.30775
02/06/2016,1.30874
03/06/2016,1.30409
06/06/2016,1.29186
07/06/2016,1.27977
08/06/2016,1.27175
09/06/2016,1.27076
10/06/2016,1.27354
13/06/2016,1.2786
14/06/2016,1.28381
15/06/2016,1.28747
16/06/2016,1.29615
17/06/2016,1.29089
20/06/2016,1.28226
21/06/2016,1.27929
22/06/2016,1.27982
23/06/2016,1.27787
24/06/2016,1.29507
27/06/2016,1.30511
28/06/2016,1.30362
29/06/2016,1.30045
30/06/2016,1.2956
01/07/2016,1.29322
04/07/2016,1.28756
05/07/2016,1.29085
06/07/2016,1.30018
07/07/2016,1.2958
08/07/2016,1.30204
11/07/2016,1.30765
12/07/2016,1.30617
13/07/2016,1.30314
14/07/2016,1.29309
15/07/2016,1.29109
18/07/2016,1.29539
19/07/2016,1.30005
20/07/2016,1.30419
21/07/2016,1.30566
22/07/2016,1.31186
25/07/2016,1.3172
26/07/2016,1.32115
27/07/2016,1.31887
28/07/2016,1.31538
