01/07/2005,1.22546,1.24283,1.22476,1.24227
04/07/2005,1.24533,1.24745,1.23766,1.23866
05/07/2005,1.23866,1.24594,1.23866,1.243
06/07/2005,1.243,1.24408,1.23181,1.23636
07/07/2005,1.2363,1.23729,1.226,1.22823
08/07/2005,1.22803,1.23035,1.21722,1.2192
11/07/2005,1.21853,1.2191,1.21041,1.2156
12/07/2005,1.21555,1.21585,1.20195,1.20429
13/07/2005,1.20441,1.21107,1.20215,1.2074
14/07/2005,1.20747,1.21334,1.20221,1.2106
15/07/2005,1.21065,1.22139,1.20816,1.22017
18/07/2005,1.21973,1.22217,1.21201,1.2176
19/07/2005,1.21752,1.22336,1.21697,1.2191
20/07/2005,1.21903,1.22432,1.21378,1.2228
21/07/2005,1.22254,1.22275,1.20965,1.21592
22/07/2005,1.21598,1.22258,1.21231,1.21902
25/07/2005,1.21986,1.22097,1.21525,1.218
26/07/2005,1.218,1.23096,1.21651,1.23004
27/07/2005,1.23004,1.2424,1.22927,1.236
28/07/2005,1.23584,1.23792,1.22867,1.2298
29/07/2005,1.22985,1.23119,1.22158,1.22291
01/08/2005,1.22383,1.22424,1.2085,1.2116
02/08/2005,1.2116,1.21898,1.20642,1.21642
03/08/2005,1.21647,1.21791,1.20915,1.21548
04/08/2005,1.2155,1.21771,1.21003,1.2133
05/08/2005,1.21338,1.22395,1.21265,1.21594
08/08/2005,1.21673,1.21896,1.21018,1.21358
09/08/2005,1.21323,1.21785,1.21118,1.21306
10/08/2005,1.21307,1.2165,1.209,1.21086
11/08/2005,1.21083,1.2116,1.19935,1.20317
12/08/2005,1.2031,1.20435,1.19222,1.19693
15/08/2005,1.19393,1.20119,1.19392,1.2002
16/08/2005,1.2002,1.20421,1.19688,1.19886
17/08/2005,1.19882,1.21429,1.19815,1.2138
18/08/2005,1.21376,1.2216,1.21042,1.21844
19/08/2005,1.21836,1.2213,1.20922,1.21095
22/08/2005,1.21197,1.2128,1.20095,1.20224
23/08/2005,1.20219,1.20444,1.19622,1.1974
24/08/2005,1.1974,1.20206,1.18882,1.19024
25/08/2005,1.1902,1.19299,1.186,1.1915
26/08/2005,1.19122,1.20014,1.19045,1.19924
29/08/2005,1.19091,1.20014,1.18905,1.1968
30/08/2005,1.19676,1.20261,1.18959,1.1915
31/08/2005,1.19141,1.19335,1.18328,1.18846
01/09/2005,1.18845,1.19057,1.18049,1.18256
02/09/2005,1.18253,1.19123,1.18174,1.18846
05/09/2005,1.1878,1.19119,1.18327,1.191
06/09/2005,1.19093,1.19337,1.18514,1.18884
07/09/2005,1.18874,1.19325,1.18386,1.1875
08/09/2005,1.18743,1.18837,1.17776,1.18071
09/09/2005,1.18055,1.18249,1.17243,1.17768
12/09/2005,1.17592,1.1876,1.17581,1.18561
13/09/2005,1.1858,1.18799,1.17766,1.1824
14/09/2005,1.1824,1.18341,1.1779,1.18116
15/09/2005,1.1812,1.18942,1.18079,1.1849
16/09/2005,1.18483,1.18587,1.17797,1.17861
19/09/2005,1.17943,1.18268,1.16592,1.16733
20/09/2005,1.16733,1.17107,1.1653,1.1691
21/09/2005,1.16903,1.17215,1.16449,1.1654
22/09/2005,1.1654,1.17314,1.16202,1.1718
23/09/2005,1.1718,1.17543,1.16802,1.17029
26/09/2005,1.17353,1.17947,1.16911,1.17014
27/09/2005,1.17003,1.18084,1.16884,1.17779
28/09/2005,1.17771,1.18155,1.17197,1.1735
29/09/2005,1.17343,1.17747,1.16909,1.17142
30/09/2005,1.17146,1.1736,1.1587,1.16741
03/10/2005,1.16286,1.16703,1.16196,1.1662
04/10/2005,1.16613,1.17324,1.16317,1.1723
05/10/2005,1.17223,1.18397,1.17064,1.1795
06/10/2005,1.17943,1.18635,1.17691,1.1802
07/10/2005,1.1801,1.18205,1.17286,1.17408
10/10/2005,1.17463,1.177,1.17237,1.17524
11/10/2005,1.17514,1.18163,1.1738,1.1764
12/10/2005,1.17633,1.17776,1.16822,1.1709
13/10/2005,1.17087,1.18467,1.16992,1.18172
14/10/2005,1.18174,1.18901,1.17917,1.18689
17/10/2005,1.18468,1.18536,1.17728,1.18
18/10/2005,1.17996,1.18756,1.17582,1.17793
19/10/2005,1.17822,1.18152,1.17344,1.17598
20/10/2005,1.17598,1.17905,1.17078,1.17666
21/10/2005,1.17663,1.18839,1.1744,1.18606
24/10/2005,1.18563,1.19209,1.18443,1.18695
25/10/2005,1.1866,1.18784,1.17355,1.17637
26/10/2005,1.17621,1.17834,1.16832,1.17031
27/10/2005,1.17044,1.17273,1.16402,1.17098
28/10/2005,1.17081,1.17913,1.16875,1.17652
31/10/2005,1.17792,1.18333,1.17267,1.18214
01/11/2005,1.18211,1.18446,1.1732,1.17646
02/11/2005,1.17639,1.18213,1.17466,1.17964
03/11/2005,1.1797,1.18273,1.17498,1.18137
04/11/2005,1.18103,1.1863,1.17171,1.18278
07/11/2005,1.1847,1.19094,1.182,1.18645
08/11/2005,1.18673,1.19713,1.18372,1.1865
09/11/2005,1.18643,1.19055,1.18243,1.18617
10/11/2005,1.18613,1.19145,1.18001,1.19048
11/11/2005,1.19049,1.19252,1.18718,1.18908
14/11/2005,1.19003,1.19687,1.18796,1.19386
15/11/2005,1.19383,1.19734,1.18995,1.19209
16/11/2005,1.19226,1.19689,1.18967,1.19298
17/11/2005,1.19282,1.1942,1.18515,1.18806
18/11/2005,1.188,1.19264,1.18612,1.1884
21/11/2005,1.1885,1.19055,1.18101,1.1822
22/11/2005,1.18226,1.18551,1.17231,1.1737
23/11/2005,1.17363,1.17462,1.17035,1.1716
24/11/2005,1.17153,1.17328,1.1698,1.1713
25/11/2005,1.17123,1.17338,1.16749,1.1684
28/11/2005,1.16783,1.17173,1.16429,1.16743
29/11/2005,1.16743,1.17073,1.16604,1.169
30/11/2005,1.16893,1.1693,1.1639,1.16641
01/12/2005,1.16628,1.17326,1.1622,1.1647
02/12/2005,1.16465,1.16692,1.16022,1.1623
05/12/2005,1.16053,1.16236,1.15494,1.1569
06/12/2005,1.1569,1.15881,1.15321,1.15686
07/12/2005,1.15683,1.16388,1.1562,1.15935
08/12/2005,1.15929,1.16257,1.157,1.15859
09/12/2005,1.15856,1.16098,1.15595,1.1564
12/12/2005,1.1576,1.15803,1.14994,1.1503
13/12/2005,1.15023,1.15342,1.14875,1.14944
14/12/2005,1.14933,1.15299,1.14234,1.1512
15/12/2005,1.15113,1.16114,1.1504,1.1577
16/12/2005,1.15774,1.15936,1.15417,1.1584
19/12/2005,1.15993,1.16975,1.15772,1.1695
20/12/2005,1.16943,1.17517,1.16597,1.17226
21/12/2005,1.17225,1.17435,1.16482,1.16624
22/12/2005,1.16616,1.16955,1.1632,1.1668
23/12/2005,1.16673,1.16969,1.16335,1.1656
26/12/2005,1.16808,1.17186,1.16282,1.16676
27/12/2005,1.16678,1.17462,1.16557,1.17376
28/12/2005,1.1737,1.17392,1.16145,1.165
29/12/2005,1.16493,1.16747,1.16243,1.1642
30/12/2005,1.1641,1.16969,1.16036,1.1616
02/01/2006,1.16235,1.16472,1.16183,1.16464
03/01/2006,1.16459,1.16643,1.15307,1.15596
04/01/2006,1.15591,1.15749,1.14521,1.1489
05/01/2006,1.14883,1.16495,1.146,1.16207
06/01/2006,1.16185,1.17244,1.16127,1.1649
09/01/2006,1.16543,1.17438,1.16348,1.1674
10/01/2006,1.16733,1.17036,1.16159,1.16316
11/01/2006,1.1631,1.16852,1.15694,1.1584
12/01/2006,1.15833,1.16511,1.15576,1.1607
13/01/2006,1.16062,1.1637,1.1579,1.1599
16/01/2006,1.15903,1.16087,1.15639,1.1573
17/01/2006,1.15723,1.16516,1.15584,1.1616
18/01/2006,1.16153,1.17363,1.16095,1.17256
19/01/2006,1.17258,1.1795,1.16169,1.16283
20/01/2006,1.16287,1.16598,1.15147,1.1518
23/01/2006,1.15351,1.15387,1.14701,1.1494
24/01/2006,1.14933,1.15786,1.14852,1.1526
25/01/2006,1.15253,1.15333,1.14761,1.1511
26/01/2006,1.15113,1.15592,1.14844,1.1489
27/01/2006,1.1489,1.1511,1.14534,1.1491
30/01/2006,1.14893,1.14987,1.14259,1.1459
31/01/2006,1.14583,1.14695,1.13748,1.13853
01/02/2006,1.13853,1.14292,1.13827,1.1411
02/02/2006,1.1411,1.14604,1.13992,1.1444
03/02/2006,1.14433,1.14998,1.14367,1.1438
06/02/2006,1.14253,1.14738,1.1421,1.1461
07/02/2006,1.14603,1.15435,1.14519,1.153
08/02/2006,1.153,1.15581,1.14824,1.15028
09/02/2006,1.15012,1.15024,1.14379,1.14656
10/02/2006,1.14652,1.15562,1.14403,1.1521
13/02/2006,1.15343,1.15698,1.15255,1.1549
14/02/2006,1.1549,1.16106,1.15131,1.15396
15/02/2006,1.15394,1.15911,1.15103,1.15759
16/02/2006,1.15763,1.16042,1.15647,1.15683
17/02/2006,1.15689,1.15905,1.14961,1.15
20/02/2006,1.15013,1.15121,1.146,1.1472
21/02/2006,1.1471,1.1489,1.145,1.1472
22/02/2006,1.14713,1.15093,1.1464,1.1483
23/02/2006,1.14821,1.15374,1.14629,1.15249
24/02/2006,1.15248,1.15541,1.14738,1.1481
27/02/2006,1.14974,1.15056,1.13938,1.13962
28/02/2006,1.13954,1.14192,1.13502,1.1368
01/03/2006,1.13672,1.13912,1.13339,1.13514
02/03/2006,1.13503,1.1368,1.12979,1.1319
03/03/2006,1.13183,1.13632,1.13049,1.134
06/03/2006,1.13426,1.14117,1.13367,1.1396
07/03/2006,1.13953,1.15125,1.13888,1.1492
08/03/2006,1.1492,1.15844,1.14708,1.15653
09/03/2006,1.15653,1.16248,1.15255,1.161
10/03/2006,1.16089,1.16467,1.15829,1.1599
13/03/2006,1.16071,1.1634,1.15653,1.1574
14/03/2006,1.15735,1.16123,1.15421,1.1569
15/03/2006,1.15683,1.15715,1.1524,1.1544
16/03/2006,1.15433,1.15959,1.15116,1.1529
17/03/2006,1.1529,1.16143,1.1524,1.1581
20/03/2006,1.1592,1.16807,1.15705,1.1599
21/03/2006,1.15988,1.16621,1.1596,1.16266
22/03/2006,1.16263,1.17203,1.16262,1.1656
23/03/2006,1.16553,1.16976,1.16398,1.16534
24/03/2006,1.16534,1.17075,1.16529,1.1672
27/03/2006,1.16663,1.17273,1.16625,1.1687
28/03/2006,1.16863,1.17185,1.16446,1.1698
29/03/2006,1.16973,1.17438,1.1693,1.17154
30/03/2006,1.17149,1.17201,1.1573,1.1588
31/03/2006,1.15873,1.16948,1.1587,1.1681
03/04/2006,1.16882,1.17685,1.16783,1.1712
04/04/2006,1.17113,1.17543,1.16182,1.16336
05/04/2006,1.16333,1.16469,1.15954,1.16174
06/04/2006,1.16165,1.16208,1.15182,1.15405
07/04/2006,1.15403,1.15605,1.144,1.14925
10/04/2006,1.14772,1.14943,1.14497,1.1482
11/04/2006,1.14813,1.1495,1.1422,1.14399
12/04/2006,1.14384,1.1491,1.14263,1.14879
13/04/2006,1.14882,1.1533,1.14486,1.1511
14/04/2006,1.15097,1.15198,1.14866,1.15019
17/04/2006,1.14956,1.14999,1.14327,1.14584
18/04/2006,1.14578,1.14621,1.13964,1.14038
19/04/2006,1.1404,1.1414,1.1347,1.1355
20/04/2006,1.13546,1.14214,1.13533,1.13994
21/04/2006,1.13983,1.1412,1.1355,1.13677
24/04/2006,1.13558,1.1397,1.13384,1.13734
25/04/2006,1.13724,1.13875,1.13018,1.13075
26/04/2006,1.13053,1.13331,1.12511,1.1273
27/04/2006,1.12723,1.1313,1.12144,1.12294
28/04/2006,1.1229,1.12506,1.116,1.11641
01/05/2006,1.11739,1.11861,1.11127,1.11416
02/05/2006,1.11413,1.11643,1.10489,1.10516
03/05/2006,1.1051,1.10962,1.10119,1.1088
04/05/2006,1.10873,1.11394,1.10514,1.10854
05/05/2006,1.10853,1.11058,1.10419,1.10562
08/05/2006,1.10503,1.11328,1.1023,1.1123
09/05/2006,1.11223,1.11636,1.09743,1.0993
10/05/2006,1.09926,1.10499,1.09796,1.1043
11/05/2006,1.10423,1.10775,1.09754,1.10116
12/05/2006,1.10116,1.1097,1.09929,1.10865
15/05/2006,1.10797,1.11737,1.10783,1.11465
16/05/2006,1.1145,1.11725,1.10591,1.1069
17/05/2006,1.10683,1.11622,1.10122,1.11553
18/05/2006,1.11543,1.1222,1.10938,1.11747
19/05/2006,1.11747,1.12718,1.11664,1.11885
22/05/2006,1.12134,1.12658,1.11226,1.11536
23/05/2006,1.11538,1.12605,1.11204,1.12364
24/05/2006,1.12362,1.12554,1.11819,1.1214
25/05/2006,1.12132,1.12265,1.1053,1.108
26/05/2006,1.10791,1.11078,1.10363,1.10655
29/05/2006,1.10513,1.1072,1.1028,1.1043
30/05/2006,1.10424,1.10564,1.09738,1.0999
31/05/2006,1.09983,1.10337,1.09287,1.1008
01/06/2006,1.10067,1.10978,1.10005,1.1021
02/06/2006,1.1021,1.10523,1.09728,1.10056
05/06/2006,1.1023,1.10805,1.09761,1.1059
06/06/2006,1.10583,1.11746,1.10482,1.1125
07/06/2006,1.11243,1.11609,1.10955,1.1112
08/06/2006,1.11112,1.12428,1.11093,1.12107
09/06/2006,1.121,1.12137,1.10497,1.10656
12/06/2006,1.10631,1.1071,1.09599,1.09742
13/06/2006,1.09749,1.11417,1.0968,1.1129
14/06/2006,1.11278,1.11737,1.10815,1.1133
15/06/2006,1.1132,1.11867,1.11068,1.1115
16/06/2006,1.11146,1.12485,1.11068,1.1226
19/06/2006,1.1229,1.12516,1.11826,1.1212
20/06/2006,1.12113,1.12446,1.11507,1.1165
21/06/2006,1.11643,1.11653,1.10311,1.10717
22/06/2006,1.10713,1.12003,1.10705,1.11885
23/06/2006,1.11873,1.12857,1.11775,1.12264
26/06/2006,1.12153,1.12478,1.11703,1.1219
27/06/2006,1.1219,1.12475,1.119,1.1232
28/06/2006,1.12316,1.12641,1.12052,1.1235
29/06/2006,1.12343,1.12365,1.10883,1.1095
30/06/2006,1.10943,1.1175,1.10797,1.11611
03/07/2006,1.11533,1.11743,1.10847,1.11183
04/07/2006,1.1118,1.11262,1.10542,1.10948
05/07/2006,1.10942,1.11383,1.10397,1.11207
06/07/2006,1.11203,1.11502,1.10847,1.11185
07/07/2006,1.11173,1.11492,1.10654,1.11259
10/07/2006,1.11496,1.12601,1.11307,1.1234
11/07/2006,1.1234,1.13418,1.12203,1.1314
12/07/2006,1.13133,1.13974,1.12832,1.13386
13/07/2006,1.13384,1.13488,1.12862,1.1311
14/07/2006,1.13103,1.13257,1.12561,1.12684
17/07/2006,1.1284,1.13676,1.1262,1.13542
18/07/2006,1.13533,1.13747,1.13058,1.1357
19/07/2006,1.13563,1.14045,1.13141,1.1337
20/07/2006,1.13362,1.13513,1.12816,1.1333
21/07/2006,1.1332,1.13934,1.12616,1.13618
24/07/2006,1.13763,1.14563,1.1376,1.142
25/07/2006,1.14193,1.14332,1.13762,1.14109
26/07/2006,1.1412,1.14279,1.13371,1.136
27/07/2006,1.136,1.13841,1.12576,1.1355
28/07/2006,1.13543,1.13694,1.12825,1.13065
31/07/2006,1.1298,1.13185,1.12196,1.13099
01/08/2006,1.13115,1.13706,1.12837,1.1315
02/08/2006,1.13144,1.13163,1.12435,1.1262
03/08/2006,1.1261,1.12748,1.12062,1.12394
04/08/2006,1.12392,1.13432,1.12303,1.12608
07/08/2006,1.12593,1.12637,1.11736,1.11932
08/08/2006,1.11934,1.12498,1.11655,1.1245
09/08/2006,1.1245,1.12507,1.11723,1.12
10/08/2006,1.11993,1.12798,1.11507,1.12595
11/08/2006,1.12593,1.12801,1.11708,1.12432
14/08/2006,1.12369,1.1277,1.12051,1.12724
15/08/2006,1.1272,1.13165,1.12067,1.12259
16/08/2006,1.12253,1.12376,1.11432,1.11904
17/08/2006,1.119,1.12345,1.11538,1.1228
18/08/2006,1.1228,1.12706,1.11982,1.12407
21/08/2006,1.12513,1.12525,1.11647,1.11873
22/08/2006,1.1188,1.11995,1.11452,1.11549
23/08/2006,1.11555,1.11577,1.10487,1.11167
24/08/2006,1.11154,1.11306,1.10733,1.1095
25/08/2006,1.1095,1.11015,1.10525,1.10875
28/08/2006,1.1084,1.11244,1.10602,1.112
29/08/2006,1.1119,1.11244,1.10566,1.1078
30/08/2006,1.1078,1.11114,1.10535,1.10942
31/08/2006,1.10938,1.11125,1.10272,1.1043
01/09/2006,1.10423,1.10713,1.10285,1.10394
04/09/2006,1.10457,1.10744,1.10412,1.1066
05/09/2006,1.10656,1.11373,1.10625,1.11124
06/09/2006,1.11113,1.1136,1.10429,1.1057
07/09/2006,1.10568,1.1105,1.10404,1.11007
08/09/2006,1.10997,1.12085,1.10912,1.1198
11/09/2006,1.12055,1.12248,1.11714,1.12112
12/09/2006,1.12129,1.12177,1.11542,1.11946
13/09/2006,1.11945,1.12332,1.11712,1.11904
14/09/2006,1.11896,1.11974,1.11202,1.11829
15/09/2006,1.11803,1.12194,1.11685,1.11924
18/09/2006,1.11871,1.12195,1.11593,1.11738
19/09/2006,1.11739,1.12849,1.11703,1.12773
20/09/2006,1.12767,1.12936,1.12537,1.12803
21/09/2006,1.12803,1.12845,1.11624,1.1199
22/09/2006,1.11992,1.12039,1.11187,1.11728
25/09/2006,1.117,1.1189,1.11405,1.11635
26/09/2006,1.11623,1.11811,1.11235,1.11354
27/09/2006,1.11343,1.11637,1.10888,1.1115
28/09/2006,1.11136,1.1124,1.1085,1.11036
29/09/2006,1.11033,1.11885,1.10983,1.11655
02/10/2006,1.11733,1.1218,1.11443,1.11564
03/10/2006,1.11553,1.1226,1.11451,1.1219
04/10/2006,1.12178,1.13029,1.12142,1.12405
05/10/2006,1.12404,1.1286,1.12366,1.12685
06/10/2006,1.12678,1.12815,1.11988,1.126
09/10/2006,1.12615,1.12629,1.12105,1.12354
10/10/2006,1.12346,1.13401,1.12337,1.13322
11/10/2006,1.13324,1.13839,1.13276,1.13821
12/10/2006,1.13813,1.13825,1.1326,1.13414
13/10/2006,1.13414,1.13812,1.13203,1.13691
16/10/2006,1.13642,1.13905,1.13461,1.1373
17/10/2006,1.13723,1.14122,1.13475,1.14
18/10/2006,1.13997,1.14108,1.13505,1.13545
19/10/2006,1.13541,1.13698,1.12602,1.12824
20/10/2006,1.12813,1.12869,1.12026,1.12428
23/10/2006,1.12506,1.12867,1.12407,1.12836
24/10/2006,1.1284,1.13191,1.1246,1.1272
25/10/2006,1.12714,1.12855,1.12297,1.1234
26/10/2006,1.1233,1.13056,1.12113,1.1229
27/10/2006,1.12238,1.12592,1.11746,1.11895
30/10/2006,1.11893,1.12639,1.11768,1.12534
31/10/2006,1.12532,1.12871,1.12,1.12141
01/11/2006,1.12143,1.13502,1.12083,1.13216
02/11/2006,1.13213,1.13717,1.13001,1.13305
03/11/2006,1.13293,1.13532,1.12757,1.1297
06/11/2006,1.12893,1.13616,1.12841,1.12963
07/11/2006,1.12959,1.13061,1.1256,1.12982
08/11/2006,1.12973,1.1325,1.1265,1.12892
09/11/2006,1.12885,1.13322,1.12782,1.1283
10/11/2006,1.1283,1.13223,1.12624,1.1318
13/11/2006,1.13063,1.13965,1.13023,1.13664
14/11/2006,1.13647,1.14024,1.13443,1.13731
15/11/2006,1.1375,1.14266,1.13589,1.13876
16/11/2006,1.13863,1.14253,1.13647,1.142
17/11/2006,1.14193,1.14745,1.14042,1.14566
20/11/2006,1.14584,1.14829,1.14214,1.1458
21/11/2006,1.14588,1.14926,1.14434,1.14584
22/11/2006,1.14588,1.14617,1.13799,1.14194
23/11/2006,1.14195,1.14255,1.13933,1.14186
24/11/2006,1.14183,1.14261,1.13049,1.13482
27/11/2006,1.13273,1.13488,1.13028,1.13273
28/11/2006,1.13264,1.13339,1.12857,1.12966
29/11/2006,1.12968,1.13945,1.12968,1.13856
30/11/2006,1.13876,1.14347,1.13639,1.14148
01/12/2006,1.14143,1.14653,1.137,1.14459
04/12/2006,1.14264,1.14753,1.13963,1.14038
05/12/2006,1.1404,1.14324,1.13791,1.1424
06/12/2006,1.14233,1.14861,1.13948,1.14753
07/12/2006,1.1475,1.14995,1.1458,1.14968
08/12/2006,1.14958,1.15152,1.14465,1.14907
11/12/2006,1.14873,1.15034,1.14648,1.1475
12/12/2006,1.14746,1.1554,1.14529,1.152
13/12/2006,1.15191,1.15713,1.14975,1.15571
14/12/2006,1.15563,1.15771,1.15353,1.15652
15/12/2006,1.15628,1.15877,1.15263,1.15748
18/12/2006,1.15753,1.15833,1.15309,1.15624
19/12/2006,1.15621,1.15774,1.15064,1.15134
20/12/2006,1.15123,1.15339,1.14297,1.14734
21/12/2006,1.14738,1.1562,1.14537,1.15493
22/12/2006,1.15489,1.15858,1.15198,1.1578
25/12/2006,1.15763,1.15887,1.15594,1.15737
26/12/2006,1.1577,1.16231,1.15674,1.16137
27/12/2006,1.16124,1.16357,1.15974,1.1614
28/12/2006,1.16143,1.16177,1.15778,1.15989
29/12/2006,1.15982,1.16662,1.15819,1.16492
01/01/2007,1.16475,1.1663,1.16334,1.164
02/01/2007,1.16407,1.16581,1.16218,1.1647
03/01/2007,1.1646,1.17338,1.16366,1.17247
04/01/2007,1.17235,1.17768,1.17114,1.17736
05/01/2007,1.17734,1.17827,1.17173,1.17269
08/01/2007,1.17307,1.17823,1.17205,1.17404
09/01/2007,1.17395,1.17946,1.17268,1.17622
10/01/2007,1.17613,1.17919,1.17322,1.17397
11/01/2007,1.17383,1.18002,1.16933,1.17787
12/01/2007,1.1778,1.17794,1.16806,1.1701
15/01/2007,1.16862,1.17038,1.16576,1.1677
16/01/2007,1.16813,1.17733,1.16439,1.17601
17/01/2007,1.17593,1.17686,1.17163,1.17212
18/01/2007,1.17208,1.17718,1.1713,1.1736
19/01/2007,1.17351,1.17531,1.16981,1.17202
22/01/2007,1.17251,1.18344,1.1712,1.18094
23/01/2007,1.18078,1.185,1.17872,1.1807
24/01/2007,1.18063,1.18343,1.17642,1.17858
25/01/2007,1.17856,1.18337,1.17298,1.18329
26/01/2007,1.18323,1.18414,1.178,1.17955
29/01/2007,1.17943,1.18453,1.17882,1.18217
30/01/2007,1.18207,1.18407,1.17855,1.17904
31/01/2007,1.17895,1.18429,1.17447,1.17519
01/02/2007,1.17511,1.18015,1.17354,1.17905
02/02/2007,1.17902,1.18685,1.17754,1.18392
05/02/2007,1.18403,1.1863,1.18062,1.18108
06/02/2007,1.18107,1.18429,1.18084,1.18191
07/02/2007,1.18168,1.18585,1.1811,1.18476
08/02/2007,1.18453,1.18751,1.1817,1.18287
09/02/2007,1.18253,1.18495,1.17124,1.17188
12/02/2007,1.17337,1.17649,1.1705,1.17547
13/02/2007,1.17533,1.17636,1.16566,1.16746
14/02/2007,1.16747,1.16876,1.16435,1.16582
15/02/2007,1.16571,1.16697,1.16172,1.1629
16/02/2007,1.16291,1.16534,1.16196,1.16295
19/02/2007,1.16358,1.1658,1.16267,1.16449
20/02/2007,1.16436,1.17154,1.16315,1.16991
21/02/2007,1.16984,1.17103,1.1592,1.1602
22/02/2007,1.16005,1.16315,1.15895,1.16185
23/02/2007,1.16161,1.16261,1.15636,1.15935
26/02/2007,1.1579,1.1611,1.15752,1.16
27/02/2007,1.16003,1.16755,1.15868,1.16699
28/02/2007,1.16693,1.17359,1.16558,1.17004
01/03/2007,1.16999,1.17465,1.16693,1.1727
02/03/2007,1.17263,1.17737,1.17055,1.17707
05/03/2007,1.17713,1.18232,1.17538,1.18038
06/03/2007,1.1804,1.18115,1.17295,1.17559
07/03/2007,1.17544,1.1796,1.1743,1.17772
08/03/2007,1.17765,1.18145,1.17639,1.17957
09/03/2007,1.17953,1.18084,1.1701,1.17216
12/03/2007,1.17173,1.17313,1.16819,1.17069
13/03/2007,1.17075,1.17512,1.16789,1.1735
14/03/2007,1.17343,1.17758,1.17211,1.17575
15/03/2007,1.17566,1.17786,1.17314,1.17557
16/03/2007,1.17558,1.17717,1.1713,1.17587
19/03/2007,1.17605,1.17807,1.17407,1.17663
20/03/2007,1.17662,1.17862,1.15982,1.16003
21/03/2007,1.15976,1.16313,1.15323,1.15633
22/03/2007,1.15633,1.15915,1.15545,1.1575
23/03/2007,1.1576,1.16101,1.15554,1.1604
26/03/2007,1.16083,1.16356,1.15946,1.16092
27/03/2007,1.16085,1.16156,1.15531,1.15592
28/03/2007,1.156,1.16076,1.15525,1.15883
29/03/2007,1.15912,1.16119,1.15678,1.15818
30/03/2007,1.15821,1.15907,1.14977,1.15315
02/04/2007,1.1519,1.15705,1.15093,1.1556
03/04/2007,1.15555,1.1599,1.15485,1.15845
04/04/2007,1.1583,1.1594,1.15445,1.1587
05/04/2007,1.15851,1.1594,1.1486,1.15103
06/04/2007,1.1509,1.15335,1.14947,1.15029
09/04/2007,1.1508,1.1531,1.14949,1.153
10/04/2007,1.15272,1.153,1.1457,1.14673
11/04/2007,1.1471,1.14784,1.1379,1.1401
12/04/2007,1.1401,1.1411,1.1336,1.13445
13/04/2007,1.13418,1.13945,1.13275,1.13799
16/04/2007,1.1358,1.1364,1.13005,1.13184
17/04/2007,1.1321,1.1342,1.1287,1.1312
18/04/2007,1.1312,1.134,1.1264,1.1283
19/04/2007,1.1283,1.1308,1.123,1.1287
20/04/2007,1.1287,1.1301,1.12108,1.1235
23/04/2007,1.1227,1.12445,1.12114,1.12215
24/04/2007,1.12195,1.1247,1.11915,1.12165
25/04/2007,1.1216,1.1228,1.1135,1.11515
26/04/2007,1.11515,1.1223,1.11409,1.122
27/04/2007,1.12205,1.1227,1.11285,1.11506
30/04/2007,1.1166,1.11965,1.1048,1.1092
01/05/2007,1.10915,1.1119,1.10475,1.1115
02/05/2007,1.1115,1.1142,1.1062,1.1085
03/05/2007,1.1087,1.10895,1.1053,1.1075
04/05/2007,1.10725,1.10835,1.10315,1.10646
07/05/2007,1.10655,1.10735,1.10055,1.10208
08/05/2007,1.1022,1.1067,1.1003,1.1053
09/05/2007,1.1053,1.1093,1.10395,1.10521
10/05/2007,1.10525,1.113,1.10484,1.1116
11/05/2007,1.1116,1.1168,1.10877,1.11075
14/05/2007,1.1109,1.1125,1.1052,1.1064
15/05/2007,1.1064,1.10715,1.09635,1.09895
16/05/2007,1.09895,1.1063,1.0968,1.1026
17/05/2007,1.1026,1.1055,1.09669,1.09956
18/05/2007,1.0998,1.1,1.0871,1.0881
21/05/2007,1.08985,1.08985,1.0825,1.0848
22/05/2007,1.0848,1.0879,1.08285,1.08701
23/05/2007,1.08703,1.0889,1.08125,1.083
24/05/2007,1.08284,1.0853,1.0805,1.0848
25/05/2007,1.085,1.087,1.0775,1.08024
28/05/2007,1.07985,1.0812,1.07883,1.07952
29/05/2007,1.07933,1.0835,1.07105,1.07385
30/05/2007,1.0739,1.07585,1.06865,1.0733
31/05/2007,1.0733,1.0746,1.06655,1.0696
01/06/2007,1.06939,1.071,1.05948,1.06019
04/06/2007,1.0612,1.062,1.0548,1.05825
05/06/2007,1.0584,1.0637,1.0562,1.06222
06/06/2007,1.0621,1.06335,1.0561,1.0588
07/06/2007,1.0588,1.0665,1.0562,1.06125
08/06/2007,1.06115,1.0713,1.05945,1.06033
11/06/2007,1.0623,1.0635,1.05874,1.0595
12/06/2007,1.05916,1.068,1.05882,1.06715
13/06/2007,1.06725,1.0739,1.0647,1.0676
14/06/2007,1.06721,1.069,1.06465,1.0678
15/06/2007,1.0679,1.06895,1.0603,1.06772
18/06/2007,1.0668,1.0752,1.06491,1.0709
19/06/2007,1.0709,1.0721,1.0614,1.0625
20/06/2007,1.0625,1.0687,1.0616,1.06685
21/06/2007,1.0668,1.0759,1.06445,1.07352
22/06/2007,1.0737,1.0751,1.0665,1.06905
25/06/2007,1.06845,1.0732,1.06778,1.0706
26/06/2007,1.0706,1.07255,1.06705,1.0706
27/06/2007,1.0706,1.07335,1.06905,1.0701
28/06/2007,1.0701,1.0703,1.0574,1.0595
29/06/2007,1.05965,1.0659,1.0468,1.06442
02/07/2007,1.063,1.0633,1.0526,1.0565
03/07/2007,1.0565,1.06345,1.05406,1.061
04/07/2007,1.061,1.06115,1.0557,1.05733
05/07/2007,1.0576,1.0592,1.0554,1.0567
06/07/2007,1.0567,1.0567,1.0461,1.04802
09/07/2007,1.0483,1.0502,1.0443,1.0496
10/07/2007,1.0496,1.0563,1.0476,1.054
11/07/2007,1.054,1.0612,1.0535,1.0547
12/07/2007,1.0546,1.055,1.04477,1.0455
13/07/2007,1.0455,1.0498,1.04455,1.04897
16/07/2007,1.0477,1.0483,1.0415,1.0436
17/07/2007,1.0436,1.0453,1.0418,1.0432
18/07/2007,1.0432,1.04785,1.03995,1.0441
19/07/2007,1.0441,1.0465,1.0412,1.04325
20/07/2007,1.0432,1.04975,1.0413,1.04696
23/07/2007,1.0477,1.0479,1.0425,1.0465
24/07/2007,1.0466,1.04735,1.03405,1.037
25/07/2007,1.037,1.0448,1.034,1.0412
26/07/2007,1.0412,1.0571,1.04029,1.0532
27/07/2007,1.0532,1.0649,1.0524,1.06433
30/07/2007,1.06475,1.0701,1.06413,1.065
31/07/2007,1.065,1.0683,1.0584,1.0669
01/08/2007,1.0669,1.0696,1.0551,1.0575
02/08/2007,1.0575,1.0599,1.0508,1.0537
03/08/2007,1.0538,1.0576,1.05,1.05661
06/08/2007,1.0568,1.05885,1.0488,1.05165
07/08/2007,1.05165,1.05745,1.05129,1.0538
08/08/2007,1.05375,1.05655,1.0461,1.048
09/08/2007,1.048,1.0642,1.04695,1.0577
10/08/2007,1.0577,1.0617,1.05145,1.05202
13/08/2007,1.0538,1.0564,1.0484,1.0559
14/08/2007,1.0559,1.069,1.0544,1.0689
15/08/2007,1.0689,1.0811,1.0685,1.0805
16/08/2007,1.0805,1.0865,1.0675,1.0769
17/08/2007,1.0769,1.0794,1.0557,1.06075
20/08/2007,1.0621,1.0624,1.0531,1.0556
21/08/2007,1.0556,1.0656,1.05544,1.0647
22/08/2007,1.0647,1.0665,1.0572,1.0594
23/08/2007,1.0595,1.0612,1.04725,1.0543
24/08/2007,1.0541,1.0567,1.0491,1.05135
27/08/2007,1.0497,1.0556,1.047,1.0555
28/08/2007,1.0555,1.0666,1.0534,1.0665
29/08/2007,1.0665,1.0677,1.0564,1.0611
30/08/2007,1.06085,1.0661,1.0543,1.05555
31/08/2007,1.0559,1.0593,1.0506,1.05517
03/09/2007,1.0547,1.0551,1.0512,1.05262
04/09/2007,1.0529,1.0569,1.048,1.049
05/09/2007,1.049,1.0566,1.04802,1.05347
06/09/2007,1.0536,1.0582,1.05065,1.0521
07/09/2007,1.0521,1.0576,1.0478,1.05502
10/09/2007,1.0563,1.0591,1.0504,1.05245
11/09/2007,1.05245,1.05305,1.0409,1.04238
12/09/2007,1.0425,1.0445,1.0353,1.03723
13/09/2007,1.03755,1.03805,1.0311,1.03505
14/09/2007,1.03506,1.03545,1.0277,1.03038
17/09/2007,1.0309,1.0311,1.02395,1.028
18/09/2007,1.028,1.0287,1.01205,1.0142
19/09/2007,1.01415,1.01765,1.0081,1.0133
20/09/2007,1.0133,1.0144,0.99915,1.0003
21/09/2007,1.0003,1.00575,0.99315,1.00075
24/09/2007,0.9986,1.0034,0.99659,1.00278
25/09/2007,1.0029,1.00645,0.9997,1.0039
26/09/2007,1.0039,1.00945,1.0025,1.0049
27/09/2007,1.005,1.0053,0.9976,1.00108
28/09/2007,1.0016,1.0019,0.9913,0.99321
01/10/2007,0.9924,0.9957,0.99084,0.9921
02/10/2007,0.9921,1.0012,0.9915,0.99844
03/10/2007,0.9984,0.9997,0.9935,0.99845
04/10/2007,0.99875,1.00155,0.9959,0.99643
05/10/2007,0.99685,0.9983,0.9786,0.98025
08/10/2007,0.9816,0.9876,0.98045,0.98636
09/10/2007,0.98643,0.9895,0.979,0.9821
10/10/2007,0.9821,0.9835,0.9791,0.9816
11/10/2007,0.9816,0.9826,0.9728,0.9757
12/10/2007,0.9757,0.9798,0.96989,0.97021
15/10/2007,0.9728,0.9778,0.9706,0.976
16/10/2007,0.976,0.9815,0.97435,0.97825
17/10/2007,0.97825,0.9821,0.9726,0.9753
18/10/2007,0.9753,0.97775,0.97185,0.97385
19/10/2007,0.97385,0.9755,0.9632,0.96688
22/10/2007,0.9681,0.98245,0.96605,0.9782
23/10/2007,0.97815,0.9782,0.96255,0.96615
24/10/2007,0.96625,0.9734,0.96435,0.96935
25/10/2007,0.9693,0.9699,0.96145,0.96615
26/10/2007,0.96615,0.96675,0.959,0.96146
29/10/2007,0.961,0.96275,0.9514,0.9535
30/10/2007,0.9535,0.9576,0.95135,0.95345
31/10/2007,0.9534,0.9565,0.94175,0.94685
01/11/2007,0.94685,0.9522,0.9423,0.95065
02/11/2007,0.95065,0.95175,0.93227,0.93385
05/11/2007,0.9359,0.937,0.9304,0.933
06/11/2007,0.933,0.9333,0.91595,0.91865
07/11/2007,0.91865,0.94035,0.9057,0.93345
08/11/2007,0.93345,0.93925,0.9236,0.93465
09/11/2007,0.9345,0.94485,0.92505,0.9424
12/11/2007,0.9447,0.9723,0.9433,0.97
13/11/2007,0.9699,0.97015,0.9522,0.9576
14/11/2007,0.9576,0.96765,0.95125,0.9656
15/11/2007,0.9656,0.9887,0.96035,0.9853
16/11/2007,0.9853,0.9883,0.97045,0.97188
19/11/2007,0.97505,0.9853,0.97035,0.984
20/11/2007,0.984,0.9864,0.9743,0.9813
21/11/2007,0.9813,0.9924,0.97885,0.9872
22/11/2007,0.98725,0.98805,0.97875,0.9848
23/11/2007,0.98485,0.9898,0.97955,0.98777
26/11/2007,0.98555,0.99135,0.9799,0.9887
27/11/2007,0.9887,1.00005,0.982,0.99575
28/11/2007,0.99575,0.99985,0.98385,0.98685
29/11/2007,0.98685,0.99935,0.98345,0.99675
30/11/2007,0.99675,1.00185,0.9921,0.9989
03/12/2007,0.9985,1.0042,0.9975,0.9998
04/12/2007,0.99975,1.01525,0.9992,1.0119
05/12/2007,1.012,1.0215,1.00965,1.0114
06/12/2007,1.01145,1.01935,1.0074,1.0086
07/12/2007,1.00835,1.01495,1.0007,1.0065
10/12/2007,1.00565,1.01175,1.0005,1.006
11/12/2007,1.006,1.01655,1.00385,1.01195
12/12/2007,1.01195,1.01755,1.0055,1.0115
13/12/2007,1.01155,1.02325,1.0094,1.0195
14/12/2007,1.0195,1.02485,1.01268,1.01345
17/12/2007,1.0182,1.02275,1.00265,1.0057
18/12/2007,1.0057,1.01435,1.00125,1.0054
19/12/2007,1.0053,1.00915,1.00076,1.00215
20/12/2007,1.00215,1.00475,0.9952,1.00015
21/12/2007,1.0002,1.001,0.99076,0.99193
24/12/2007,0.9922,0.9934,0.98261,0.98475
25/12/2007,0.9848,0.98652,0.98342,0.9851
26/12/2007,0.98522,0.98649,0.9797,0.97995
27/12/2007,0.9799,0.98535,0.9784,0.9806
28/12/2007,0.9802,0.9848,0.97555,0.98118
31/12/2007,0.9804,0.99867,0.97569,0.99771
01/01/2008,0.9976,0.99797,0.99083,0.9927
02/01/2008,0.9927,0.9971,0.98605,0.9943
03/01/2008,0.9943,0.99655,0.987,0.9888
04/01/2008,0.9888,1.00408,0.98415,1.00172
07/01/2008,1,1.00795,0.99675,1.00555
08/01/2008,1.00555,1.00765,0.9966,1.0046
09/01/2008,1.0046,1.01235,1.00185,1.00965
10/01/2008,1.00965,1.0151,1.0051,1.0089
11/01/2008,1.0088,1.02215,1.0067,1.0185
14/01/2008,1.0189,1.0211,1.01465,1.0174
15/01/2008,1.0174,1.0199,1.0124,1.0181
16/01/2008,1.0181,1.02825,1.01525,1.0227
17/01/2008,1.0227,1.03075,1.0182,1.0293
18/01/2008,1.0293,1.0308,1.02155,1.0243
21/01/2008,1.0272,1.0359,1.02674,1.0359
22/01/2008,1.0359,1.0379,1.02055,1.0274
23/01/2008,1.0274,1.0317,1.0221,1.0234
24/01/2008,1.0233,1.0255,1.00125,1.0043
25/01/2008,1.0043,1.011,1.00225,1.00782
28/01/2008,1.0087,1.0118,1.0022,1.0047
29/01/2008,1.0045,1.0071,0.9944,0.99835
30/01/2008,0.9982,1.0001,0.987,0.9953
31/01/2008,0.9953,1.0086,0.99255,1.0012
01/02/2008,1.0013,1.00355,0.99149,0.99455
04/02/2008,0.99515,1.00145,0.99215,0.9939
05/02/2008,0.9939,1.0082,0.9935,1.0079
06/02/2008,1.0079,1.0102,1.0006,1.00695
07/02/2008,1.00695,1.0128,1.0044,1.0091
08/02/2008,1.0091,1.0101,0.9947,0.999
11/02/2008,0.9996,1.00345,0.99555,1.0023
12/02/2008,1.0023,1.0043,0.99385,1.0007
13/02/2008,1.0007,1.00285,0.9964,0.99795
14/02/2008,0.998,1.0016,0.9937,1.00015
15/02/2008,1.00015,1.0112,0.99195,1.00718
18/02/2008,1.00835,1.0098,1.0048,1.00765
19/02/2008,1.00765,1.0176,1.0018,1.0155
20/02/2008,1.0155,1.0197,1.0106,1.0125
21/02/2008,1.0125,1.0142,1.00675,1.0114
22/02/2008,1.0114,1.01665,1.00715,1.01378
25/02/2008,1.01185,1.01215,0.9947,0.9954
26/02/2008,0.9954,0.9984,0.9783,0.9818
27/02/2008,0.9818,0.9831,0.97582,0.9814
28/02/2008,0.9814,0.9821,0.9711,0.97605
29/02/2008,0.97605,0.98894,0.9753,0.98695
03/03/2008,0.984,0.9933,0.9827,0.9889
04/03/2008,0.9889,0.99765,0.9853,0.99405
05/03/2008,0.99405,0.9953,0.98345,0.9849
06/03/2008,0.9849,0.9884,0.9818,0.98465
07/03/2008,0.98465,0.9923,0.97365,0.99021
10/03/2008,0.9895,0.99825,0.98555,0.9959
11/03/2008,0.9959,0.9971,0.98905,0.99155
12/03/2008,0.99155,0.9935,0.98365,0.99015
13/03/2008,0.99015,0.9916,0.9796,0.98435
14/03/2008,0.98435,0.9965,0.9815,0.98818
17/03/2008,0.9888,1.0013,0.9862,0.99475
18/03/2008,0.99445,0.99825,0.9885,0.98955
19/03/2008,0.98955,1.0173,0.9875,1.0117
20/03/2008,1.0117,1.0294,1.0117,1.0224
21/03/2008,1.0225,1.0264,1.02181,1.02235
24/03/2008,1.0254,1.03085,1.0156,1.0187
25/03/2008,1.0187,1.02225,1.0126,1.0182
26/03/2008,1.0182,1.0206,1.0094,1.01835
27/03/2008,1.01835,1.02335,1.0126,1.0162
28/03/2008,1.0162,1.0228,1.0143,1.02223
31/03/2008,1.02275,1.02925,1.01905,1.02605
01/04/2008,1.02605,1.0326,1.02055,1.0231
02/04/2008,1.0231,1.0243,1.013,1.0139
03/04/2008,1.0139,1.0166,1.00265,1.0044
04/04/2008,1.0044,1.01025,1.00185,1.00796
07/04/2008,1.0074,1.0152,1.00395,1.0127
08/04/2008,1.0127,1.0173,1.0106,1.01495
09/04/2008,1.01495,1.02185,1.01255,1.01905
10/04/2008,1.01905,1.0225,1.0155,1.0178
11/04/2008,1.0178,1.0248,1.01325,1.02303
14/04/2008,1.0242,1.0273,1.0176,1.0197
15/04/2008,1.0197,1.0238,1.0163,1.0177
16/04/2008,1.0177,1.0185,1,1.001
17/04/2008,1.001,1.0142,0.99875,1.0104
18/04/2008,1.0104,1.0144,1.0025,1.00391
21/04/2008,1.0059,1.0093,0.9997,1.0058
22/04/2008,1.0058,1.01535,1.00245,1.0081
23/04/2008,1.0081,1.02145,1.00595,1.017
24/04/2008,1.017,1.02105,1.01205,1.0146
25/04/2008,1.0146,1.02035,1.0122,1.01322
28/04/2008,1.0101,1.01835,1.00665,1.0125
29/04/2008,1.0125,1.0164,1.0109,1.0122
30/04/2008,1.0122,1.0143,1.0037,1.0073
01/05/2008,1.0073,1.02365,1.00623,1.01771
02/05/2008,1.01776,1.0243,1.01475,1.01895
05/05/2008,1.0193,1.0194,1.0112,1.0113
06/05/2008,1.0112,1.01455,0.9998,1.0019
07/05/2008,1.0019,1.0128,1.00055,1.0123
08/05/2008,1.0125,1.0176,1.0084,1.0172
09/05/2008,1.0172,1.0172,1.0046,1.00475
12/05/2008,1.00615,1.0107,1.0025,1.00527
13/05/2008,1.0053,1.0094,0.99845,1.00344
14/05/2008,1.00365,1.00675,0.99635,1.0044
15/05/2008,1.0044,1.0062,0.99875,1.0002
16/05/2008,1.0002,1.002,0.9943,0.99878
19/05/2008,0.9996,1,0.9898,0.9921
20/05/2008,0.9921,0.9957,0.9874,0.9917
21/05/2008,0.9917,0.9919,0.9819,0.9836
22/05/2008,0.9836,0.98755,0.98265,0.9849
23/05/2008,0.985,0.9898,0.9833,0.98918
26/05/2008,0.9873,0.99335,0.98596,0.99085
27/05/2008,0.99085,0.9948,0.9868,0.99363
28/05/2008,0.99385,0.9958,0.98795,0.9887
29/05/2008,0.9887,0.9921,0.9824,0.9898
30/05/2008,0.9899,0.99785,0.9873,0.99405
02/06/2008,0.995,1.0028,0.99275,1.0007
03/06/2008,1.0007,1.0096,0.99675,1.0088
04/06/2008,1.0088,1.0191,1.00795,1.0161
05/06/2008,1.0161,1.0219,1.014,1.0175
06/06/2008,1.0175,1.0215,1.01595,1.01828
09/06/2008,1.0174,1.02415,1.015,1.02232
10/06/2008,1.02229,1.0323,1.0195,1.0225
11/06/2008,1.0225,1.0245,1.0152,1.0201
12/06/2008,1.0199,1.02775,1.01956,1.02157
13/06/2008,1.0218,1.0297,1.02159,1.02877
16/06/2008,1.0291,1.0298,1.0196,1.0236
17/06/2008,1.0236,1.0247,1.0167,1.0177
18/06/2008,1.0177,1.0211,1.01643,1.01725
19/06/2008,1.01707,1.0187,1.0109,1.01575
20/06/2008,1.01575,1.0195,1.01,1.01673
23/06/2008,1.0137,1.01915,1.01335,1.01535
24/06/2008,1.01532,1.0172,1.0109,1.0122
25/06/2008,1.0122,1.0143,1.00866,1.00965
26/06/2008,1.00965,1.0142,1.0081,1.01294
27/06/2008,1.0132,1.01336,1.0048,1.01077
30/06/2008,1.00931,1.0217,1.00615,1.0202
01/07/2008,1.0202,1.024,1.0142,1.02185
02/07/2008,1.02185,1.0226,1.00875,1.0122
03/07/2008,1.0122,1.0218,1.012,1.01853
04/07/2008,1.0187,1.0203,1.01395,1.01938
07/07/2008,1.0179,1.0232,1.01495,1.01789
08/07/2008,1.018,1.0231,1.0156,1.0193
09/07/2008,1.0193,1.0194,1.0097,1.0108
10/07/2008,1.0108,1.01355,1.00755,1.009
11/07/2008,1.0087,1.01785,1.0068,1.00776
14/07/2008,1.0085,1.0139,1.0042,1.0065
15/07/2008,1.00645,1.00667,0.9974,1.0012
16/07/2008,1.0012,1.0048,0.99955,1.00065
17/07/2008,1.0007,1.008,0.99785,1.0046
18/07/2008,1.0046,1.00785,1.00215,1.00551
21/07/2008,1.0064,1.0069,0.9991,1.0009
22/07/2008,1.0009,1.0115,0.9999,1.0075
23/07/2008,1.00755,1.0117,1.0056,1.011
24/07/2008,1.011,1.0167,1.0076,1.0145
25/07/2008,1.0145,1.0207,1.0127,1.01918
28/07/2008,1.0195,1.02445,1.0173,1.0221
29/07/2008,1.0221,1.0273,1.02019,1.0239
30/07/2008,1.02395,1.027,1.02156,1.0235
31/07/2008,1.0234,1.0264,1.0213,1.0235
01/08/2008,1.0235,1.0297,1.0229,1.02483
04/08/2008,1.0281,1.03695,1.02601,1.0365
05/08/2008,1.0365,1.04525,1.0365,1.0427
06/08/2008,1.0427,1.0494,1.04005,1.0475
07/08/2008,1.04755,1.0537,1.0448,1.052
08/08/2008,1.052,1.06955,1.052,1.06696
11/08/2008,1.0671,1.0716,1.06105,1.0691
12/08/2008,1.06915,1.0728,1.0615,1.0668
13/08/2008,1.0669,1.0716,1.0584,1.06225
14/08/2008,1.0623,1.0656,1.05625,1.0656
15/08/2008,1.0656,1.06935,1.0581,1.059
18/08/2008,1.0589,1.06475,1.05425,1.064
19/08/2008,1.06405,1.0668,1.05915,1.0602
20/08/2008,1.0602,1.0652,1.05695,1.0597
21/08/2008,1.0597,1.0598,1.0421,1.04445
22/08/2008,1.0445,1.0488,1.0419,1.04618
25/08/2008,1.0467,1.0525,1.044,1.0511
26/08/2008,1.0511,1.0561,1.0411,1.0486
27/08/2008,1.0486,1.0495,1.0426,1.0461
28/08/2008,1.0462,1.05385,1.04298,1.05099
29/08/2008,1.0509,1.06495,1.047,1.06328
01/09/2008,1.062,1.0695,1.0613,1.06762
02/09/2008,1.06805,1.0747,1.06605,1.0688
03/09/2008,1.0688,1.0776,1.0577,1.0611
04/09/2008,1.0611,1.0729,1.0542,1.0685
05/09/2008,1.0685,1.07095,1.0601,1.06192
08/09/2008,1.059,1.07125,1.05492,1.0652
09/09/2008,1.0653,1.0726,1.0603,1.0707
10/09/2008,1.0707,1.07455,1.0656,1.074
11/09/2008,1.074,1.08205,1.0699,1.0744
12/09/2008,1.0744,1.0752,1.0587,1.05962
15/09/2008,1.0624,1.075,1.05695,1.06895
16/09/2008,1.0691,1.0748,1.06695,1.0672
17/09/2008,1.0672,1.0808,1.06145,1.07075
18/09/2008,1.0707,1.07255,1.0575,1.0617
19/09/2008,1.0617,1.0667,1.043,1.04621
22/09/2008,1.04775,1.0514,1.0314,1.03285
23/09/2008,1.03285,1.03985,1.03035,1.03495
24/09/2008,1.0351,1.0392,1.0312,1.03659
25/09/2008,1.03699,1.0373,1.02965,1.03255
26/09/2008,1.03255,1.03725,1.03087,1.03139
29/09/2008,1.0343,1.04865,1.03345,1.04711
30/09/2008,1.0474,1.0661,1.0439,1.06155
01/10/2008,1.0618,1.0657,1.05465,1.0635
02/10/2008,1.0635,1.0807,1.06191,1.0795
03/10/2008,1.0795,1.08425,1.0725,1.08183
06/10/2008,1.0849,1.1088,1.08305,1.1001
07/10/2008,1.10015,1.1086,1.09494,1.1064
08/10/2008,1.1064,1.1285,1.0994,1.1266
09/10/2008,1.1266,1.1552,1.11865,1.1535
10/10/2008,1.1535,1.21205,1.152,1.17482
13/10/2008,1.16855,1.17925,1.14115,1.1416
14/10/2008,1.1416,1.1649,1.1294,1.1644
15/10/2008,1.1645,1.1929,1.1533,1.1921
16/10/2008,1.1922,1.1994,1.175,1.1829
17/10/2008,1.1829,1.1929,1.1772,1.181
20/10/2008,1.1832,1.19795,1.174,1.1917
21/10/2008,1.19175,1.2206,1.1903,1.21405
22/10/2008,1.2141,1.25975,1.21351,1.2571
23/10/2008,1.2572,1.2739,1.24285,1.24785
24/10/2008,1.2476,1.2839,1.2474,1.27702
27/10/2008,1.2726,1.2982,1.2699,1.2976
28/10/2008,1.2976,1.3014,1.26755,1.26795
29/10/2008,1.26795,1.28665,1.2123,1.22175
30/10/2008,1.22185,1.2241,1.1897,1.20465
31/10/2008,1.20425,1.2377,1.19405,1.2124
03/11/2008,1.20935,1.21065,1.1784,1.1794
04/11/2008,1.1794,1.1892,1.14685,1.15175
05/11/2008,1.15175,1.1695,1.1462,1.16765
06/11/2008,1.1677,1.1987,1.16125,1.1972
07/11/2008,1.19666,1.202,1.16685,1.18867
10/11/2008,1.18235,1.19895,1.16555,1.19276
11/11/2008,1.1933,1.2096,1.18885,1.2082
12/11/2008,1.2082,1.24165,1.1982,1.2374
13/11/2008,1.23725,1.2445,1.2081,1.2119
14/11/2008,1.21205,1.2365,1.2101,1.23493
17/11/2008,1.2417,1.2419,1.21085,1.2277
18/11/2008,1.2277,1.23835,1.21765,1.23065
19/11/2008,1.23055,1.2551,1.2284,1.25315
20/11/2008,1.2532,1.29755,1.25224,1.2951
21/11/2008,1.29515,1.2982,1.26615,1.26998
24/11/2008,1.2669,1.27709,1.22395,1.23375
25/11/2008,1.2341,1.2477,1.2124,1.2252
26/11/2008,1.2254,1.2411,1.2158,1.2292
27/11/2008,1.2292,1.237,1.2234,1.2337
28/11/2008,1.2337,1.2465,1.2308,1.2387
01/12/2008,1.2416,1.25245,1.23005,1.24635
02/12/2008,1.24615,1.25815,1.238,1.2495
03/12/2008,1.2496,1.2667,1.24635,1.25385
04/12/2008,1.2537,1.2804,1.25105,1.2751
05/12/2008,1.2751,1.30055,1.26515,1.27015
08/12/2008,1.2735,1.27395,1.2446,1.2529
09/12/2008,1.253,1.27435,1.2506,1.25995
10/12/2008,1.25985,1.26645,1.24855,1.25645
11/12/2008,1.25655,1.25895,1.21555,1.2361
12/12/2008,1.23625,1.25115,1.22865,1.24647
15/12/2008,1.243,1.24385,1.2229,1.2347
16/12/2008,1.23475,1.2376,1.1983,1.20495
17/12/2008,1.205,1.21195,1.18945,1.19215
18/12/2008,1.19215,1.2117,1.18175,1.2034
19/12/2008,1.2034,1.2394,1.20261,1.21252
22/12/2008,1.2157,1.2219,1.1984,1.21911
23/12/2008,1.21859,1.2251,1.2045,1.2181
24/12/2008,1.2181,1.22085,1.2076,1.21451
25/12/2008,1.21443,1.21952,1.21255,1.21473
26/12/2008,1.214,1.22215,1.21155,1.22023
29/12/2008,1.2149,1.22245,1.20705,1.2186
30/12/2008,1.21835,1.2338,1.21035,1.214
31/12/2008,1.21165,1.2368,1.21067,1.22341
01/01/2009,1.22305,1.22382,1.21547,1.2219
02/01/2009,1.2219,1.227,1.20396,1.20625
05/01/2009,1.2078,1.22255,1.1865,1.1875
06/01/2009,1.18755,1.19995,1.1759,1.18383
07/01/2009,1.18405,1.19995,1.17725,1.19615
08/01/2009,1.19615,1.207,1.17685,1.18082
09/01/2009,1.181,1.19675,1.18015,1.18728
12/01/2009,1.19025,1.21945,1.18759,1.2167
13/01/2009,1.21585,1.234,1.21577,1.22365
14/01/2009,1.22365,1.2494,1.2103,1.2457
15/01/2009,1.2457,1.2672,1.24115,1.25155
16/01/2009,1.25155,1.2576,1.2313,1.24257
19/01/2009,1.2384,1.25725,1.23739,1.25315
20/01/2009,1.25315,1.2697,1.2529,1.2655
21/01/2009,1.2654,1.27645,1.25395,1.2597
22/01/2009,1.2595,1.27395,1.25115,1.252
23/01/2009,1.2525,1.2649,1.22645,1.22933
26/01/2009,1.23725,1.2386,1.21385,1.22295
27/01/2009,1.22295,1.2331,1.215,1.22485
28/01/2009,1.225,1.23005,1.2024,1.21305
29/01/2009,1.21305,1.22645,1.21233,1.2245
30/01/2009,1.2244,1.24155,1.22085,1.22625
02/02/2009,1.22795,1.24665,1.22765,1.2456
03/02/2009,1.24545,1.25215,1.22842,1.2323
04/02/2009,1.2322,1.2436,1.2224,1.23055
05/02/2009,1.23055,1.2381,1.2227,1.23035
06/02/2009,1.2304,1.25385,1.21793,1.21833
09/02/2009,1.22205,1.2298,1.21235,1.21915
10/02/2009,1.21935,1.24925,1.2178,1.24125
11/02/2009,1.2413,1.2531,1.23795,1.2406
12/02/2009,1.24055,1.2547,1.23893,1.24275
13/02/2009,1.243,1.24635,1.22785,1.234
16/02/2009,1.2418,1.24875,1.2395,1.24195
17/02/2009,1.2419,1.26715,1.2412,1.2644
18/02/2009,1.26445,1.2653,1.253,1.2597
19/02/2009,1.2597,1.2607,1.24655,1.25645
20/02/2009,1.25645,1.26505,1.242,1.25171
23/02/2009,1.25175,1.25555,1.23495,1.25045
24/02/2009,1.25095,1.254,1.23955,1.2401
25/02/2009,1.2402,1.2612,1.23965,1.255
26/02/2009,1.255,1.2575,1.23945,1.2526
27/02/2009,1.25265,1.2757,1.2516,1.2753
02/03/2009,1.27905,1.29323,1.27205,1.29025
03/03/2009,1.29025,1.29735,1.2804,1.29375
04/03/2009,1.29375,1.2967,1.27105,1.27625
05/03/2009,1.27625,1.2911,1.27455,1.2875
06/03/2009,1.2875,1.28965,1.27645,1.28648
09/03/2009,1.28225,1.30635,1.28121,1.2983
10/03/2009,1.2983,1.2988,1.27245,1.2807
11/03/2009,1.28065,1.2902,1.27505,1.2892
12/03/2009,1.28925,1.29565,1.2766,1.27915
13/03/2009,1.27915,1.28425,1.26245,1.27147
16/03/2009,1.2763,1.2769,1.26325,1.27082
17/03/2009,1.27064,1.27665,1.2675,1.26895
18/03/2009,1.269,1.2751,1.24255,1.24695
19/03/2009,1.24695,1.25025,1.219,1.2405
20/03/2009,1.2405,1.2446,1.2289,1.24078
23/03/2009,1.23765,1.23915,1.2203,1.22375
24/03/2009,1.22375,1.23225,1.21958,1.22805
25/03/2009,1.22805,1.2355,1.2219,1.22935
26/03/2009,1.2294,1.2336,1.22395,1.2298
27/03/2009,1.22965,1.2445,1.2258,1.23892
30/03/2009,1.23995,1.26485,1.23795,1.2613
31/03/2009,1.26135,1.26515,1.2501,1.26085
01/04/2009,1.2608,1.27135,1.25735,1.25877
02/04/2009,1.25905,1.26045,1.2336,1.2362
03/04/2009,1.2362,1.2456,1.22827,1.22927
06/04/2009,1.2264,1.24505,1.2224,1.24505
07/04/2009,1.24495,1.2484,1.2329,1.23675
08/04/2009,1.23675,1.24655,1.2307,1.23805
09/04/2009,1.23835,1.2401,1.221,1.225
10/04/2009,1.22495,1.22975,1.22384,1.22533
13/04/2009,1.2268,1.22995,1.21645,1.21885
14/04/2009,1.21885,1.2239,1.20605,1.214
15/04/2009,1.214,1.21855,1.20125,1.2042
16/04/2009,1.2042,1.2147,1.19815,1.20815
17/04/2009,1.2082,1.2178,1.20695,1.2126
20/04/2009,1.21535,1.24055,1.21365,1.24055
21/04/2009,1.24055,1.2506,1.2325,1.2375
22/04/2009,1.2375,1.24745,1.23275,1.23915
23/04/2009,1.2392,1.24145,1.22205,1.2257
24/04/2009,1.2257,1.2269,1.2072,1.20885
27/04/2009,1.2129,1.2217,1.2075,1.2183
28/04/2009,1.2183,1.22655,1.21625,1.2205
29/04/2009,1.22045,1.221,1.19905,1.202
30/04/2009,1.20205,1.20275,1.18605,1.19305
01/05/2009,1.1931,1.1952,1.183,1.18423
04/05/2009,1.18397,1.19,1.17155,1.17244
05/05/2009,1.1725,1.1791,1.16765,1.1765
06/05/2009,1.1765,1.18255,1.16505,1.1666
07/05/2009,1.16665,1.1763,1.1629,1.17013
08/05/2009,1.1705,1.1733,1.14863,1.14874
11/05/2009,1.14995,1.16725,1.14732,1.16505
12/05/2009,1.16505,1.16975,1.154,1.15855
13/05/2009,1.15855,1.1778,1.15535,1.1741
14/05/2009,1.1742,1.1789,1.1683,1.171
15/05/2009,1.171,1.18065,1.1648,1.17698
18/05/2009,1.1793,1.1813,1.1607,1.1633
19/05/2009,1.16385,1.16585,1.1522,1.15364
20/05/2009,1.15375,1.1583,1.1362,1.1409
21/05/2009,1.14085,1.14825,1.13371,1.13395
22/05/2009,1.13395,1.1358,1.11797,1.11886
25/05/2009,1.12075,1.1279,1.12065,1.1248
26/05/2009,1.1248,1.13555,1.1148,1.1152
27/05/2009,1.1152,1.12398,1.1098,1.1213
28/05/2009,1.12125,1.1257,1.11065,1.11344
29/05/2009,1.1138,1.1143,1.08905,1.09065
01/06/2009,1.0923,1.0945,1.0784,1.08955
02/06/2009,1.0896,1.09725,1.07905,1.0835
03/06/2009,1.0835,1.11445,1.0793,1.11025
04/06/2009,1.11005,1.11595,1.0926,1.09905
05/06/2009,1.09925,1.12085,1.096,1.11898
08/06/2009,1.1182,1.12905,1.11395,1.114
09/06/2009,1.114,1.1196,1.09805,1.105
10/06/2009,1.105,1.11635,1.0939,1.108
11/06/2009,1.1081,1.1083,1.0949,1.10105
12/06/2009,1.10105,1.1248,1.10094,1.11818
15/06/2009,1.12024,1.13738,1.11826,1.13362
16/06/2009,1.13357,1.13719,1.1217,1.13663
17/06/2009,1.13649,1.14462,1.1268,1.12935
18/06/2009,1.12939,1.13623,1.1231,1.13216
19/06/2009,1.13202,1.1364,1.12447,1.13425
22/06/2009,1.135,1.15555,1.13475,1.1547
23/06/2009,1.1547,1.15825,1.1464,1.14965
24/06/2009,1.14965,1.1583,1.14175,1.15513
25/06/2009,1.1552,1.16365,1.1524,1.15368
26/06/2009,1.15342,1.1564,1.14445,1.15279
29/06/2009,1.15295,1.15995,1.1508,1.1557
30/06/2009,1.1557,1.164,1.1509,1.1621
01/07/2009,1.1621,1.16535,1.1437,1.1489
02/07/2009,1.1489,1.16375,1.14705,1.16275
03/07/2009,1.16275,1.16335,1.15615,1.16048
06/07/2009,1.16095,1.1679,1.15855,1.1588
07/07/2009,1.15865,1.1675,1.15425,1.167
08/07/2009,1.167,1.1724,1.15865,1.1639
09/07/2009,1.164,1.1644,1.1547,1.1614
10/07/2009,1.1615,1.1676,1.15935,1.1638
13/07/2009,1.1605,1.16705,1.1495,1.1504
14/07/2009,1.1504,1.153,1.13215,1.13345
15/07/2009,1.1335,1.13485,1.11155,1.1162
16/07/2009,1.11595,1.12245,1.1124,1.1181
17/07/2009,1.1182,1.11995,1.11277,1.11415
20/07/2009,1.113,1.1134,1.1018,1.1072
21/07/2009,1.1071,1.11145,1.09635,1.1063
22/07/2009,1.1063,1.1089,1.095,1.1005
23/07/2009,1.1005,1.1011,1.084,1.0893
24/07/2009,1.0893,1.0923,1.07935,1.08608
27/07/2009,1.0873,1.088,1.0777,1.08045
28/07/2009,1.07995,1.09065,1.07495,1.08275
29/07/2009,1.08275,1.09335,1.07965,1.091
30/07/2009,1.091,1.091,1.08035,1.08295
31/07/2009,1.0829,1.0857,1.0764,1.0775
03/08/2009,1.0758,1.07915,1.0643,1.06595
04/08/2009,1.06595,1.0765,1.0631,1.07015
05/08/2009,1.07015,1.0784,1.06785,1.07055
06/08/2009,1.07055,1.0799,1.0677,1.07695
07/08/2009,1.0768,1.08665,1.07535,1.08097
10/08/2009,1.084,1.0928,1.0795,1.0884
11/08/2009,1.0884,1.10465,1.08628,1.1
12/08/2009,1.09995,1.10755,1.08485,1.0894
13/08/2009,1.0894,1.0909,1.0793,1.08735
14/08/2009,1.08735,1.1022,1.0813,1.09793
17/08/2009,1.10055,1.1125,1.10039,1.1063
18/08/2009,1.1063,1.1107,1.10015,1.1004
19/08/2009,1.1004,1.1113,1.0935,1.0941
20/08/2009,1.09425,1.0995,1.08635,1.08805
21/08/2009,1.0882,1.0943,1.07615,1.08161
24/08/2009,1.0804,1.08245,1.0725,1.0775
25/08/2009,1.07755,1.08755,1.07185,1.08745
26/08/2009,1.08755,1.1,1.08295,1.0977
27/08/2009,1.0977,1.10205,1.083,1.08695
28/08/2009,1.08695,1.0936,1.079,1.09092
31/08/2009,1.09155,1.1092,1.0902,1.094
01/09/2009,1.094,1.1067,1.08705,1.1038
02/09/2009,1.1038,1.1102,1.10065,1.10445
03/09/2009,1.10445,1.10745,1.09665,1.10245
04/09/2009,1.10245,1.10365,1.0823,1.08599
07/09/2009,1.08465,1.08585,1.074,1.07845
08/09/2009,1.07845,1.0822,1.0674,1.0779
09/09/2009,1.0778,1.0835,1.0745,1.07925
10/09/2009,1.07915,1.08795,1.07675,1.0778
11/09/2009,1.0779,1.0793,1.0715,1.07629
14/09/2009,1.07865,1.09265,1.07865,1.0823
15/09/2009,1.0823,1.08705,1.071,1.07275
16/09/2009,1.07275,1.0736,1.06425,1.0668
17/09/2009,1.06685,1.06755,1.059,1.0658
18/09/2009,1.0658,1.0768,1.06526,1.0688
21/09/2009,1.069,1.0853,1.06745,1.07795
22/09/2009,1.07795,1.07805,1.06595,1.06805
23/09/2009,1.068,1.0776,1.06588,1.0752
24/09/2009,1.07515,1.09475,1.07065,1.09065
25/09/2009,1.09065,1.09825,1.08595,1.09032
28/09/2009,1.09315,1.0991,1.08315,1.08535
29/09/2009,1.0855,1.09235,1.07935,1.08395
30/09/2009,1.08395,1.0845,1.06715,1.0685
01/10/2009,1.0686,1.08465,1.0671,1.0845
02/10/2009,1.08445,1.0959,1.07875,1.07905
05/10/2009,1.0796,1.07975,1.0692,1.06975
06/10/2009,1.06975,1.07125,1.0546,1.05925
07/10/2009,1.05925,1.0648,1.05275,1.0592
08/10/2009,1.05925,1.06305,1.05055,1.05265
09/10/2009,1.0528,1.0551,1.04105,1.04224
12/10/2009,1.0418,1.0451,1.0317,1.0326
13/10/2009,1.0326,1.0372,1.02655,1.0317
14/10/2009,1.0317,1.03235,1.0228,1.0228
15/10/2009,1.02285,1.03705,1.02009,1.03105
16/10/2009,1.03105,1.04345,1.0287,1.03645
19/10/2009,1.0382,1.04225,1.02695,1.0286
20/10/2009,1.02865,1.0526,1.0265,1.04895
21/10/2009,1.0488,1.05825,1.0378,1.04375
22/10/2009,1.04375,1.0544,1.04165,1.04565
23/10/2009,1.04565,1.0544,1.0448,1.05355
26/10/2009,1.05325,1.06965,1.05005,1.06895
27/10/2009,1.069,1.07165,1.0626,1.0642
28/10/2009,1.0642,1.08115,1.06385,1.0805
29/10/2009,1.0805,1.08205,1.06545,1.06755
30/10/2009,1.06755,1.0848,1.0652,1.08448
02/11/2009,1.08285,1.08365,1.0713,1.07755
03/11/2009,1.07765,1.08525,1.0649,1.0665
04/11/2009,1.0665,1.06845,1.0594,1.06285
05/11/2009,1.06285,1.06805,1.0605,1.06505
06/11/2009,1.06505,1.078,1.06075,1.07477
09/11/2009,1.0741,1.07465,1.0542,1.05535
10/11/2009,1.05535,1.06065,1.04805,1.04995
11/11/2009,1.04995,1.05025,1.04315,1.0446
12/11/2009,1.0446,1.05755,1.04145,1.05505
13/11/2009,1.0551,1.0566,1.0472,1.05142
16/11/2009,1.04885,1.05225,1.04255,1.04695
17/11/2009,1.04695,1.0619,1.04616,1.05094
18/11/2009,1.05072,1.05825,1.0449,1.05525
19/11/2009,1.05525,1.0689,1.05495,1.06265
20/11/2009,1.06255,1.07325,1.06135,1.07023
23/11/2009,1.0693,1.0693,1.05395,1.0568
24/11/2009,1.0568,1.0643,1.0562,1.058
25/11/2009,1.058,1.05825,1.04463,1.0461
26/11/2009,1.0462,1.06195,1.0455,1.06145
27/11/2009,1.06145,1.0749,1.05865,1.06232
30/11/2009,1.05935,1.06135,1.0532,1.05395
01/12/2009,1.05395,1.0578,1.04055,1.0463
02/12/2009,1.04625,1.0515,1.04315,1.04915
03/12/2009,1.04915,1.0584,1.04615,1.05585
04/12/2009,1.05595,1.05955,1.0433,1.0572
07/12/2009,1.05625,1.06505,1.0482,1.04985
08/12/2009,1.04975,1.067,1.04847,1.0646
09/12/2009,1.0646,1.06495,1.0515,1.05415
10/12/2009,1.0541,1.05825,1.0478,1.05135
11/12/2009,1.05135,1.06225,1.04808,1.0594
14/12/2009,1.0587,1.06615,1.05636,1.05895
15/12/2009,1.05895,1.06515,1.0552,1.06055
16/12/2009,1.0605,1.06425,1.05705,1.06195
17/12/2009,1.06195,1.0746,1.06095,1.0702
18/12/2009,1.0702,1.07165,1.0628,1.06608
21/12/2009,1.067,1.06985,1.05355,1.06165
22/12/2009,1.06165,1.0634,1.0541,1.0571
23/12/2009,1.0571,1.0577,1.047,1.04875
24/12/2009,1.04875,1.05065,1.04475,1.05003
25/12/2009,1.05002,1.05032,1.04707,1.0498
28/12/2009,1.04835,1.04995,1.0418,1.04295
29/12/2009,1.04295,1.04445,1.0365,1.04425
30/12/2009,1.04435,1.05775,1.04395,1.05475
31/12/2009,1.05475,1.05485,1.0455,1.05148
01/01/2010,1.0515,1.05168,1.05127,1.05158
04/01/2010,1.04715,1.05165,1.0351,1.04105
05/01/2010,1.04105,1.04105,1.03345,1.03945
06/01/2010,1.03945,1.04085,1.0312,1.03185
07/01/2010,1.0318,1.0373,1.0291,1.03415
08/01/2010,1.03415,1.03835,1.02892,1.02925
11/01/2010,1.02795,1.03435,1.02515,1.03385
12/01/2010,1.03385,1.04135,1.03125,1.03925
13/01/2010,1.03925,1.0411,1.0289,1.03095
14/01/2010,1.03095,1.03215,1.02235,1.0236
15/01/2010,1.02365,1.03135,1.02316,1.03068
18/01/2010,1.0293,1.0314,1.02453,1.02495
19/01/2010,1.02505,1.03475,1.02482,1.03165
20/01/2010,1.03165,1.0488,1.0312,1.04505
21/01/2010,1.04505,1.0524,1.0437,1.05045
22/01/2010,1.0505,1.0602,1.04604,1.05635
25/01/2010,1.05635,1.0612,1.05325,1.05695
26/01/2010,1.0569,1.06915,1.05426,1.06205
27/01/2010,1.06205,1.06875,1.0608,1.06365
28/01/2010,1.06375,1.0678,1.0556,1.0661
29/01/2010,1.0661,1.07045,1.06225,1.0693
01/02/2010,1.06805,1.0721,1.06006,1.0619
02/02/2010,1.0619,1.0639,1.0564,1.05725
03/02/2010,1.05725,1.06345,1.05445,1.0617
04/02/2010,1.0617,1.0752,1.05955,1.072
05/02/2010,1.072,1.078,1.06435,1.0704
08/02/2010,1.07145,1.0773,1.0656,1.07465
09/02/2010,1.07465,1.07565,1.0644,1.06735
10/02/2010,1.06735,1.07075,1.0597,1.06205
11/02/2010,1.06205,1.06205,1.04785,1.05025
12/02/2010,1.05025,1.0578,1.048,1.04992
15/02/2010,1.0507,1.0532,1.0462,1.0494
16/02/2010,1.0494,1.0498,1.04095,1.0435
17/02/2010,1.0434,1.04705,1.04115,1.04605
18/02/2010,1.04595,1.05175,1.03965,1.04995
19/02/2010,1.0499,1.05295,1.0382,1.0382
22/02/2010,1.03885,1.04405,1.03688,1.04195
23/02/2010,1.04195,1.0579,1.03805,1.0548
24/02/2010,1.0548,1.05935,1.05095,1.05265
25/02/2010,1.05265,1.068,1.05125,1.06115
26/02/2010,1.0613,1.06175,1.05077,1.05143
01/03/2010,1.05125,1.05725,1.04062,1.04185
02/03/2010,1.04185,1.0442,1.0308,1.03485
03/03/2010,1.0348,1.03605,1.0274,1.03205
04/03/2010,1.03205,1.0339,1.02695,1.0313
05/03/2010,1.0313,1.03305,1.02605,1.02818
08/03/2010,1.02675,1.02935,1.025,1.0278
09/03/2010,1.0278,1.0319,1.02345,1.0267
10/03/2010,1.0267,1.02905,1.0216,1.0255
11/03/2010,1.02545,1.0321,1.02285,1.0235
12/03/2010,1.02355,1.02465,1.0154,1.01887
15/03/2010,1.0166,1.02315,1.01644,1.01895
16/03/2010,1.01895,1.0202,1.01301,1.01335
17/03/2010,1.01345,1.01425,1.00705,1.01013
18/03/2010,1.01035,1.01505,1.0089,1.0135
19/03/2010,1.0135,1.0188,1.00615,1.01697
22/03/2010,1.01675,1.02435,1.01455,1.01685
23/03/2010,1.0169,1.0228,1.0151,1.0163
24/03/2010,1.0164,1.02815,1.0157,1.02355
25/03/2010,1.02355,1.02485,1.017,1.0234
26/03/2010,1.02325,1.03025,1.0204,1.0263
29/03/2010,1.02625,1.02695,1.0176,1.0213
30/03/2010,1.02135,1.02225,1.0157,1.0175
31/03/2010,1.01755,1.0198,1.01275,1.01385
01/04/2010,1.01385,1.0146,1.0066,1.00945
02/04/2010,1.00945,1.0129,1.00845,1.01037
05/04/2010,1.00865,1.00865,1.00093,1.00195
06/04/2010,1.0019,1.0047,0.9987,1.0017
07/04/2010,1.0017,1.00615,0.9977,1.0054
08/04/2010,1.0054,1.01045,1.00079,1.00085
09/04/2010,1.00085,1.00825,0.9991,1.0023
12/04/2010,1.0034,1.00875,1.0011,1.00278
13/04/2010,1.00295,1.0065,1.0003,1.0013
14/04/2010,1.0013,1.00155,0.9952,0.9981
15/04/2010,0.9981,1.0035,0.99582,1.0019
16/04/2010,1.0021,1.0163,1.0003,1.0127
19/04/2010,1.0151,1.0215,1.01355,1.0147
20/04/2010,1.0147,1.0163,0.99705,0.99825
21/04/2010,0.99825,1.0013,0.993,0.9991
22/04/2010,0.9991,1.0039,0.996,1.00265
23/04/2010,1.00265,1.00645,0.99675,0.99938
26/04/2010,0.9997,1.0023,0.99705,1.00025
27/04/2010,1.00025,1.01805,0.99977,1.0149
28/04/2010,1.0149,1.01965,1.0073,1.0107
29/04/2010,1.0107,1.01125,1.00125,1.0044
30/04/2010,1.0044,1.01861,1.00155,1.01768
03/05/2010,1.01595,1.01855,1.01003,1.0116
04/05/2010,1.0116,1.0256,1.01075,1.024
05/05/2010,1.024,1.03535,1.02315,1.03085
06/05/2010,1.03085,1.074,1.02815,1.0484
07/05/2010,1.0486,1.05705,1.0337,1.04383
10/05/2010,1.03715,1.03755,1.02095,1.02455
11/05/2010,1.02445,1.02875,1.0148,1.0205
12/05/2010,1.0205,1.0246,1.0153,1.0181
13/05/2010,1.0182,1.02255,1.011,1.02135
14/05/2010,1.0213,1.03775,1.0211,1.034
17/05/2010,1.0353,1.0438,1.03065,1.03315
18/05/2010,1.03315,1.04245,1.02455,1.04245
19/05/2010,1.04245,1.05365,1.0385,1.04475
20/05/2010,1.0447,1.07455,1.04305,1.0695
21/05/2010,1.0694,1.07495,1.05505,1.05888
24/05/2010,1.0627,1.06595,1.05335,1.06365
25/05/2010,1.0636,1.08525,1.063,1.06825
26/05/2010,1.0684,1.0744,1.0579,1.0689
27/05/2010,1.0689,1.0705,1.0479,1.0493
28/05/2010,1.0493,1.0558,1.0444,1.0538
31/05/2010,1.05435,1.0546,1.04125,1.0425
01/06/2010,1.04265,1.0562,1.042,1.05375
02/06/2010,1.05375,1.05715,1.03715,1.03905
03/06/2010,1.03905,1.04625,1.03335,1.0401
04/06/2010,1.0401,1.0628,1.0354,1.06258
07/06/2010,1.06375,1.0679,1.0515,1.05935
08/06/2010,1.05935,1.0595,1.04684,1.0486
09/06/2010,1.0486,1.05165,1.03645,1.04315
10/06/2010,1.04315,1.04485,1.0287,1.03005
11/06/2010,1.03015,1.03885,1.0298,1.03233
14/06/2010,1.02975,1.03485,1.0224,1.0332
15/06/2010,1.0332,1.0361,1.0241,1.026
16/06/2010,1.026,1.0323,1.0224,1.0258
17/06/2010,1.0258,1.03375,1.02245,1.02865
18/06/2010,1.02858,1.0312,1.02065,1.02118
21/06/2010,1.01745,1.02605,1.0138,1.02315
22/06/2010,1.02315,1.0296,1.0181,1.0284
23/06/2010,1.02835,1.0459,1.02825,1.0397
24/06/2010,1.03965,1.04685,1.0374,1.0426
25/06/2010,1.0426,1.04415,1.034,1.0354
28/06/2010,1.0354,1.03715,1.03205,1.03515
29/06/2010,1.03515,1.0576,1.03396,1.0543
30/06/2010,1.0544,1.06475,1.04665,1.06305
01/07/2010,1.06315,1.06735,1.0577,1.05865
02/07/2010,1.05865,1.06675,1.05565,1.0624
05/07/2010,1.06405,1.0676,1.0576,1.0658
06/07/2010,1.06585,1.0676,1.0485,1.0528
07/07/2010,1.05275,1.06055,1.0462,1.04795
08/07/2010,1.0479,1.048,1.0379,1.04335
09/07/2010,1.04335,1.04545,1.02955,1.0331
12/07/2010,1.03225,1.0386,1.02995,1.03485
13/07/2010,1.03485,1.0385,1.0275,1.03085
14/07/2010,1.03085,1.03705,1.0285,1.03315
15/07/2010,1.03315,1.04425,1.0283,1.03875
16/07/2010,1.03875,1.05798,1.03805,1.05538
19/07/2010,1.0577,1.058,1.0499,1.0543
20/07/2010,1.0543,1.0586,1.0421,1.04265
21/07/2010,1.04265,1.0501,1.0351,1.04715
22/07/2010,1.04715,1.05035,1.03555,1.0364
23/07/2010,1.0364,1.0437,1.03455,1.03563
26/07/2010,1.03685,1.0377,1.0303,1.0322
27/07/2010,1.03215,1.03955,1.02555,1.0356
28/07/2010,1.0356,1.039,1.0298,1.0375
29/07/2010,1.0375,1.0391,1.0303,1.0356
30/07/2010,1.03565,1.03755,1.02635,1.02838
02/08/2010,1.02895,1.02895,1.0204,1.02265
03/08/2010,1.0227,1.0273,1.0219,1.02355
04/08/2010,1.02355,1.0271,1.0163,1.0181
05/08/2010,1.01805,1.01805,1.01065,1.01725
06/08/2010,1.01725,1.03065,1.01465,1.02623
09/08/2010,1.0284,1.02995,1.02565,1.02775
10/08/2010,1.02775,1.03885,1.0275,1.03075
11/08/2010,1.03075,1.048,1.03045,1.0469
12/08/2010,1.0469,1.04945,1.0417,1.0423
13/08/2010,1.04235,1.04385,1.035,1.0413
16/08/2010,1.04175,1.04645,1.037,1.0429
17/08/2010,1.0429,1.04355,1.03085,1.03255
18/08/2010,1.03255,1.0341,1.0265,1.0293
19/08/2010,1.0293,1.04155,1.02475,1.0395
20/08/2010,1.0395,1.0514,1.03825,1.04583
23/08/2010,1.0494,1.0544,1.0444,1.0539
24/08/2010,1.0539,1.0664,1.0536,1.05995
25/08/2010,1.05995,1.06675,1.0573,1.05935
26/08/2010,1.05935,1.06015,1.0521,1.05805
27/08/2010,1.05805,1.0648,1.05025,1.0504
30/08/2010,1.04925,1.0604,1.0472,1.05995
31/08/2010,1.05995,1.06725,1.0575,1.0647
01/09/2010,1.0647,1.0651,1.0484,1.0513
02/09/2010,1.0513,1.0555,1.04715,1.0538
03/09/2010,1.0538,1.05685,1.038,1.03897
06/09/2010,1.03885,1.0404,1.03361,1.0378
07/09/2010,1.0378,1.0485,1.0352,1.04765
08/09/2010,1.04765,1.0509,1.03455,1.03715
09/09/2010,1.0371,1.03935,1.03005,1.03375
10/09/2010,1.03375,1.03735,1.0287,1.037
13/09/2010,1.032,1.03455,1.02655,1.0285
14/09/2010,1.0285,1.0304,1.02155,1.0265
15/09/2010,1.02655,1.03195,1.02491,1.026
16/09/2010,1.026,1.02895,1.0238,1.0271
17/09/2010,1.0271,1.035,1.02155,1.03255
20/09/2010,1.0342,1.03445,1.02615,1.03055
21/09/2010,1.03055,1.033,1.02165,1.0241
22/09/2010,1.0241,1.03585,1.0191,1.02985
23/09/2010,1.02985,1.0379,1.0284,1.03515
24/09/2010,1.03515,1.03545,1.0225,1.0238
27/09/2010,1.0243,1.03075,1.02225,1.03045
28/09/2010,1.0304,1.03615,1.02845,1.03025
29/09/2010,1.03025,1.03405,1.02385,1.03285
30/09/2010,1.03275,1.03445,1.02305,1.0305
01/10/2010,1.03045,1.0313,1.01875,1.01947
04/10/2010,1.01945,1.02445,1.018,1.02345
05/10/2010,1.02345,1.02725,1.01523,1.0156
06/10/2010,1.0156,1.01655,1.00615,1.0113
07/10/2010,1.0113,1.02105,1.0077,1.0177
08/10/2010,1.01775,1.023,1.00905,1.01023
11/10/2010,1.0093,1.01495,1.0093,1.01375
12/10/2010,1.01375,1.0182,1.00895,1.0097
13/10/2010,1.0097,1.01045,1.0011,1.0026
14/10/2010,1.0026,1.00735,0.998,1.00575
15/10/2010,1.00585,1.01385,1.0012,1.01
18/10/2010,1.01365,1.02275,1.01345,1.01715
19/10/2010,1.0171,1.03735,1.0161,1.03465
20/10/2010,1.03465,1.03465,1.02055,1.02275
21/10/2010,1.02275,1.03015,1.01675,1.0266
22/10/2010,1.0266,1.03015,1.02225,1.02523
25/10/2010,1.02542,1.02569,1.01539,1.02004
26/10/2010,1.02004,1.02663,1.01813,1.02384
27/10/2010,1.02399,1.03385,1.02251,1.02701
28/10/2010,1.02703,1.02854,1.01803,1.01917
29/10/2010,1.01916,1.02476,1.01688,1.01913
01/11/2010,1.01823,1.02021,1.01253,1.01271
02/11/2010,1.01271,1.01348,1.00783,1.00883
03/11/2010,1.00886,1.01548,1.00454,1.00864
04/11/2010,1.00855,1.00967,1.00103,1.00272
05/11/2010,1.00272,1.00824,0.99912,1.00002
08/11/2010,0.99989,1.00546,0.99933,1.00432
09/11/2010,1.00439,1.0094,0.99801,1.00687
10/11/2010,1.00689,1.00797,0.99934,1.00039
11/11/2010,1.00029,1.00719,0.99776,1.00408
12/11/2010,1.00408,1.01454,1.00263,1.01209
15/11/2010,1.01055,1.01385,1.00567,1.00987
16/11/2010,1.00987,1.02536,1.00694,1.02192
17/11/2010,1.02195,1.02597,1.01809,1.02312
18/11/2010,1.02312,1.02362,1.01551,1.01846
19/11/2010,1.01846,1.02328,1.01611,1.0165
22/11/2010,1.01592,1.02167,1.01208,1.01905
23/11/2010,1.01908,1.02631,1.01613,1.02158
24/11/2010,1.0216,1.02234,1.00916,1.00974
25/11/2010,1.00971,1.01233,1.00754,1.00869
26/11/2010,1.00872,1.02459,1.00834,1.02132
29/11/2010,1.01883,1.02571,1.01675,1.01925
30/11/2010,1.01923,1.02855,1.01704,1.0257
01/12/2010,1.0257,1.02709,1.01411,1.01802
02/12/2010,1.01802,1.01887,1.00237,1.0035
03/12/2010,1.0035,1.00796,1.00022,1.00371
06/12/2010,1.00278,1.00827,1.00212,1.00576
07/12/2010,1.00576,1.0125,1.00113,1.01096
08/12/2010,1.01087,1.01402,1.00628,1.01077
09/12/2010,1.01076,1.0125,1.00659,1.01023
10/12/2010,1.01026,1.01153,1.00833,1.00889
13/12/2010,1.01069,1.01069,1.0027,1.00758
14/12/2010,1.00764,1.01105,1.00278,1.00613
15/12/2010,1.00613,1.00939,1.00003,1.00401
16/12/2010,1.004,1.00744,1.00319,1.00571
17/12/2010,1.00573,1.01462,1.00376,1.0114
20/12/2010,1.01223,1.02078,1.01018,1.01777
21/12/2010,1.01777,1.02056,1.01507,1.01765
22/12/2010,1.01764,1.01772,1.01104,1.01259
23/12/2010,1.01259,1.01646,1.00704,1.00931
24/12/2010,1.00931,1.01145,1.00481,1.00789
27/12/2010,1.01043,1.011,1.00564,1.00583
28/12/2010,1.00581,1.00714,0.99747,1.00218
29/12/2010,1.00219,1.00555,0.99741,0.9998
30/12/2010,0.9998,1.00213,0.99885,0.99972
31/12/2010,0.99972,1.00067,0.99253,0.99768
03/01/2011,0.99289,0.99481,0.9888,0.99246
04/01/2011,0.99246,1.00335,0.99157,0.99711
05/01/2011,0.9971,1.00222,0.99327,0.99652
06/01/2011,0.99651,0.99934,0.99251,0.99752
07/01/2011,0.99752,1.00034,0.98983,0.99327
10/01/2011,0.99196,0.99833,0.99121,0.99264
11/01/2011,0.99264,0.99494,0.98904,0.98929
12/01/2011,0.98933,0.98951,0.98482,0.98648
13/01/2011,0.98645,0.99083,0.9854,0.98918
14/01/2011,0.98918,0.9976,0.98852,0.98992
17/01/2011,0.98756,0.99011,0.98558,0.9872
18/01/2011,0.98722,0.9934,0.98371,0.99218
19/01/2011,0.99218,0.99658,0.98882,0.99546
20/01/2011,0.99543,1.00301,0.99519,0.99684
21/01/2011,0.99684,0.99873,0.9908,0.99301
24/01/2011,0.99349,0.99813,0.9918,0.99352
25/01/2011,0.99352,1.00035,0.99114,0.99701
26/01/2011,0.99702,0.99801,0.99362,0.99456
27/01/2011,0.99459,0.99857,0.9926,0.99526
28/01/2011,0.99527,1.00162,0.99373,1.00047
31/01/2011,1.00231,1.00577,0.9962,1.00016
01/02/2011,1.00016,1.00027,0.98994,0.9904
02/02/2011,0.9904,0.99149,0.98599,0.98774
03/02/2011,0.98774,0.99376,0.98652,0.99096
04/02/2011,0.99096,0.99143,0.98313,0.9863
07/02/2011,0.98771,0.99112,0.98575,0.99026
08/02/2011,0.99026,0.99769,0.98679,0.99495
09/02/2011,0.99495,0.99555,0.99149,0.99405
10/02/2011,0.99405,0.99866,0.99364,0.99576
11/02/2011,0.99572,0.99857,0.98617,0.98757
14/02/2011,0.98714,0.99011,0.98448,0.98959
15/02/2011,0.98958,0.99022,0.98508,0.98941
16/02/2011,0.98941,0.98956,0.98422,0.98449
17/02/2011,0.98449,0.98586,0.98155,0.98393
18/02/2011,0.98393,0.98736,0.9818,0.98652
21/02/2011,0.9852,0.98715,0.98212,0.98261
22/02/2011,0.98261,0.9919,0.98226,0.98971
23/02/2011,0.98974,0.99589,0.98579,0.98847
24/02/2011,0.98847,0.99008,0.98166,0.98212
25/02/2011,0.98211,0.98273,0.97699,0.97711
28/02/2011,0.97769,0.97886,0.97096,0.97124
01/03/2011,0.97124,0.97545,0.96831,0.97454
02/03/2011,0.97454,0.97753,0.9708,0.97292
03/03/2011,0.97292,0.9752,0.97141,0.97272
04/03/2011,0.97276,0.97425,0.96992,0.97318
07/03/2011,0.97187,0.97426,0.96996,0.97309
08/03/2011,0.97309,0.97474,0.9707,0.97092
09/03/2011,0.97092,0.97145,0.96672,0.96868
10/03/2011,0.96868,0.97665,0.96827,0.97506
11/03/2011,0.97506,0.98017,0.97039,0.97242
14/03/2011,0.97379,0.97636,0.97102,0.97419
15/03/2011,0.97424,0.99739,0.97368,0.98387
16/03/2011,0.98391,0.9967,0.98069,0.99249
17/03/2011,0.9925,0.99349,0.98343,0.98428
18/03/2011,0.98428,0.98656,0.98037,0.98401
21/03/2011,0.98364,0.98444,0.97487,0.97871
22/03/2011,0.97871,0.98223,0.97463,0.98192
23/03/2011,0.98191,0.98429,0.97916,0.98059
24/03/2011,0.98059,0.98239,0.97308,0.97666
25/03/2011,0.97666,0.98264,0.97416,0.98077
28/03/2011,0.98147,0.98205,0.97409,0.97799
29/03/2011,0.97799,0.97831,0.97374,0.97387
30/03/2011,0.97387,0.97532,0.9686,0.97194
31/03/2011,0.97197,0.97288,0.96827,0.96988
01/04/2011,0.96986,0.97012,0.96259,0.96307
04/04/2011,0.96318,0.96868,0.96157,0.96724
05/04/2011,0.96725,0.96923,0.96268,0.9635
06/04/2011,0.9635,0.96402,0.95684,0.96027
07/04/2011,0.96028,0.96233,0.95695,0.95897
08/04/2011,0.95898,0.95915,0.9526,0.9552
11/04/2011,0.95509,0.95767,0.95422,0.95656
12/04/2011,0.95655,0.96569,0.95584,0.96095
13/04/2011,0.96095,0.96548,0.9585,0.9626
14/04/2011,0.9626,0.96685,0.95947,0.95985
15/04/2011,0.95985,0.96491,0.95888,0.95931
18/04/2011,0.95998,0.97209,0.9596,0.96431
19/04/2011,0.9643,0.96667,0.95478,0.95488
20/04/2011,0.95487,0.9557,0.94968,0.95178
21/04/2011,0.95178,0.9537,0.94538,0.95235
22/04/2011,0.95232,0.95454,0.9518,0.95378
25/04/2011,0.95237,0.95602,0.95034,0.95486
26/04/2011,0.95486,0.95618,0.94928,0.94933
27/04/2011,0.9493,0.95753,0.94872,0.94996
28/04/2011,0.94996,0.95203,0.94642,0.95027
29/04/2011,0.95027,0.95493,0.944,0.9445
02/05/2011,0.94564,0.95192,0.9447,0.95129
03/05/2011,0.9513,0.95411,0.94582,0.95192
04/05/2011,0.95193,0.96029,0.9504,0.95875
05/05/2011,0.95875,0.97123,0.95671,0.96554
06/05/2011,0.96552,0.9702,0.95731,0.9664
09/05/2011,0.96316,0.96953,0.96037,0.96448
10/05/2011,0.96449,0.96528,0.95595,0.95694
11/05/2011,0.95694,0.96381,0.95128,0.9607
12/05/2011,0.96071,0.96939,0.95988,0.96323
13/05/2011,0.96323,0.97436,0.9604,0.96877
16/05/2011,0.97011,0.97698,0.96833,0.97518
17/05/2011,0.97518,0.97927,0.97144,0.97198
18/05/2011,0.97198,0.97592,0.96893,0.96933
19/05/2011,0.96932,0.97134,0.96533,0.96698
20/05/2011,0.96698,0.97711,0.96406,0.97386
23/05/2011,0.97386,0.98097,0.97361,0.97839
24/05/2011,0.9784,0.97904,0.97539,0.97656
25/05/2011,0.97656,0.98156,0.97433,0.97908
26/05/2011,0.97909,0.98155,0.9756,0.97903
27/05/2011,0.97903,0.97974,0.97526,0.97622
30/05/2011,0.97679,0.97865,0.97517,0.9761
31/05/2011,0.9761,0.97635,0.96544,0.96754
01/06/2011,0.96753,0.97809,0.96666,0.97689
02/06/2011,0.97691,0.98091,0.97444,0.97558
03/06/2011,0.97557,0.98514,0.97441,0.97792
06/06/2011,0.97682,0.98167,0.97679,0.97966
07/06/2011,0.97965,0.98094,0.97311,0.97443
08/06/2011,0.97443,0.98205,0.9742,0.97965
09/06/2011,0.97965,0.98123,0.97233,0.97474
10/06/2011,0.97473,0.97983,0.97117,0.97901
13/06/2011,0.97946,0.97968,0.97512,0.97624
14/06/2011,0.97622,0.97711,0.96746,0.96895
15/06/2011,0.96895,0.98285,0.96696,0.97803
16/06/2011,0.97803,0.98975,0.97722,0.98116
17/06/2011,0.98116,0.98683,0.9775,0.97929
20/06/2011,0.98157,0.98487,0.97753,0.97867
21/06/2011,0.97866,0.98048,0.97052,0.97241
22/06/2011,0.9724,0.97528,0.97,0.97382
23/06/2011,0.97382,0.98236,0.9713,0.97801
24/06/2011,0.97801,0.98858,0.97701,0.98809
27/06/2011,0.9891,0.99122,0.98511,0.98545
28/06/2011,0.98544,0.98837,0.98012,0.98109
29/06/2011,0.98109,0.98245,0.96677,0.96828
30/06/2011,0.96827,0.96862,0.9624,0.96431
01/07/2011,0.96432,0.96505,0.958,0.9582
04/07/2011,0.9585,0.96172,0.95799,0.96021
05/07/2011,0.96021,0.96419,0.95949,0.96264
06/07/2011,0.96267,0.9694,0.9614,0.96468
07/07/2011,0.96465,0.96655,0.95686,0.95799
08/07/2011,0.95799,0.96646,0.95634,0.96254
11/07/2011,0.9629,0.96946,0.96227,0.9689
12/07/2011,0.9689,0.9778,0.96257,0.96437
13/07/2011,0.96438,0.96448,0.95599,0.95614
14/07/2011,0.95614,0.96159,0.95485,0.95937
15/07/2011,0.95937,0.96235,0.95198,0.95318
18/07/2011,0.95439,0.96347,0.95439,0.95842
19/07/2011,0.95843,0.95921,0.94818,0.95049
20/07/2011,0.95049,0.95125,0.94564,0.94599
21/07/2011,0.94601,0.94926,0.94228,0.9442
22/07/2011,0.9442,0.95296,0.94269,0.94767
25/07/2011,0.9513,0.95243,0.94341,0.94714
26/07/2011,0.94715,0.94742,0.94061,0.94378
27/07/2011,0.94378,0.95052,0.94096,0.94977
28/07/2011,0.94975,0.95223,0.94578,0.95028
29/07/2011,0.95028,0.95896,0.94971,0.9553
01/08/2011,0.95178,0.96047,0.9491,0.9551
02/08/2011,0.9551,0.96193,0.9547,0.96184
03/08/2011,0.96184,0.96462,0.95678,0.96098
04/08/2011,0.96098,0.98145,0.96097,0.98023
05/08/2011,0.98021,0.9853,0.97422,0.9808
08/08/2011,0.98349,0.99439,0.97818,0.99299
09/08/2011,0.99298,1.00096,0.97653,0.98106
10/08/2011,0.98106,0.9954,0.97934,0.99263
11/08/2011,0.9926,0.99678,0.98327,0.98628
12/08/2011,0.9863,0.99181,0.98513,0.98738
15/08/2011,0.98822,0.99053,0.97879,0.98125
16/08/2011,0.98126,0.98718,0.97996,0.98309
17/08/2011,0.98307,0.98453,0.97745,0.98057
18/08/2011,0.98055,0.99378,0.98037,0.99224
19/08/2011,0.99224,0.99226,0.9826,0.98951
22/08/2011,0.99033,0.99077,0.98287,0.99036
23/08/2011,0.99036,0.99096,0.98489,0.98791
24/08/2011,0.98792,0.9905,0.98395,0.98746
25/08/2011,0.98747,0.98869,0.97912,0.98718
26/08/2011,0.98715,0.99234,0.98019,0.98059
29/08/2011,0.98022,0.98179,0.97399,0.97663
30/08/2011,0.97663,0.98167,0.97563,0.97847
31/08/2011,0.97846,0.98009,0.9725,0.97842
01/09/2011,0.97842,0.9796,0.9736,0.97606
02/09/2011,0.97607,0.98565,0.97562,0.98503
05/09/2011,0.98699,0.99325,0.9853,0.99128
06/09/2011,0.99128,0.9963,0.98621,0.98923
07/09/2011,0.98921,0.99097,0.98305,0.98446
08/09/2011,0.9844,0.98974,0.98295,0.98966
09/09/2011,0.98963,0.99789,0.98681,0.99653
12/09/2011,0.99817,1.0026,0.99142,0.99283
13/09/2011,0.99283,0.99762,0.98501,0.98663
14/09/2011,0.98663,0.99395,0.98456,0.99024
15/09/2011,0.99024,0.99495,0.98295,0.98414
16/09/2011,0.98414,0.98604,0.97722,0.97741
19/09/2011,0.9824,0.99407,0.98058,0.99244
20/09/2011,0.99244,0.99484,0.9882,0.99278
21/09/2011,0.99281,1.00878,0.99164,1.00806
22/09/2011,1.00807,1.03607,1.00799,1.02569
23/09/2011,1.02569,1.03483,1.0224,1.0278
26/09/2011,1.02723,1.03852,1.02402,1.0258
27/09/2011,1.0258,1.02804,1.01435,1.02092
28/09/2011,1.02093,1.03556,1.02046,1.03543
29/09/2011,1.03543,1.04014,1.02561,1.03688
30/09/2011,1.03688,1.05023,1.03544,1.05015
03/10/2011,1.04738,1.05477,1.04309,1.05413
04/10/2011,1.05411,1.06569,1.05032,1.05445
05/10/2011,1.05445,1.05712,1.03959,1.04176
06/10/2011,1.04176,1.04821,1.03693,1.03768
07/10/2011,1.03767,1.04176,1.02342,1.03913
10/10/2011,1.03588,1.03701,1.02508,1.02764
11/10/2011,1.02765,1.0338,1.02558,1.02963
12/10/2011,1.02963,1.03278,1.01328,1.01761
13/10/2011,1.01764,1.02719,1.01632,1.02207
14/10/2011,1.02206,1.02341,1.00943,1.00962
17/10/2011,1.01046,1.02393,1.00433,1.02214
18/10/2011,1.02214,1.02634,1.01113,1.01515
19/10/2011,1.01518,1.02162,1.00849,1.01828
20/10/2011,1.01832,1.02456,1.01312,1.01577
21/10/2011,1.01579,1.01872,1.00638,1.00649
24/10/2011,1.00806,1.00912,1.00214,1.00352
25/10/2011,1.00352,1.02121,0.99905,1.01617
26/10/2011,1.01619,1.01765,1.00323,1.00331
27/10/2011,1.00335,1.00416,0.98915,0.99104
28/10/2011,0.99105,0.99697,0.98947,0.99159
31/10/2011,0.99377,1.0027,0.99226,0.99893
01/11/2011,0.99893,1.02223,0.99737,1.02078
02/11/2011,1.02078,1.02171,1.01062,1.01792
03/11/2011,1.01794,1.02157,1.00541,1.008
04/11/2011,1.008,1.02279,1.00691,1.01856
07/11/2011,1.01674,1.02031,1.01214,1.01387
08/11/2011,1.01383,1.01815,1.00761,1.00929
09/11/2011,1.00928,1.02474,1.00782,1.02376
10/11/2011,1.02377,1.02652,1.01623,1.01631
11/11/2011,1.01635,1.02316,1.00912,1.0102
14/11/2011,1.00956,1.0194,1.00909,1.01684
15/11/2011,1.01682,1.02624,1.01583,1.02277
16/11/2011,1.02274,1.02875,1.01719,1.02526
17/11/2011,1.02526,1.02947,1.02078,1.0294
18/11/2011,1.0294,1.03015,1.01988,1.02742
21/11/2011,1.02764,1.04184,1.02764,1.03934
22/11/2011,1.03934,1.04125,1.03455,1.03788
23/11/2011,1.03792,1.04969,1.03792,1.04808
24/11/2011,1.0481,1.04916,1.04377,1.0482
25/11/2011,1.04818,1.05231,1.04386,1.04664
28/11/2011,1.04107,1.04307,1.03037,1.03486
29/11/2011,1.03486,1.03633,1.02581,1.03218
30/11/2011,1.03221,1.03628,1.01231,1.01809
01/12/2011,1.01809,1.02227,1.0135,1.01423
02/12/2011,1.01425,1.01965,1.00791,1.01893
05/12/2011,1.01718,1.01936,1.01194,1.01708
06/12/2011,1.01708,1.02069,1.00845,1.00918
07/12/2011,1.00918,1.01327,1.0066,1.00948
08/12/2011,1.0095,1.0238,1.00515,1.02258
09/12/2011,1.02258,1.02621,1.0149,1.01493
12/12/2011,1.01847,1.02851,1.01817,1.02774
13/12/2011,1.02774,1.03488,1.02311,1.03438
14/12/2011,1.03438,1.04232,1.03261,1.03894
15/12/2011,1.03891,1.04051,1.03197,1.03344
16/12/2011,1.03344,1.04063,1.0297,1.03813
19/12/2011,1.03854,1.04144,1.0334,1.03778
20/12/2011,1.0378,1.03803,1.02629,1.02862
21/12/2011,1.02863,1.03056,1.02085,1.02745
22/12/2011,1.02744,1.02805,1.02,1.02106
23/12/2011,1.02107,1.02143,1.01807,1.0206
26/12/2011,1.02074,1.0232,1.01758,1.02007
27/12/2011,1.02018,1.02154,1.01778,1.01944
28/12/2011,1.01935,1.02582,1.01258,1.0257
29/12/2011,1.02568,1.02682,1.01958,1.02055
30/12/2011,1.02052,1.02194,1.01568,1.0213
02/01/2012,1.01781,1.02102,1.01704,1.01723
03/01/2012,1.01724,1.01758,1.00758,1.01138
04/01/2012,1.01135,1.01615,1.01083,1.01351
05/01/2012,1.01351,1.02251,1.01205,1.01979
06/01/2012,1.01979,1.02945,1.01696,1.02791
09/01/2012,1.02899,1.03184,1.0224,1.0225
10/01/2012,1.0225,1.02277,1.01513,1.01724
11/01/2012,1.01723,1.02098,1.01394,1.01818
12/01/2012,1.01817,1.02108,1.01399,1.01825
13/01/2012,1.01829,1.02829,1.01629,1.02272
16/01/2012,1.02436,1.02524,1.0164,1.01765
17/01/2012,1.01765,1.01772,1.01121,1.01487
18/01/2012,1.01487,1.01771,1.0108,1.01162
19/01/2012,1.01162,1.01273,1.00706,1.01182
20/01/2012,1.01182,1.01599,1.01155,1.01193
23/01/2012,1.01512,1.0157,1.0052,1.00752
24/01/2012,1.00752,1.01405,1.00703,1.0092
25/01/2012,1.00918,1.01476,1.0028,1.00451
26/01/2012,1.00451,1.00468,0.9981,1.00267
27/01/2012,1.00266,1.00406,0.99875,1.00243
30/01/2012,1.00126,1.00698,1.0011,1.00224
31/01/2012,1.00223,1.00531,0.99649,1.00327
01/02/2012,1.00324,1.0048,0.99635,0.99759
02/02/2012,0.99757,1.00101,0.99678,0.99951
03/02/2012,0.99951,1.00329,0.9924,0.99325
06/02/2012,0.99343,0.99932,0.9928,0.99635
07/02/2012,0.99635,0.99948,0.99405,0.9951
08/02/2012,0.99509,0.99899,0.99345,0.99639
09/02/2012,0.99646,0.99796,0.99245,0.99536
10/02/2012,0.99536,1.00383,0.99516,1.00093
13/02/2012,1.00013,1.00115,0.99716,1.00103
14/02/2012,1.00105,1.00264,0.99782,0.99872
15/02/2012,0.99873,1.00051,0.9938,1.0004
16/02/2012,1.0004,1.00509,0.99529,0.9969
17/02/2012,0.9969,0.9984,0.99407,0.99682
20/02/2012,0.99165,0.99574,0.99064,0.99465
21/02/2012,0.99466,0.99758,0.99237,0.99642
22/02/2012,0.99644,1.00194,0.99541,0.99938
23/02/2012,0.99935,1.00098,0.9953,0.99726
24/02/2012,0.99726,1.0003,0.99658,0.99922
27/02/2012,0.99965,1.00492,0.9976,0.99814
28/02/2012,0.99814,0.99855,0.9939,0.99391
29/02/2012,0.99391,0.99424,0.9843,0.98844
01/03/2012,0.98844,0.98998,0.98417,0.98519
02/03/2012,0.9852,0.98965,0.98481,0.98945
05/03/2012,0.98956,0.99594,0.9889,0.9939
06/03/2012,0.9939,1.00279,0.99363,1.00128
07/03/2012,1.00128,1.00247,0.99726,0.99835
08/03/2012,0.99832,0.99899,0.98929,0.99048
09/03/2012,0.99048,0.99352,0.98722,0.99013
12/03/2012,0.99034,0.99468,0.98983,0.99147
13/03/2012,0.99147,0.9926,0.98793,0.98845
14/03/2012,0.98845,0.99443,0.98823,0.9939
15/03/2012,0.99392,0.99486,0.99054,0.99233
16/03/2012,0.99232,0.99405,0.99004,0.99143
19/03/2012,0.99106,0.993,0.98602,0.98764
20/03/2012,0.98765,0.99687,0.98703,0.99108
21/03/2012,0.99108,0.99349,0.98741,0.99205
22/03/2012,0.99204,1.0008,0.99115,0.99878
23/03/2012,0.99874,1.00338,0.99705,0.99753
26/03/2012,0.99658,0.99988,0.99039,0.99139
27/03/2012,0.99139,0.99574,0.99001,0.99559
28/03/2012,0.99559,0.99998,0.99461,0.99777
29/03/2012,0.99777,1.00183,0.99599,0.99679
30/03/2012,0.99679,0.99984,0.99525,0.99856
02/04/2012,0.99626,0.999,0.98881,0.99011
03/04/2012,0.99011,0.99284,0.9888,0.99116
04/04/2012,0.99112,0.99733,0.99081,0.99636
05/04/2012,0.99636,0.99975,0.99067,0.9931
06/04/2012,0.99311,0.99853,0.99162,0.99643
09/04/2012,0.99702,1.00013,0.99572,0.99663
10/04/2012,0.99663,1.00492,0.99499,1.00485
11/04/2012,1.00486,1.00521,1.0008,1.00332
12/04/2012,1.00332,1.00364,0.994,0.99467
13/04/2012,0.99467,0.99951,0.99266,0.99923
16/04/2012,0.99914,1.00323,0.99735,0.99981
17/04/2012,0.99981,1.00111,0.98645,0.989
18/04/2012,0.989,0.99234,0.98816,0.99095
19/04/2012,0.99096,0.99633,0.98795,0.99447
20/04/2012,0.99449,0.99589,0.98967,0.99173
23/04/2012,0.99306,0.99784,0.99046,0.99116
24/04/2012,0.99116,0.99288,0.98672,0.98686
25/04/2012,0.98684,0.98798,0.98228,0.98258
26/04/2012,0.98258,0.98642,0.9806,0.98579
27/04/2012,0.98579,0.98696,0.97995,0.98102
30/04/2012,0.98098,0.98941,0.98001,0.98772
01/05/2012,0.98772,0.98973,0.98324,0.9856
02/05/2012,0.98559,0.99024,0.9849,0.98671
03/05/2012,0.98669,0.98919,0.98279,0.98794
04/05/2012,0.98794,0.99628,0.98612,0.99474
07/05/2012,0.99818,0.9987,0.99231,0.99254
08/05/2012,0.99254,1.00221,0.99254,0.99965
09/05/2012,0.99965,1.0062,0.99892,1.00197
10/05/2012,1.00197,1.00337,0.99764,1.00306
11/05/2012,1.00308,1.00541,0.99535,1.00114
14/05/2012,1.00047,1.00523,0.99918,1.00227
15/05/2012,1.00225,1.00729,0.99896,1.00701
16/05/2012,1.00701,1.01319,1.00535,1.01186
17/05/2012,1.01186,1.01969,1.01044,1.0188
18/05/2012,1.0188,1.02269,1.01383,1.01923
21/05/2012,1.02131,1.0246,1.01645,1.01767
22/05/2012,1.01767,1.02343,1.01517,1.02215
23/05/2012,1.02215,1.02958,1.02079,1.0261
24/05/2012,1.02609,1.02954,1.02258,1.02653
25/05/2012,1.02653,1.03112,1.02467,1.02909
28/05/2012,1.02594,1.02666,1.0223,1.02561
29/05/2012,1.02563,1.02696,1.02067,1.02375
30/05/2012,1.02375,1.03107,1.02311,1.03016
31/05/2012,1.03017,1.03656,1.02616,1.0331
01/06/2012,1.0331,1.04422,1.0331,1.04083
04/06/2012,1.04423,1.04457,1.0369,1.03783
05/06/2012,1.03781,1.04253,1.03608,1.03683
06/06/2012,1.03679,1.03721,1.02681,1.02842
07/06/2012,1.02838,1.02956,1.021,1.02726
08/06/2012,1.02727,1.03541,1.02535,1.02642
11/06/2012,1.02164,1.03254,1.02007,1.03088
12/06/2012,1.03086,1.03164,1.02484,1.0267
13/06/2012,1.0266,1.03016,1.02413,1.02849
14/06/2012,1.02852,1.02938,1.02216,1.02333
15/06/2012,1.02333,1.02557,1.02087,1.02133
18/06/2012,1.02053,1.02789,1.01918,1.02224
19/06/2012,1.02224,1.02436,1.01664,1.01806
20/06/2012,1.01807,1.02316,1.01592,1.01966
21/06/2012,1.01963,1.02966,1.01759,1.02865
22/06/2012,1.02865,1.02996,1.02392,1.02393
25/06/2012,1.02657,1.03176,1.02564,1.02878
26/06/2012,1.02882,1.02961,1.02327,1.02418
27/06/2012,1.02418,1.02669,1.02373,1.02515
28/06/2012,1.02515,1.03623,1.02313,1.03358
29/06/2012,1.03359,1.03397,1.01601,1.01643
02/07/2012,1.01798,1.02009,1.01553,1.01709
03/07/2012,1.01709,1.01721,1.01158,1.01213
04/07/2012,1.01213,1.01415,1.01203,1.01348
05/07/2012,1.01348,1.01567,1.01,1.01436
06/07/2012,1.01432,1.02075,1.01397,1.01942
09/07/2012,1.01972,1.02204,1.01828,1.01928
10/07/2012,1.01931,1.0229,1.01657,1.0223
11/07/2012,1.0223,1.02303,1.01727,1.01926
12/07/2012,1.01924,1.02498,1.01766,1.02003
13/07/2012,1.02004,1.0203,1.01291,1.01372
16/07/2012,1.01393,1.01726,1.01393,1.01505
17/07/2012,1.01504,1.0169,1.01173,1.01199
18/07/2012,1.012,1.01488,1.00967,1.00997
19/07/2012,1.00997,1.01063,1.00654,1.00773
20/07/2012,1.00773,1.013,1.0068,1.01163
23/07/2012,1.01429,1.0204,1.01404,1.01813
24/07/2012,1.01813,1.02266,1.01574,1.02253
25/07/2012,1.02254,1.02311,1.01387,1.01588
26/07/2012,1.01586,1.01656,1.00627,1.01003
27/07/2012,1.01001,1.01055,1.00185,1.00292
30/07/2012,1.00432,1.0053,1.0013,1.0015
31/07/2012,1.00149,1.00428,1.00031,1.00341
01/08/2012,1.00338,1.00562,1.00034,1.00472
02/08/2012,1.00474,1.0084,1.0001,1.00728
03/08/2012,1.00728,1.00758,0.99798,1.00106
06/08/2012,1.0005,1.00198,0.99832,1.0007
07/08/2012,1.0007,1.00115,0.99621,0.99744
08/08/2012,0.99744,0.99885,0.99361,0.99499
09/08/2012,0.995,0.99503,0.99079,0.99139
10/08/2012,0.99137,0.99699,0.99049,0.99094
13/08/2012,0.9916,0.99395,0.9905,0.9928
14/08/2012,0.9928,0.99405,0.99063,0.9921
15/08/2012,0.99209,0.99349,0.9886,0.98941
16/08/2012,0.98939,0.98997,0.98597,0.98651
17/08/2012,0.98651,0.99004,0.98634,0.98784
20/08/2012,0.98865,0.99014,0.98752,0.98866
21/08/2012,0.98867,0.98989,0.98418,0.9897
22/08/2012,0.98968,0.99467,0.98966,0.99065
23/08/2012,0.99064,0.9948,0.98848,0.99392
24/08/2012,0.99392,0.9947,0.99043,0.99204
27/08/2012,0.99214,0.99246,0.98897,0.99047
28/08/2012,0.99048,0.99172,0.98422,0.98796
29/08/2012,0.98796,0.98987,0.98658,0.98967
30/08/2012,0.98968,0.99314,0.98934,0.99286
31/08/2012,0.99287,0.99305,0.98512,0.98584
03/09/2012,0.98627,0.98777,0.98516,0.98619
04/09/2012,0.98619,0.98747,0.98424,0.98683
05/09/2012,0.98683,0.9918,0.98573,0.99068
06/09/2012,0.99071,0.99142,0.98085,0.98291
07/09/2012,0.98292,0.98317,0.97649,0.97833
10/09/2012,0.97831,0.97882,0.97541,0.97687
11/09/2012,0.97687,0.97733,0.9713,0.97346
12/09/2012,0.97344,0.97678,0.97149,0.97606
13/09/2012,0.97606,0.97736,0.96648,0.96839
14/09/2012,0.96838,0.97211,0.96328,0.97013
17/09/2012,0.97176,0.97599,0.96929,0.97461
18/09/2012,0.9746,0.97655,0.97302,0.97495
19/09/2012,0.97492,0.97638,0.9725,0.97505
20/09/2012,0.97504,0.98157,0.97493,0.9762
21/09/2012,0.97619,0.97793,0.97313,0.97712
24/09/2012,0.97768,0.98177,0.97757,0.9782
25/09/2012,0.9782,0.98145,0.9756,0.98098
26/09/2012,0.98099,0.98596,0.98001,0.98435
27/09/2012,0.98436,0.98536,0.97912,0.98079
28/09/2012,0.98077,0.98512,0.97809,0.98356
01/10/2012,0.98431,0.98538,0.97976,0.98188
02/10/2012,0.98187,0.98429,0.98114,0.9842
03/10/2012,0.98418,0.9884,0.98405,0.98667
04/10/2012,0.98669,0.98765,0.97999,0.981
05/10/2012,0.98101,0.98118,0.97346,0.97794
08/10/2012,0.97733,0.98001,0.9751,0.97615
09/10/2012,0.97614,0.98073,0.97442,0.97936
10/10/2012,0.97937,0.98283,0.97681,0.98201
11/10/2012,0.98201,0.98346,0.97629,0.97849
12/10/2012,0.9785,0.98084,0.97676,0.97814
15/10/2012,0.98056,0.98181,0.97688,0.98101
16/10/2012,0.98101,0.98787,0.98019,0.98584
17/10/2012,0.98584,0.98707,0.9772,0.97838
18/10/2012,0.97839,0.98589,0.97634,0.98478
19/10/2012,0.98477,0.99391,0.98451,0.99273
22/10/2012,0.99432,0.99638,0.99159,0.99213
23/10/2012,0.99215,0.99757,0.99003,0.99266
24/10/2012,0.99266,0.99576,0.98885,0.99428
25/10/2012,0.99428,0.99538,0.99024,0.99485
26/10/2012,0.99487,0.99936,0.99417,0.99662
29/10/2012,0.99934,1.00122,0.99794,1.00078
30/10/2012,1.0008,1.00187,0.99832,0.99971
31/10/2012,0.99971,1.00138,0.99599,0.99999
01/11/2012,0.99999,1.00129,0.99595,0.99634
02/11/2012,0.99636,0.99844,0.99214,0.99572
05/11/2012,0.99574,0.99766,0.99402,0.9959
06/11/2012,0.99589,0.99671,0.99107,0.992
07/11/2012,0.99198,0.99829,0.98742,0.99654
08/11/2012,0.99655,1.00054,0.99474,1.00033
09/11/2012,1.00032,1.00329,0.99826,1.00147
12/11/2012,1.00007,1.00061,0.99845,0.99998
13/11/2012,0.99999,1.0035,0.99907,1.00165
14/11/2012,1.00166,1.00401,0.99979,1.00388
15/11/2012,1.00388,1.00413,1.00022,1.00062
16/11/2012,1.00061,1.00565,0.99965,1.00065
19/11/2012,1.00018,1.00176,0.99543,0.99689
20/11/2012,0.9969,0.99907,0.9955,0.99661
21/11/2012,0.99661,0.99913,0.99574,0.99595
22/11/2012,0.99596,0.99817,0.99522,0.99767
23/11/2012,0.99765,0.99814,0.99149,0.99273
26/11/2012,0.99324,0.99597,0.99173,0.99287
27/11/2012,0.99287,0.9948,0.99055,0.9943
28/11/2012,0.99428,0.99606,0.9916,0.99201
29/11/2012,0.992,0.99385,0.99117,0.99296
30/11/2012,0.99297,0.99508,0.99213,0.99418
03/12/2012,0.99378,0.99523,0.99148,0.99434
04/12/2012,0.99435,0.99538,0.99147,0.99323
05/12/2012,0.99322,0.99411,0.99077,0.99188
06/12/2012,0.99188,0.99261,0.98919,0.99142
07/12/2012,0.99141,0.99331,0.98759,0.9883
10/12/2012,0.98684,0.98878,0.98604,0.98649
11/12/2012,0.98649,0.98798,0.98571,0.98604
12/12/2012,0.98602,0.98654,0.9826,0.98473
13/12/2012,0.98473,0.98555,0.98248,0.98427
14/12/2012,0.98426,0.98655,0.98321,0.98526
17/12/2012,0.98575,0.98808,0.9833,0.98379
18/12/2012,0.98379,0.98635,0.98308,0.98616
19/12/2012,0.98616,0.9891,0.9849,0.98881
20/12/2012,0.98881,0.9896,0.98691,0.98763
21/12/2012,0.98763,0.99528,0.98754,0.99297
24/12/2012,0.99363,0.99447,0.99068,0.99264
25/12/2012,0.99268,0.99325,0.98966,0.99131
26/12/2012,0.99132,0.99505,0.99075,0.99384
27/12/2012,0.99383,0.99582,0.99082,0.99492
28/12/2012,0.99492,0.99701,0.99387,0.99667
31/12/2012,0.99438,0.99703,0.99095,0.99221
01/01/2013,0.99278,0.99426,0.99213,0.99385
