Date,Open,High,Low,Close,Volume,Adj Close
2011-11-21,13.71,14.77,13.5,14.63,33269700,13.636793
2011-11-22,14.79,15.16,14.71,15.08,32187000,14.056243
2011-11-23,14.92,15.03,14.43,14.44,20633500,13.459691
2011-11-25,14.25,14.58,14,14.04,10165500,13.086847
2011-11-28,14.5,15.05,14.5,14.83,17265400,13.823215
2011-11-29,14.81,15.1,14.67,14.91,15586000,13.897784
2011-11-30,15.36,15.67,15.23,15.63,18258100,14.568905
2011-12-01,15.5,15.86,15.43,15.82,13244000,14.746006
2011-12-02,15.99,16.049999,15.57,15.72,13661600,14.652795
2011-12-05,15.98,16,15.35,15.48,16117400,14.429087
2011-12-06,15.57,15.6,15.1,15.26,14345800,14.224024
2011-12-07,15.16,15.28,14.85,15.17,12750400,14.140133
2011-12-08,15.02,15.27,14.64,14.69,12287200,13.692719
2011-12-09,14.58,15.02,14.38,14.9,13896000,13.888463
2011-12-12,14.58,14.64,14.26,14.53,14330200,13.543582
2011-12-13,14.72,14.9,14.04,14.13,12914900,13.170737
2011-12-14,14.01,14.09,13.43,13.58,15900500,12.658076
2011-12-15,13.81,13.9,13.43,13.46,10878700,12.546222
2011-12-16,13.57,13.83,13.45,13.51,15477900,12.592828
2011-12-19,13.57,13.73,13.11,13.16,11581900,12.266589
2011-12-20,13.46,13.95,13.46,13.9,11130200,12.956351
2011-12-21,13.82,13.97,13.45,13.72,13710600,12.788572
2011-12-22,13.76,14.35,13.76,14.31,14414000,13.338518
2011-12-23,14.38,14.4,14.05,14.17,6223700,13.208022
2011-12-27,14.11,14.28,14.02,14.06,4892800,13.10549
2011-12-28,14.06,14.09,13.7,13.71,5849000,12.77925
2011-12-29,13.85,14,13.65,13.97,5277800,13.0216
2011-12-30,13.92,14.07,13.84,13.86,4673900,12.919067
2012-01-03,14.3,14.4,14.01,14.04,11701100,13.086847
2012-01-04,14.05,14.26,13.92,14.2,8684300,13.235985
2012-01-05,14.13,14.78,14.07,14.71,14088700,13.711362
2012-01-06,14.7,14.71,14.37,14.54,13331300,13.552903
2012-01-09,14.55,14.82,14.44,14.54,12706100,13.552903
2012-01-10,14.76,14.77,14.38,14.48,13658200,13.496976
2012-01-11,14.35,14.48,14.13,14.19,12106800,13.226664
2012-01-12,14.22,14.23,13.79,14.1,16309100,13.142774
2012-01-13,14,14.03,13.66,13.73,12607500,12.797892
2012-01-17,13.94,13.94,13.5,13.52,15679400,12.60215
2012-01-18,13.78,14.09,13.71,13.98,15816900,13.03092
2012-01-19,14.1,14.37,13.95,14.35,15207800,13.375802
2012-01-20,14.33,14.5,14.17,14.22,13656800,13.254627
2012-01-23,14.23,14.62,14.05,14.61,14069800,13.61815
2012-01-24,14.51,15,14.5,14.94,18273000,13.925747
2012-01-25,14.54,14.89,14.12,14.85,31853800,13.841858
2012-01-26,15.07,15.24,14.63,14.71,19991800,13.711362
2012-01-27,14.62,14.99,14.5,14.91,11249900,13.897784
2012-01-30,14.65,14.87,14.43,14.8,9976900,13.795252
2012-01-31,14.84,14.85,14.51,14.77,8947500,13.767289
2012-02-01,14.94,15.1,14.73,14.93,10700500,13.916427
2012-02-02,15.01,15.55,14.86,15.49,17405900,14.438409
2012-02-03,15.72,15.95,15.69,15.82,12380800,14.746006
2012-02-06,15.74,15.76,15.56,15.7,6971700,14.634152
2012-02-07,15.72,15.83,15.46,15.74,10257400,14.671437
2012-02-08,15.74,16.620001,15.66,16.309999,21190300,15.20274
2012-02-09,16.51,16.6,16.27,16.299999,14048600,15.193419
2012-02-10,16.139999,16.200001,15.81,15.9,11006700,14.820574
2012-02-13,16.299999,16.360001,15.82,16.15,15266700,15.053602
2012-02-14,16.15,16.379999,16.01,16.24,11343900,15.137493
2012-02-15,16.389999,16.9,16.129999,16.17,27771400,15.072245
2012-02-16,15.06,16.58,15,16.450001,47214700,15.333237
2012-02-17,16.459999,16.57,15.7,15.85,25509000,14.77397
2012-02-21,15.84,16.32,15.81,15.93,12954400,14.848538
2012-02-22,15.85,16.24,15.8,15.82,12310800,14.746006
2012-02-23,15.85,16,15.6,15.91,8099200,14.829896
2012-02-24,15.96,15.98,15.72,15.79,9166700,14.718042
2012-02-27,15.59,15.66,15.25,15.47,18631700,14.419767
2012-02-28,15.47,15.65,15.17,15.33,17497100,14.289271
2012-02-29,15.38,15.64,15.14,15.15,17229900,14.121491
2012-03-01,15.21,15.43,15.15,15.25,11248600,14.214702
2012-03-02,15.2,15.6,15.2,15.38,17101900,14.335877
2012-03-05,15.27,15.3,14.75,14.86,12871200,13.851178
2012-03-06,14.69,14.81,14.46,14.72,11785000,13.720683
2012-03-07,14.8,14.87,14.6,14.81,11049600,13.804573
2012-03-08,14.85,15.01,14.77,14.86,10771300,13.851178
2012-03-09,14.9,15.01,14.74,14.82,9195900,13.813894
2012-03-12,14.88,14.98,14.55,14.59,7498700,13.599509
2012-03-13,14.65,14.87,14.58,14.79,13832200,13.785931
2012-03-14,14.79,14.82,14.32,14.37,18392700,13.394444
2012-03-15,14.41,14.66,14.36,14.58,9559500,13.590187
2012-03-16,14.59,14.66,14.51,14.6,10708500,13.60883
2012-03-19,14.68,14.75,14.57,14.64,10135000,13.646114
2012-03-20,14.56,14.56,14.27,14.4,11240400,13.422407
2012-03-21,14.4,14.59,14.24,14.46,11696000,13.478334
2012-03-22,14.35,14.56,14.31,14.44,10634300,13.459691
2012-03-23,14.4,14.59,14.3,14.55,7886400,13.562224
2012-03-26,14.69,14.79,14.55,14.72,7215000,13.720683
2012-03-27,14.78,15,14.75,14.82,10499200,13.813894
2012-03-28,15.01,15.36,14.9,15.16,22311200,14.130812
2012-03-29,15.14,15.35,14.95,15.23,9317500,14.19606
2012-03-30,15.36,15.49,15.14,15.4,13181000,14.354519
2012-04-02,15.36,15.49,15.11,15.33,10194400,14.289271
2012-04-03,15.44,15.46,15,15.08,10761900,14.056243
2012-04-04,14.85,15.04,14.56,14.65,12397400,13.655435
2012-04-05,14.67,14.85,14.58,14.63,9235600,13.636793
2012-04-09,14.4,14.49,14.16,14.44,9137600,13.459691
2012-04-10,14.38,14.58,14.09,14.16,11759000,13.1987
2012-04-11,14.35,14.65,14.3,14.34,9324000,13.366481
2012-04-12,14.36,14.76,14.3,14.68,9621700,13.683399
2012-04-13,14.55,14.63,14.15,14.16,7783100,13.1987
2012-04-16,14.26,14.3,13.76,13.99,11586700,13.040241
2012-04-17,14.03,14.2,13.97,14.02,11517400,13.068205
2012-04-18,13.93,14,13.7,13.87,10019100,12.928388
2012-04-19,13.69,14.21,13.59,13.66,16679700,12.732645
2012-04-20,13.74,13.78,13.36,13.39,12739800,12.480975
2012-04-23,13.16,13.29,12.91,13.23,17656100,12.331836
2012-04-24,13.27,13.38,12.75,12.82,18261000,11.949671
2012-04-25,13.01,13.18,12.77,13.08,18177800,12.19202
2012-04-26,13.07,13.2,12.98,13.09,13480200,12.201341
2012-04-27,13.07,13.15,12.84,12.98,11883900,12.098808
2012-04-30,12.91,13.07,12.82,13,6556700,12.117451
2012-05-01,12.93,13.37,12.93,13.23,10217000,12.331836
2012-05-02,13.18,13.23,12.78,12.85,17100200,11.977635
2012-05-03,12.88,12.96,12.55,12.63,10488400,11.77257
2012-05-04,12.55,12.62,12.26,12.26,13627300,11.427689
2012-05-07,12.48,12.69,12.37,12.47,15111000,11.623432
2012-05-08,12.36,12.54,12.14,12.46,11557800,11.614111
2012-05-09,12.24,12.61,12.12,12.51,13015200,11.660717
2012-05-10,12.63,12.65,12.22,12.42,14927300,11.576826
2012-05-11,13.45,13.68,13.16,13.21,35878500,12.313195
2012-05-14,13.1,13.33,12.83,13.13,10936800,12.238626
2012-05-15,13.13,13.42,12.94,13,14998500,12.117451
2012-05-16,13.02,13.17,12.7,12.74,11762100,11.875102
2012-05-17,12.79,12.91,12.65,12.65,8384100,11.791212
2012-05-18,12.68,12.74,12.02,12.08,14182200,11.259908
2012-05-21,12.1,12.35,12.02,12.29,10406500,11.455652
2012-05-22,12.28,12.3,11.96,12.14,10253500,11.315835
2012-05-23,12.01,12.46,11.83,12.44,12400000,11.595468
2012-05-24,12.51,12.53,12.02,12.11,13010500,11.287871
2012-05-25,12.1,12.5,12.1,12.4,9793800,11.558184
2012-05-29,12.6,12.8,12.55,12.72,7750000,11.85646
2012-05-30,12.58,12.67,12.35,12.57,9494800,11.716643
2012-05-31,12.57,12.62,12.27,12.43,8954800,11.586148
2012-06-01,12.17,12.29,11.96,11.98,11024600,11.166697
2012-06-04,12.04,12.11,11.63,11.73,10821400,10.933669
2012-06-05,11.67,12.1,11.67,12.07,9130600,11.250587
2012-06-06,12.16,12.42,12.07,12.39,9224200,11.548863
2012-06-07,12.57,12.64,11.88,11.89,13169500,11.082807
2012-06-08,11.93,12.16,11.91,12.12,9257700,11.297193
2012-06-11,12.51,12.73,12.23,12.26,20977000,11.427689
2012-06-12,12.4,12.63,12.38,12.51,12403200,11.660717
2012-06-13,12.5,12.53,12.12,12.18,12356900,11.35312
2012-06-14,12.16,12.26,11.91,12.03,14747100,11.213303
2012-06-15,12.12,12.3,12.01,12.29,9632200,11.455652
2012-06-18,12.2,12.5,12.1,12.4,7610600,11.558184
2012-06-19,12.91,13.43,12.85,13.24,24011900,12.341158
2012-06-20,13.37,13.7,13.29,13.45,24318000,12.536901
2012-06-21,13.44,13.44,12.81,12.84,12909400,11.968313
2012-06-22,13,13.15,12.82,13,21634000,12.117451
2012-06-25,13.01,13.05,12.54,12.59,12365400,11.735285
2012-06-26,12.66,12.82,12.48,12.73,10928800,11.865781
2012-06-27,12.74,13.23,12.74,13.14,12651600,12.247947
2012-06-28,13.02,13.32,12.91,13.24,13647400,12.341158
2012-06-29,13.55,13.85,13.54,13.82,15412700,12.881782
2012-07-02,13.89,13.9,13.34,13.45,14542100,12.536901
2012-07-03,13.45,13.83,13.44,13.8,5482100,12.863141
2012-07-05,13.71,13.77,13.45,13.66,7001900,12.732645
2012-07-06,13.56,13.6,13.25,13.4,9569000,12.490295
2012-07-09,13.32,13.38,13.11,13.22,7658400,12.322516
2012-07-10,13.08,13.47,12.72,12.82,12800700,11.949671
2012-07-11,12.86,13.02,12.55,12.61,12130400,11.753927
2012-07-12,12.47,12.49,12.29,12.4,11804000,11.558184
2012-07-13,12.41,12.62,12.33,12.56,8106500,11.707322
2012-07-16,12.48,12.7,12.36,12.6,8361500,11.744607
2012-07-17,12.64,12.71,12.16,12.37,11186900,11.530221
2012-07-18,12.34,13.24,12.28,13.06,15400200,12.173378
2012-07-19,13.15,13.36,13.06,13.19,10075900,12.294552
2012-07-20,13.11,13.2,12.67,12.81,11275000,11.94035
2012-07-23,12.47,13.07,12.33,12.98,11289600,12.098808
2012-07-24,13,13.08,12.69,12.84,8779100,11.968313
2012-07-25,12.8,13.22,12.74,13.09,10376100,12.201341
2012-07-26,13.33,13.48,13.05,13.15,8461000,12.257267
2012-07-27,13.2,13.52,13.1,13.48,9412900,12.564864
2012-07-30,13.48,13.65,13.22,13.33,9088800,12.425048
2012-07-31,13.33,13.73,13.31,13.54,9694700,12.620791
2012-08-01,13.62,13.75,13.33,13.39,8397800,12.480975
2012-08-02,13.32,13.64,13.1,13.44,9197800,12.52758
2012-08-03,13.65,13.86,13.33,13.72,8163700,12.788572
2012-08-06,13.85,14.08,13.83,14.01,9008100,13.058884
2012-08-07,14.18,14.3,14.07,14.15,10183500,13.189379
2012-08-08,14.14,14.38,14.1,14.23,12926600,13.263948
2012-08-09,14.25,14.74,14.23,14.71,20557500,13.711362
2012-08-10,15.1,15.22,14.43,14.62,31968600,13.627472
2012-08-13,14.64,14.82,14.58,14.81,11181100,13.804573
2012-08-14,14.86,14.88,14.53,14.59,9720700,13.599509
2012-08-15,14.64,14.76,14.41,14.48,14860100,13.496976
2012-08-16,14.61,14.83,14.56,14.78,9275200,13.77661
2012-08-17,14.78,14.78,14.52,14.65,7746600,13.655435
2012-08-20,14.6,14.67,14.43,14.65,7859800,13.655435
2012-08-21,14.7,14.79,14.46,14.61,8506200,13.61815
2012-08-22,14.52,14.7,14.47,14.64,7838900,13.646114
2012-08-23,14.61,14.62,14.25,14.31,9476000,13.338518
2012-08-24,14.31,14.67,14.28,14.6,8693100,13.60883
2012-08-27,14.59,14.63,14.34,14.35,8523600,13.375802
2012-08-28,14.24,14.43,14.21,14.29,7769100,13.319875
2012-08-29,14.28,14.41,14.25,14.32,6260300,13.347838
2012-08-30,14.29,14.34,13.98,14.05,7687200,13.096168
2012-08-31,14.15,14.25,13.89,14.03,12126600,13.077526
2012-09-04,13.8,13.85,13.15,13.28,17361300,12.378442
2012-09-05,13.33,13.52,13.18,13.32,12006400,12.415727
2012-09-06,13.42,14.09,13.41,13.73,16432400,12.797892
2012-09-07,13.38,13.49,12.95,13.4,19526600,12.490295
2012-09-10,13.37,13.56,13.25,13.28,9277700,12.378442
2012-09-11,13.27,13.65,13.22,13.44,9570200,12.52758
2012-09-12,13.55,13.66,13.42,13.59,8065200,12.667397
2012-09-13,13.71,13.76,13.42,13.68,10845900,12.751287
2012-09-14,13.67,14.08,13.67,13.84,8486700,12.900425
2012-09-17,13.87,13.87,13.31,13.46,12333700,12.546222
2012-09-18,13.31,13.71,13.3,13.55,8998800,12.630113
2012-09-19,13.58,13.9,13.42,13.71,11298400,12.77925
2012-09-20,13.68,13.75,13.5,13.61,8014900,12.686039
2012-09-21,13.63,13.75,13.58,13.67,8503400,12.741966
2012-09-24,13.45,13.68,13.43,13.66,8945800,12.732645
2012-09-25,13.84,13.9,13.39,13.41,12038600,12.499617
2012-09-26,13.36,13.37,13.02,13.18,10920300,12.285231
2012-09-27,13.21,13.3,13.1,13.28,13972200,12.378442
2012-09-28,13.22,13.53,13.05,13.34,12137700,12.434369
2012-10-01,13.4,13.48,13.07,13.12,12605900,12.229304
2012-10-02,13.21,13.21,13.02,13.17,7387300,12.27591
2012-10-03,13.2,13.24,12.97,13.04,10771800,12.154736
2012-10-04,13.07,13.7,13,13.62,12565200,12.69536
2012-10-05,13.66,13.8,13.25,13.3,12076700,12.397085
2012-10-08,13.25,13.31,13.07,13.17,6014900,12.27591
2012-10-09,13.15,13.19,12.85,12.89,9159000,12.014919
2012-10-10,12.83,12.89,12.62,12.67,8164200,11.809854
2012-10-11,12.79,12.83,12.64,12.74,8012900,11.875102
2012-10-12,12.65,12.75,12.55,12.63,6517400,11.77257
2012-10-15,12.65,12.8,12.5,12.79,6239500,11.921708
2012-10-16,12.9,13.2,12.78,13.16,9192400,12.266589
2012-10-17,13,13.12,12.87,13.06,9793800,12.173378
2012-10-18,13.03,13.03,12.81,12.86,6369300,11.986955
2012-10-19,12.67,12.76,12.04,12.11,17735300,11.287871
2012-10-22,12.16,12.23,11.87,11.97,12021000,11.157376
2012-10-23,11.86,12.41,11.83,12.33,14348700,11.492936
2012-10-24,12.41,12.46,12.05,12.17,8322900,11.343798
2012-10-25,12.27,12.4,12.13,12.18,7683900,11.35312
2012-10-26,12.2,12.27,12.05,12.05,9734400,11.231945
2012-10-31,12.1,12.2,11.95,11.98,8677800,11.166697
2012-11-01,12.04,12.56,12.03,12.55,11830500,11.698001
2012-11-02,12.68,12.7,12.41,12.49,6417500,11.642074
2012-11-05,12.46,13.07,12.46,13.02,11121000,12.136094
2012-11-06,13.05,13.05,12.79,13.01,8770100,12.126772
2012-11-07,12.91,12.99,12.55,12.61,8115500,11.753927
2012-11-08,12.75,13.08,12.65,12.68,20975600,11.819176
2012-11-09,12.75,12.9,12.15,12.19,21157000,11.36244
2012-11-12,12.21,12.26,11.8,11.92,16090600,11.110771
2012-11-13,11.86,12.13,11.82,11.83,12303000,11.02688
2012-11-14,11.9,12.02,11.53,11.54,15482500,10.756568
2012-11-15,11.61,11.91,11.51,11.59,11667200,10.803174
2012-11-16,11.59,11.63,11.15,11.38,15613800,10.60743
2012-11-19,11.59,11.74,11.45,11.7,10102300,10.905706
2012-11-20,11.58,11.63,11.37,11.49,8424400,10.779059
2012-11-21,11.49,11.85,11.48,11.82,10557800,11.08864
2012-11-23,11.87,12.04,11.81,11.9,6923300,11.16369
2012-11-26,11.92,12.14,11.9,12.11,9115000,11.360696
2012-11-27,12.06,12.34,11.96,12.16,11285100,11.407603
2012-11-28,12.11,12.32,11.96,12.26,9958300,11.501416
2012-11-29,12.28,12.34,12,12.04,12217200,11.295028
2012-11-30,12.03,12.12,11.9,11.97,11512600,11.22936
2012-12-03,12.12,12.12,11.72,11.75,9784500,11.022972
2012-12-04,11.77,12.12,11.7,12.1,13201700,11.351316
2012-12-05,12,12.08,11.79,11.96,15825600,11.219978
2012-12-06,11.93,12.06,11.89,11.98,10322400,11.23874
2012-12-07,11.99,12.05,11.82,11.96,8457200,11.219978
2012-12-10,11.96,12.45,11.93,12.36,12841100,11.595228
2012-12-11,12.4,12.81,12.37,12.65,20418100,11.867284
2012-12-12,12.69,12.76,12.47,12.52,9985100,11.745329
2012-12-13,12.5,12.77,12.41,12.53,9438900,11.754709
2012-12-14,12.58,12.72,12.49,12.59,8466500,11.810997
2012-12-17,12.56,12.63,12.35,12.54,11130800,11.764091
2012-12-18,12.54,12.7,12.5,12.56,10410900,11.782854
2012-12-19,12.65,12.8,12.6,12.65,11463600,11.867284
2012-12-20,12.7,12.71,12.5,12.64,8358300,11.857904
2012-12-21,12.47,12.47,12.21,12.35,11554300,11.585847
2012-12-24,12.34,12.38,12.21,12.25,3184400,11.492034
2012-12-26,12.22,12.42,12.19,12.24,4918500,11.482653
2012-12-27,12.26,12.28,12.02,12.16,7495100,11.407603
2012-12-28,12.05,12.29,12.03,12.1,5515000,11.351316
2012-12-31,12.06,12.31,12.03,12.26,8161500,11.501416
2013-01-02,12.56,12.73,12.51,12.72,11970900,11.932953
2013-01-03,12.72,12.87,12.58,12.73,7472200,11.942334
2013-01-04,12.75,13.19,12.71,13.15,13124200,12.336347
2013-01-07,13.14,13.18,12.68,12.77,15268300,11.97986
2013-01-08,12.8,12.84,12.4,12.49,11660600,11.717184
2013-01-09,12.59,12.65,12.13,12.21,17375500,11.454509
2013-01-10,12.32,12.38,12.16,12.23,12659200,11.473271
2013-01-11,12.28,12.29,12.09,12.21,12829300,11.454509
2013-01-14,12.29,12.29,12.06,12.2,7642100,11.445128
2013-01-15,12.14,12.14,11.91,11.98,9397200,11.23874
2013-01-16,11.96,12.19,11.96,12.09,8434400,11.341934
2013-01-17,12.13,12.3,12.1,12.25,14518400,11.492034
2013-01-18,12.25,12.25,12.02,12.17,9927200,11.416984
2013-01-22,12.16,12.27,12.05,12.11,7705600,11.360696
2013-01-23,12.15,12.16,12,12.13,10545200,11.379459
2013-01-24,12.09,12.24,12.03,12.19,9924500,11.435746
2013-01-25,12.21,12.42,12.15,12.41,9848000,11.642134
2013-01-28,12.47,12.69,12.44,12.61,10562300,11.829759
2013-01-29,12.56,12.59,12.29,12.34,9721800,11.576466
2013-01-30,12.35,12.52,12.28,12.32,7189800,11.557703
2013-01-31,12.32,12.46,12.18,12.26,11763600,11.501416
2013-02-01,12.36,12.41,12.26,12.37,7220400,11.604609
2013-02-04,12.3,12.55,12.15,12.16,12793600,11.407603
2013-02-05,12.22,12.51,12.18,12.44,9182400,11.670278
2013-02-06,12.14,12.44,12.07,12.34,13267200,11.576466
2013-02-07,12.3,12.4,12.17,12.29,11000000,11.529559
2013-02-08,12.37,12.47,12.29,12.37,7680800,11.604609
2013-02-11,12.47,12.64,12.35,12.51,10207700,11.735947
2013-02-12,12.4,12.57,12.38,12.43,6945100,11.660897
2013-02-13,12.44,12.67,12.33,12.37,21409900,11.604609
2013-02-14,12.2,12.74,12.05,12.73,22052400,11.942334
2013-02-15,12.7,12.79,12.45,12.73,18346500,11.942334
2013-02-19,12.74,12.75,12.48,12.56,10838800,11.782854
2013-02-20,12.6,12.8,12.34,12.38,17825300,11.613991
2013-02-21,12.36,12.5,12.26,12.29,14510200,11.529559
2013-02-22,12.37,12.53,12.3,12.52,9253700,11.745329
2013-02-25,12.55,12.65,12.28,12.3,16111100,11.538941
2013-02-26,12.25,12.44,12.21,12.37,12187600,11.675803
2013-02-27,12.37,12.69,12.34,12.6,11924500,11.892896
2013-02-28,12.56,12.85,12.51,12.66,14784800,11.949528
2013-03-01,12.57,12.75,12.46,12.71,9734900,11.996723
2013-03-04,12.62,12.78,12.52,12.66,8842000,11.949528
2013-03-05,12.73,12.82,12.67,12.8,9154200,12.081672
2013-03-06,12.88,13,12.73,12.79,8573200,12.072233
2013-03-07,12.86,12.99,12.69,12.76,7870600,12.043917
2013-03-08,12.79,12.88,12.73,12.82,6161600,12.100549
2013-03-11,12.69,12.75,12.59,12.7,7493700,11.987284
2013-03-12,12.68,12.78,12.56,12.74,7771400,12.025039
2013-03-13,12.74,12.96,12.62,12.74,12146000,12.025039
2013-03-14,12.82,12.86,12.67,12.75,9582600,12.034478
2013-03-15,12.75,12.75,12.59,12.64,8894400,11.930651
2013-03-18,12.56,12.67,12.46,12.55,7457800,11.845702
2013-03-19,12.56,12.62,12.38,12.47,8887000,11.770192
2013-03-20,12.59,12.66,12.48,12.62,8514700,11.911773
2013-03-21,12.55,12.57,12.4,12.42,8475800,11.722997
2013-03-22,12.46,12.53,12.41,12.48,5811900,11.77963
2013-03-25,12.55,12.56,12.32,12.41,9051900,11.713558
2013-03-26,12.44,12.51,12.39,12.5,5813500,11.798508
2013-03-27,12.45,12.72,12.42,12.65,6373600,11.940089
2013-03-28,12.62,12.84,12.53,12.83,8731900,12.109988
2013-04-01,12.8,12.8,12.32,12.41,11070700,11.713558
2013-04-02,12.42,12.45,12.2,12.28,9288100,11.590854
2013-04-03,12.26,12.33,12.04,12.13,8828900,11.449272
2013-04-04,12.09,12.29,12.05,12.25,7366900,11.562538
2013-04-05,12.07,12.46,12.04,12.46,13783800,11.760753
2013-04-08,12.47,12.47,12.2,12.43,8166500,11.732436
2013-04-09,12.44,12.72,12.35,12.63,9514600,11.921212
2013-04-10,12.64,12.85,12.61,12.83,9617200,12.109988
2013-04-11,12.65,12.85,12.3,12.77,24230500,12.053356
2013-04-12,12.83,13.23,12.72,13.09,19263700,12.355397
2013-04-15,13.05,13.09,12.74,12.82,10760500,12.100549
2013-04-16,12.94,13.05,12.87,12.96,11721100,12.232693
2013-04-17,12.86,12.98,12.71,12.79,13323700,12.072233
2013-04-18,12.82,12.9,12.54,12.54,10063700,11.836263
2013-04-19,12.53,12.61,12.37,12.57,7575700,11.864579
2013-04-22,12.56,12.7,12.46,12.59,6139200,11.883457
2013-04-23,12.7,13.05,12.68,12.92,9423700,12.194938
2013-04-24,12.96,13.47,12.95,13.36,13913900,12.610245
2013-04-25,13.43,13.5,13.31,13.47,8830600,12.714072
2013-04-26,13.45,13.47,13.34,13.41,8108300,12.657439
2013-04-29,13.43,13.62,13.37,13.57,6742800,12.80846
2013-04-30,13.6,13.77,13.51,13.77,6917800,12.997237
2013-05-01,13.77,13.86,13.6,13.65,8532900,12.88397
2013-05-02,13.64,13.85,13.56,13.81,8087000,13.034992
2013-05-03,13.9,13.97,13.82,13.87,7346600,13.091624
2013-05-06,13.87,13.95,13.75,13.83,5427900,13.053869
2013-05-07,13.83,13.86,13.52,13.65,11201700,12.88397
2013-05-08,13.67,13.98,13.62,13.9,8350800,13.11994
2013-05-09,13.65,13.97,13.63,13.91,14170000,13.129379
2013-05-10,14.2,14.6,14.2,14.54,21528400,13.724024
2013-05-13,14.44,14.5,14.18,14.24,7245300,13.44086
2013-05-14,14.41,14.57,14.27,14.45,11353500,13.639075
2013-05-15,14.38,14.75,14.38,14.7,7829300,13.875045
2013-05-16,14.68,14.83,14.58,14.63,7709200,13.808974
2013-05-17,14.7,14.97,14.59,14.87,7802900,14.035505
2013-05-20,14.81,14.9,14.76,14.84,5909500,14.007189
2013-05-21,14.85,14.98,14.68,14.92,8944600,14.154233
2013-05-22,14.98,14.98,14.34,14.4,12010100,13.660922
2013-05-23,14.23,14.68,14.19,14.63,9847100,13.879118
2013-05-24,14.55,14.67,14.38,14.54,7082600,13.793737
2013-05-28,14.65,14.69,14.39,14.53,6982500,13.78425
2013-05-29,14.44,14.53,14.38,14.44,8376300,13.698869
2013-05-30,14.42,14.78,14.38,14.63,7112600,13.879118
2013-05-31,14.55,14.76,14.47,14.47,14437700,13.72733
2013-06-03,14.49,14.6,14.15,14.45,11111700,13.708356
2013-06-04,14.54,14.8,14.38,14.47,9091900,13.72733
2013-06-05,14.45,14.56,14.12,14.16,11613000,13.43324
2013-06-06,14.16,14.36,14.15,14.25,8526100,13.518621
2013-06-07,14.35,14.54,14.29,14.45,6864600,13.708356
2013-06-10,14.41,14.53,14.33,14.44,5603700,13.698869
2013-06-11,14.25,14.45,14.17,14.17,7408400,13.442727
2013-06-12,14.24,14.36,13.97,14.05,7814700,13.328886
2013-06-13,14,14.44,13.99,14.37,5906400,13.632462
2013-06-14,14.42,14.44,14.25,14.35,5900300,13.613489
2013-06-17,14.46,14.62,14.38,14.49,6383400,13.746303
2013-06-18,14.56,14.72,14.28,14.4,12169300,13.660922
2013-06-19,14.53,15.48,14.48,14.84,28989700,14.078339
2013-06-20,14.72,14.74,14.34,14.44,15717400,13.698869
2013-06-21,14.52,14.57,14.18,14.42,17855700,13.679896
2013-06-24,14.21,14.39,13.91,14.12,14519300,13.395293
2013-06-25,14.27,14.3,14.07,14.22,11434000,13.490161
2013-06-26,14.38,14.4,14.08,14.14,14493800,13.414267
2013-06-27,14.18,14.2,13.86,14.01,20200900,13.290939
2013-06-28,14.01,14.18,13.83,14.04,10788400,13.319399
2013-07-01,14.14,14.17,14.01,14.1,4988100,13.37632
2013-07-02,14.02,14.3,13.96,14.09,6409800,13.366833
2013-07-03,13.97,14.3,13.97,14.13,3509700,13.40478
2013-07-05,14.17,14.27,14.08,14.24,4617100,13.509134
2013-07-08,14.28,14.35,14.09,14.17,6552100,13.442727
2013-07-09,14.2,14.33,14.16,14.24,3934100,13.509134
2013-07-10,14.24,14.47,14.2,14.43,5211700,13.689383
2013-07-11,14.51,14.65,14.48,14.63,5995800,13.879118
2013-07-12,14.6,14.78,14.55,14.64,5409000,13.888605
2013-07-15,14.67,14.67,14.38,14.61,5033300,13.860144
2013-07-16,14.67,14.77,14.6,14.69,4064000,13.936038
2013-07-17,14.69,14.74,14.57,14.61,4152500,13.860144
2013-07-18,14.59,14.64,14.36,14.55,8612200,13.803224
2013-07-19,14.46,14.53,14.09,14.24,12013300,13.509134
2013-07-22,14.35,14.48,14.17,14.23,7309600,13.499647
2013-07-23,14.41,14.41,14.14,14.21,6169800,13.480674
2013-07-24,14.34,14.38,14.19,14.21,7106300,13.480674
2013-07-25,14.2,14.45,14.1,14.26,6083000,13.528108
2013-07-26,14.09,14.29,14.09,14.2,5684000,13.471187
2013-07-29,14.17,14.35,14.13,14.17,4488500,13.442727
2013-07-30,14.22,14.6,14.21,14.41,6651900,13.670409
2013-07-31,14.34,14.58,14.33,14.44,6754000,13.698869
2013-08-01,14.49,14.67,14.32,14.64,6941200,13.888605
2013-08-02,14.61,14.79,14.51,14.76,5240700,14.002446
2013-08-05,14.72,14.88,14.64,14.83,4629700,14.068852
2013-08-06,14.84,14.87,14.58,14.61,5165200,13.860144
2013-08-07,14.53,14.75,14.52,14.6,6109500,13.850658
2013-08-08,14.68,14.77,14.51,14.7,8642400,13.945525
2013-08-09,14.12,14.71,14.11,14.49,22655600,13.746303
2013-08-12,13.9,14.58,13.11,14.37,6439200,13.632462
2013-08-13,14.39,14.48,14.3,14.42,4936700,13.679896
2013-08-14,14.39,15.12,14.38,15.03,20712700,14.258587
2013-08-15,14.87,15.25,14.81,15.13,18090400,14.353455
2013-08-16,15.1,15.4,15.07,15.19,16511400,14.410375
2013-08-19,15.1,15.15,14.94,14.95,9835800,14.182693
2013-08-20,14.87,15.05,14.85,14.95,5854800,14.254202
2013-08-21,14.86,15.05,14.82,14.88,6538500,14.187461
2013-08-22,14.87,15.1,14.87,14.96,3225400,14.263737
2013-08-23,14.98,15.1,14.93,14.96,6128000,14.263737
2013-08-26,14.97,15.03,14.93,14.99,7503800,14.292341
2013-08-27,14.85,14.95,14.75,14.8,6936600,14.111184
2013-08-28,14.83,14.94,14.74,14.8,7970600,14.111184
2013-08-29,14.75,14.91,14.71,14.77,6905400,14.082581
2013-08-30,14.78,14.82,14.68,14.75,9453000,14.063511
2013-09-03,14.79,14.97,14.67,14.76,7117000,14.073046
2013-09-04,14.76,14.99,14.74,14.9,5552000,14.206529
2013-09-05,14.84,15,14.83,14.94,4372600,14.244668
2013-09-06,14.95,15.03,14.77,14.88,5668900,14.187461
2013-09-09,15,15.13,14.96,15.13,6160200,14.425825
2013-09-10,15.24,15.46,15.17,15.45,7303300,14.730932
2013-09-11,15.43,15.75,15.32,15.71,9904100,14.978831
2013-09-12,15.63,15.9,15.63,15.7,7595200,14.969296
2013-09-13,15.75,15.87,15.64,15.8,3992400,15.064642
2013-09-16,15.93,16.040001,15.75,15.81,5785300,15.074177
2013-09-17,15.87,15.99,15.8,15.86,4215200,15.121849
2013-09-18,15.87,16.040001,15.79,16,6704200,15.255334
2013-09-19,16.07,16.1,15.86,15.93,5689300,15.188592
2013-09-20,15.97,16.07,15.76,15.79,8900900,15.055108
2013-09-23,15.78,15.91,15.55,15.64,6781100,14.912089
2013-09-24,15.65,15.76,15.56,15.7,5743300,14.969296
2013-09-25,15.67,15.84,15.6,15.72,5828900,14.988366
2013-09-26,15.76,15.79,15.58,15.67,3720400,14.940693
2013-09-27,15.55,15.68,15.49,15.58,3798000,14.854881
2013-09-30,15.42,15.67,15.33,15.56,5666000,14.835813
2013-10-01,15.58,15.65,15.46,15.55,5674400,14.826278
2013-10-02,15.39,15.6,15.39,15.54,4050900,14.816743
2013-10-03,15.55,15.69,15.31,15.38,10919200,14.66419
2013-10-04,15.36,15.72,15.32,15.59,6155700,14.864416
2013-10-07,15.53,15.7,15.45,15.59,4248800,14.864416
2013-10-08,15.55,15.77,15.34,15.46,7267800,14.740466
2013-10-09,15.56,15.57,15.14,15.22,6896500,14.511637
2013-10-10,15.33,15.43,15.22,15.39,5587100,14.673725
2013-10-11,15.15,15.34,15.1,15.26,5342600,14.549775
2013-10-14,15.22,15.49,15.22,15.49,4165700,14.76907
2013-10-15,15.49,15.58,15.4,15.41,5220500,14.692793
2013-10-16,15.5,15.66,15.48,15.6,5251800,14.873951
2013-10-17,15.48,15.67,15.48,15.63,5333100,14.902554
2013-10-18,15.6,15.86,15.54,15.81,6376700,15.074177
2013-10-21,16,16.01,15.8,15.85,4875200,15.112316
2013-10-22,15.85,15.86,15.63,15.77,4486300,15.036039
2013-10-23,15.74,15.74,15.45,15.5,6305400,14.778605
2013-10-24,15.54,15.64,15.36,15.39,5910900,14.673725
2013-10-25,15.47,15.48,15.19,15.24,8262300,14.530705
2013-10-28,15.22,15.29,15,15.21,9850600,14.502102
2013-10-29,15.19,15.26,15.05,15.23,9698800,14.521171
2013-10-30,15.28,15.35,15.09,15.22,5100800,14.511637
2013-10-31,15.24,15.35,15.16,15.19,7334200,14.483032
2013-11-01,15.27,15.33,15.15,15.26,5153400,14.549775
2013-11-04,15.31,15.31,14.79,14.82,10256600,14.130253
2013-11-05,14.73,14.87,14.57,14.8,10559200,14.111184
2013-11-06,14.8,14.91,14.65,14.9,4951100,14.206529
2013-11-07,14.85,14.89,14.52,14.55,13826900,13.872819
2013-11-08,15,15.61,14.94,15.56,18363300,14.835813
2013-11-11,15.5,15.73,15.47,15.69,7440600,14.959761
2013-11-12,15.76,15.85,15.54,15.72,7900800,14.988366
2013-11-13,15.68,16.15,15.65,16.15,8319800,15.398352
2013-11-14,16.1,16.32,16.09,16.219999,7699500,15.465094
2013-11-15,16.280001,16.299999,16.01,16.17,11258300,15.417422
2013-11-18,15.82,15.96,15.74,15.78,7923700,15.045573
2013-11-19,15.62,15.76,15.42,15.44,5167900,14.801124
2013-11-20,15.45,15.49,15.18,15.21,5119400,14.580641
2013-11-21,15.23,15.36,15.16,15.33,5339200,14.695676
2013-11-22,15.35,15.35,15.15,15.18,3966700,14.551883
2013-11-25,15.18,15.53,15.18,15.51,6205200,14.868228
2013-11-26,15.68,15.81,15.58,15.64,18829400,14.992849
2013-11-27,15.63,15.75,15.53,15.7,4531800,15.050366
2013-11-29,15.7,15.74,15.5,15.6,2924100,14.954504
2013-12-02,15.54,15.86,15.51,15.75,9346800,15.098297
2013-12-03,15.75,15.96,15.64,15.74,7264000,15.088711
2013-12-04,15.7,15.99,15.66,15.96,12329400,15.299608
2013-12-05,15.99,15.99,15.68,15.7,6795300,15.050366
2013-12-06,15.89,15.89,15.43,15.47,7025000,14.829883
2013-12-09,15.47,15.52,15.18,15.21,9630500,14.580641
2013-12-10,15.21,15.63,15.19,15.56,13106700,14.916159
2013-12-11,15.59,15.61,15.38,15.41,10353900,14.772365
2013-12-12,15.36,15.44,15.08,15.11,6468100,14.484779
2013-12-13,15.14,15.25,15,15.02,4614700,14.398503
2013-12-16,15.03,15.17,15.02,15.04,5940500,14.417675
2013-12-17,15.03,15.15,14.9,15.11,6852600,14.484779
2013-12-18,15.14,15.35,14.95,15.32,10655800,14.686089
2013-12-19,15.3,15.4,15.2,15.38,6463600,14.743607
2013-12-20,15.41,15.7,15.37,15.69,9552000,15.040779
2013-12-23,15.78,15.91,15.65,15.78,4214200,15.127056
2013-12-24,15.87,15.87,15.66,15.82,1990000,15.1654
2013-12-26,15.88,15.93,15.63,15.67,4223000,15.021607
2013-12-27,15.75,15.79,15.66,15.76,5274400,15.107884
2013-12-30,15.77,15.98,15.75,15.97,6204500,15.309194
2013-12-31,16,16.1,15.9,16.02,5894400,15.357125
2014-01-02,15.92,15.98,15.72,15.86,6502300,15.203745
2014-01-03,15.89,15.92,15.62,15.67,6483300,15.021607
2014-01-06,15.83,16,15.68,15.88,10237300,15.222918
2014-01-07,16.040001,16.200001,15.93,16.139999,8332200,15.472159
2014-01-08,16.200001,16.440001,16.139999,16.360001,7704800,15.683057
2014-01-09,16.110001,16.139999,15.7,15.75,7304300,15.098297
2014-01-10,15.8,15.91,15.59,15.73,5462300,15.079124
2014-01-13,15.73,15.83,15.33,15.36,6083300,14.724434
2014-01-14,15.44,15.87,15.37,15.84,6045700,15.184573
2014-01-15,15.91,16.07,15.84,16.01,4376100,15.347539
2014-01-16,16.01,16.09,15.94,16.059999,5516300,15.395469
2014-01-17,16.059999,16.25,15.89,15.99,8510000,15.328366
2014-01-21,16.01,16.15,15.88,16.049999,6151900,15.385883
2014-01-22,16.08,16.1,15.84,16.030001,8448500,15.366712
2014-01-23,15.98,16.15,15.85,15.97,4625700,15.309194
2014-01-24,15.84,15.9,15.56,15.56,6167400,14.916159
2014-01-27,15.56,15.78,15.37,15.46,5845300,14.820297
2014-01-28,15.43,15.62,15.37,15.61,4199900,14.96409
2014-01-29,15.55,15.64,15.45,15.46,4073600,14.820297
2014-01-30,15.55,15.75,15.5,15.72,5072400,15.069539
2014-01-31,15.5,15.79,15.49,15.7,8383700,15.050366
2014-02-03,15.81,15.83,15.43,15.49,10793200,14.849055
2014-02-04,15.48,15.61,15.4,15.58,7017300,14.935331
2014-02-05,15.47,15.52,15.32,15.44,5366900,14.801124
2014-02-06,15.46,15.68,15.44,15.64,4209500,14.992849
2014-02-07,15.68,15.89,15.54,15.87,3931200,15.213332
2014-02-10,15.85,16.129999,15.84,15.92,8109300,15.261263
2014-02-11,16.01,16.290001,15.93,16.25,5884600,15.577608
2014-02-12,16.299999,16.950001,16.299999,16.83,18613200,16.133609
2014-02-13,17.25,17.459999,16.950001,17.360001,22570900,16.641679
2014-02-14,17.200001,17.950001,17.190001,17.91,20438400,17.168921
2014-02-18,17.92,17.98,17.75,17.9,10724700,17.159334
2014-02-19,17.9,18.299999,17.82,18.139999,11258500,17.389403
2014-02-20,18.18,18.82,18.15,18.780001,9952200,18.002923
2014-02-21,18.75,18.99,18.52,18.639999,11276300,17.868714
2014-02-24,18.6,19.049999,18.43,18.91,10077800,18.127543
2014-02-25,18.799999,18.879999,18.540001,18.74,6054600,18.045692
2014-02-26,18.700001,18.98,18.65,18.709999,9022100,18.016802
2014-02-27,18.709999,18.9,18.450001,18.5,9721200,17.814584
2014-02-28,18.4,18.58,18.110001,18.379999,8042300,17.699029
2014-03-03,17.969999,18.290001,17.809999,18.290001,9398700,17.612365
2014-03-04,18.379999,18.6,18.35,18.48,6508600,17.795324
2014-03-05,18.459999,18.65,18.379999,18.639999,6036800,17.949396
2014-03-06,18.67,18.77,18.35,18.379999,7253600,17.699029
2014-03-07,18.459999,18.49,18.219999,18.360001,6711300,17.679771
2014-03-10,18.299999,18.379999,18.01,18.09,7522200,17.419774
2014-03-11,18.18,18.43,18.120001,18.27,7430500,17.593105
2014-03-12,18.18,18.43,18.110001,18.32,5985700,17.641252
2014-03-13,18.360001,18.43,17.65,17.74,9629300,17.082741
2014-03-14,17.559999,17.98,17.559999,17.82,11501200,17.159777
2014-03-17,17.870001,18,17.799999,17.82,7491400,17.159777
2014-03-18,17.889999,18.360001,17.809999,18.24,7347600,17.564216
2014-03-19,18.379999,18.91,18.33,18.559999,9154200,17.87236
2014-03-20,18.459999,18.73,18.379999,18.57,4795000,17.88199
2014-03-21,18.73,18.879999,18.440001,18.540001,14152900,17.853103
2014-03-24,18.549999,18.700001,18.18,18.450001,7652400,17.766437
2014-03-25,18.65,18.67,18.309999,18.450001,7610600,17.766437
2014-03-26,18.620001,18.969999,17.870001,18.030001,13943900,17.361998
2014-03-27,17.99,18.139999,17.59,17.790001,13518200,17.13089
2014-03-28,17.76,18.01,17.709999,17.9,9970500,17.236813
2014-03-31,17.93,18.09,17.809999,17.91,6835100,17.246443
2014-04-01,18.48,18.870001,18.26,18.65,16406800,17.959026
2014-04-02,18.65,18.690001,18.450001,18.530001,5998700,17.843473
2014-04-03,18.57,19.18,18.559999,18.73,14988700,18.036062
2014-04-04,18.83,18.940001,18.07,18.15,9200800,17.477551
2014-04-07,18.16,18.559999,18.059999,18.209999,10714400,17.535327
2014-04-08,18.209999,18.91,18.18,18.860001,11767300,18.161246
2014-04-09,18.950001,19.110001,18.690001,18.84,10549200,18.141987
2014-04-10,18.76,19.02,18.32,18.379999,9318700,17.699029
2014-04-11,18.24,18.52,17.879999,18.120001,8827800,17.448663
2014-04-14,18.24,18.389999,18.120001,18.32,7254600,17.641252
2014-04-15,18.34,18.549999,18.16,18.450001,7615900,17.766437
2014-04-16,18.540001,18.559999,18.26,18.49,5878400,17.804954
2014-04-17,18.42,18.73,18.379999,18.559999,3838300,17.87236
2014-04-21,18.57,18.76,18.450001,18.709999,2925100,18.016802
2014-04-22,18.74,18.99,18.639999,18.870001,6378000,18.170876
2014-04-23,18.9,19.139999,18.870001,19.09,6539500,18.382725
2014-04-24,19.219999,19.459999,19.219999,19.26,9787300,18.546426
2014-04-25,19.219999,19.4,18.690001,18.73,7840000,18.036062
2014-04-28,18.879999,18.98,18.42,18.65,5669700,17.959026
2014-04-29,18.719999,18.76,18.48,18.690001,4282500,17.997545
2014-04-30,18.66,18.68,18.43,18.469999,7643500,17.785694
2014-05-01,18.75,18.790001,18.42,18.57,4952600,17.88199
2014-05-02,18.66,18.66,18.32,18.43,3909400,17.747177
2014-05-05,18.41,18.77,18.389999,18.629999,5981500,17.939766
2014-05-06,18.809999,18.969999,18.200001,18.25,10404700,17.573846
2014-05-07,18.25,18.42,18.07,18.27,7347500,17.593105
2014-05-08,18.200001,18.790001,18.110001,18.5,10818200,17.814584
2014-05-09,17.940001,18.110001,17.709999,18.049999,13488300,17.381255
2014-05-12,18.09,18.620001,18.08,18.58,7496400,17.89162
2014-05-13,18.33,18.629999,18.219999,18.280001,5527600,17.602735
2014-05-14,18.290001,18.360001,18.09,18.1,5358000,17.429404
2014-05-15,18.059999,18.16,17.82,18,8147400,17.333108
2014-05-16,17.860001,18.09,17.860001,17.959999,7099000,17.29459
2014-05-19,18.15,18.639999,18.07,18.540001,9001900,17.853103
2014-05-20,18.459999,18.51,18.15,18.24,6405000,17.645114
2014-05-21,18.309999,18.469999,18.129999,18.24,5417800,17.645114
2014-05-22,18.200001,18.42,18.200001,18.32,3259100,17.722505
2014-05-23,18.42,18.58,18.309999,18.49,4566400,17.88696
2014-05-27,18.6,18.82,18.540001,18.82,5242000,18.206198
2014-05-28,18.889999,19.1,18.709999,18.98,5616900,18.360979
2014-05-29,18.969999,19.129999,18.91,18.950001,4297100,18.331959
2014-05-30,18.950001,19.049999,18.85,19,5978200,18.380327
2014-06-02,19.059999,19.18,18.780001,18.940001,4537500,18.322285
2014-06-03,18.98,19,18.610001,18.860001,6080300,18.244894
2014-06-04,18.809999,19.02,18.799999,18.879999,4030900,18.26424
2014-06-05,18.91,19.02,18.799999,18.959999,4717400,18.341631
2014-06-06,19.049999,19.200001,18.98,19.030001,4026300,18.40935
2014-06-09,19.01,19.23,18.879999,19.049999,6186400,18.428696
2014-06-10,18.98,19.24,18.9,19.15,5440200,18.525435
2014-06-11,19.08,19.450001,19.08,19.4,6655700,18.767281
2014-06-12,19.4,19.610001,19.23,19.52,8428700,18.883368
2014-06-13,19.719999,19.73,19.35,19.540001,5696300,18.902716
2014-06-16,19.450001,19.610001,19.309999,19.48,4965500,18.844672
2014-06-17,19.5,19.690001,19.4,19.610001,3940200,18.970433
2014-06-18,19.559999,19.68,19.379999,19.59,5388400,18.951085
2014-06-19,19.23,19.33,19,19.139999,11864800,18.515761
2014-06-20,19.190001,19.26,18.780001,18.93,8828700,18.312611
2014-06-23,18.68,18.719999,18.459999,18.709999,10355000,18.099785
2014-06-24,18.68,18.83,18.34,18.42,6894500,17.819244
2014-06-25,18.469999,18.620001,18.299999,18.610001,5385500,18.003048
2014-06-26,18.610001,18.620001,18.299999,18.360001,6422700,17.761201
2014-06-27,18.34,18.49,18.23,18.379999,7570500,17.780547
2014-06-30,18.309999,18.59,18.309999,18.540001,4512800,17.935331
2014-07-01,18.52,18.860001,18.459999,18.75,8029500,18.138481
2014-07-02,18.68,18.76,18.57,18.68,4482100,18.070764
2014-07-03,18.51,18.9,18.51,18.85,3422300,18.23522
2014-07-07,18.879999,18.889999,18.67,18.700001,3187400,18.090112
2014-07-08,18.65,18.73,18.370001,18.549999,5548500,17.945003
2014-07-09,18.709999,19.190001,18.57,19.110001,9691700,18.48674
2014-07-10,18.75,19.09,18.6,19.01,6657700,18.390001
2014-07-11,19.030001,19.110001,18.959999,19.049999,4779700,18.428696
2014-07-14,19.129999,19.34,19.059999,19.290001,6815900,18.66087
2014-07-15,19.32,19.42,19.190001,19.370001,9886000,18.738261
2014-07-16,19.450001,19.6,19.24,19.35,7993200,18.718913
2014-07-17,19.129999,19.5,19.129999,19.299999,8120800,18.670542
2014-07-18,18.9,19.049999,18.41,18.440001,14195400,17.838592
2014-07-21,18.370001,18.68,18.370001,18.549999,6084100,17.945003
2014-07-22,18.690001,18.790001,18.43,18.469999,7470400,17.867612
2014-07-23,18.48,18.49,18.059999,18.08,7433800,17.490332
2014-07-24,18.18,18.23,17.98,18.110001,6364400,17.519355
2014-07-25,18.049999,18.09,17.76,17.790001,6653300,17.209792
2014-07-28,17.870001,17.870001,17.42,17.719999,8258800,17.142073
2014-07-29,17.73,18.02,17.719999,17.780001,5449300,17.200118
2014-07-30,17.889999,18.129999,17.84,18.08,6154600,17.490332
2014-07-31,17.860001,18,17.469999,17.5,10047000,16.929249
2014-08-01,17.5,17.790001,17.440001,17.690001,5497100,17.113053
2014-08-04,17.67,17.82,17.559999,17.65,6043100,17.074356
2014-08-05,17.6,17.92,17.450001,17.66,7453400,17.08403
2014-08-06,17.540001,17.860001,17.41,17.639999,5586400,17.064682
2014-08-07,17.790001,17.950001,17.34,17.459999,10192400,16.890553
2014-08-08,18.219999,19.1,18.219999,19,22358700,18.380327
2014-08-11,19.02,19.1,18.85,18.9,8615600,18.283588
2014-08-12,18.889999,19,18.690001,18.9,7403800,18.283588
2014-08-13,18.93,19.17,18.809999,19.01,6414900,18.390001
2014-08-14,19.08,19.08,18.719999,18.799999,6399800,18.186849
2014-08-15,18.860001,19.15,18.68,19.040001,9244900,18.419024
2014-08-18,19.120001,19.32,18.93,19.299999,7101900,18.670542
2014-08-19,19.219999,19.469999,19.15,19.370001,6206500,18.821152
2014-08-20,19.299999,19.389999,19.200001,19.25,5536700,18.704552
2014-08-21,19.200001,19.299999,19.040001,19.07,6819900,18.529652
2014-08-22,19.049999,19.24,18.93,19.08,6280600,18.539369
2014-08-25,19.16,19.290001,19.07,19.110001,3834500,18.568519
2014-08-26,19.16,19.49,19.09,19.450001,6740900,18.898885
2014-08-27,19.33,19.48,19.200001,19.23,4574300,18.685118
2014-08-28,19.190001,19.43,19.129999,19.389999,4492600,18.840584
2014-08-29,19.459999,19.49,19.25,19.450001,5198300,18.898885
2014-09-02,19.5,19.5,19.32,19.5,4815900,18.947468
2014-09-03,19.6,19.75,19.469999,19.68,6486400,19.122368
2014-09-04,19.65,20.15,19.639999,20.030001,12295800,19.462451
2014-09-05,20.01,20.1,19.84,19.969999,6344800,19.40415
2014-09-08,19.950001,19.99,19.709999,19.790001,7982200,19.229252
2014-09-09,19.700001,19.83,19.52,19.540001,4964700,18.986335
2014-09-10,19.65,19.68,19.43,19.610001,4309400,19.054352
2014-09-11,19.469999,19.540001,19.200001,19.41,6268000,18.860018
2014-09-12,19.530001,19.530001,19.1,19.120001,6563400,18.578236
2014-09-15,19.18,19.209999,18.780001,18.860001,7353800,18.325603
2014-09-16,18.809999,19.24,18.75,19.139999,5498400,18.597668
2014-09-17,19.09,19.33,19,19.15,4339600,18.607385
2014-09-18,19.27,19.459999,19.209999,19.440001,5490100,18.889169
2014-09-19,19.5,19.52,19.049999,19.08,15032900,18.539369
2014-09-22,19.469999,19.469999,18.870001,18.889999,5536600,18.354752
2014-09-23,18.790001,19.02,18.719999,18.809999,4903600,18.277019
2014-09-24,18.799999,18.98,18.780001,18.92,3989800,18.383902
2014-09-25,18.9,18.950001,18.469999,18.51,7461000,17.98552
2014-09-26,18.57,18.690001,18.49,18.549999,6029700,18.024385
2014-09-29,18.4,18.65,18.219999,18.52,5213500,17.995237
2014-09-30,18.440001,18.58,18.23,18.450001,6930100,17.92722
2014-10-01,18.48,18.610001,18.219999,18.27,8774400,17.75232
2014-10-02,18.24,18.33,17.77,18.190001,7224900,17.674587
2014-10-03,18.299999,18.549999,18.23,18.23,5978500,17.713453
2014-10-06,18.299999,18.450001,18,18.120001,4975800,17.606571
2014-10-07,18.040001,18.219999,17.91,17.93,7547400,17.421954
2014-10-08,17.91,18.35,17.77,18.26,6504300,17.742604
2014-10-09,18.18,18.200001,17.76,17.91,7673900,17.40252
2014-10-10,17.77,17.83,16.84,16.85,17284400,16.372556
2014-10-13,16.959999,17.299999,16.77,16.790001,9940700,16.314257
2014-10-14,17.02,17.65,16.92,17.18,9415500,16.693205
2014-10-15,16.93,17.530001,16.82,17.440001,10110700,16.945839
2014-10-16,17.129999,17.65,17.09,17.450001,8777900,16.955555
2014-10-17,17.66,17.860001,17.35,17.42,7267900,16.926405
2014-10-20,17.42,17.73,17.299999,17.57,5008400,17.072154
2014-10-21,17.700001,18.34,17.65,18.32,8777300,17.800903
2014-10-22,18.290001,18.35,17.889999,17.889999,5987800,17.383087
2014-10-23,18.200001,18.42,18.07,18.290001,5361900,17.771754
2014-10-24,18.4,18.59,18.290001,18.48,5253900,17.956369
2014-10-27,18.469999,18.559999,18.27,18.49,3627300,17.966086
2014-10-28,18.440001,18.950001,18.42,18.93,4814500,18.393619
2014-10-29,18.85,18.959999,18.639999,18.809999,4208500,18.277019
2014-10-30,18.76,18.84,18.450001,18.690001,4256500,18.16042
2014-10-31,19.120001,19.549999,19.02,19.540001,6407900,18.986335
2014-11-03,19.99,20.059999,19.77,19.870001,7718300,19.306985
2014-11-04,20,20.200001,19.67,20.129999,9004900,19.559616
2014-11-05,20.25,20.26,19.98,20.129999,8391300,19.559616
2014-11-06,20.17,20.25,19.860001,20.219999,9852200,19.647066
2014-11-07,20.450001,20.690001,19.59,19.790001,11270000,19.229252
2014-11-10,19.77,20.15,19.719999,20.02,7334700,19.452734
2014-11-11,19.9,20.01,19.610001,19.780001,5324800,19.219535
2014-11-12,19.709999,19.76,19.379999,19.65,5114600,19.093217
2014-11-13,19.719999,19.75,19.389999,19.549999,5633200,18.99605
2014-11-14,19.57,19.790001,19.379999,19.790001,4006200,19.229252
2014-11-17,19.700001,19.91,19.57,19.700001,3968300,19.141802
2014-11-18,19.709999,20.219999,19.66,20.17,5194300,19.598484
2014-11-19,20.1,20.16,19.799999,20.01,6007500,19.5253
2014-11-20,19.870001,20.360001,19.809999,20.34,5524200,19.847306
2014-11-21,20.52,20.549999,20.280001,20.450001,4974400,19.954642
2014-11-24,20.5,20.67,20.42,20.58,3400100,20.081492
2014-11-25,20.540001,20.719999,20.5,20.57,4756000,20.071734
2014-11-26,20.450001,20.940001,20.440001,20.92,5481600,20.413257
2014-11-28,20.99,21.09,20.799999,20.969999,3120800,20.462045
2014-12-01,20.879999,21,20.549999,20.58,4751500,20.081492
2014-12-02,20.559999,20.700001,20.370001,20.610001,6148800,20.110766
2014-12-03,20.709999,21.15,20.65,21.139999,7110600,20.627927
2014-12-04,21.110001,21.190001,20.809999,20.950001,4633300,20.442531
2014-12-05,20.959999,21.18,20.950001,21.07,4142000,20.559623
2014-12-08,21.040001,21.25,20.629999,20.799999,5673600,20.296163
2014-12-09,20.67,20.780001,20.360001,20.73,5986200,20.227859
2014-12-10,20.67,20.75,20.25,20.27,5109100,19.779002
2014-12-11,20.389999,20.530001,20.219999,20.26,3391300,19.769244
2014-12-12,19.99,20.17,19.610001,19.629999,8099100,19.154503
2014-12-15,19.860001,20.219999,19.51,19.57,6367400,19.095957
2014-12-16,19.549999,19.860001,19.34,19.35,4632700,18.881287
2014-12-17,19.74,20.17,19.1,20.139999,8639900,19.65215
2014-12-18,20.389999,20.629999,20.030001,20.219999,5653900,19.730212
2014-12-19,20.360001,20.5,20.17,20.42,8138200,19.925368
2014-12-22,20.4,20.780001,20.33,20.780001,3724400,20.276649
2014-12-23,20.940001,21.040001,20.629999,20.65,2732000,20.149797
2014-12-24,20.700001,20.73,20.549999,20.57,1141100,20.071734
2014-12-26,20.57,20.700001,20.52,20.59,1315900,20.09125
2014-12-29,20.530001,20.700001,20.43,20.559999,2073600,20.061976
2014-12-30,20.42,20.52,20.34,20.370001,2803000,19.87658
2014-12-31,20.4,20.51,19.99,20.049999,4157500,19.56433
2015-01-02,20.129999,20.280001,19.809999,20.129999,2842000,19.642392
2015-01-05,20.129999,20.190001,19.700001,19.790001,4948800,19.310629
2015-01-06,19.82,19.84,19.17,19.190001,4944100,18.725163
2015-01-07,19.33,19.5,19.08,19.139999,8045200,18.676373
2015-01-08,19.360001,19.98,19.35,19.860001,7094500,19.378934
2015-01-09,19.93,20.09,19.66,19.940001,5238500,19.456996
2015-01-12,19.99,20,19.51,19.690001,4768300,19.213051
2015-01-13,19.84,20.24,19.52,19.66,5918000,19.183777
2015-01-14,19.450001,19.799999,19.4,19.74,3880600,19.26184
2015-01-15,19.879999,20,19.59,19.6,4723300,19.125231
2015-01-16,19.57,19.98,19.51,19.959999,4537800,19.47651
2015-01-20,20.1,20.209999,19.77,20.02,3507700,19.535058
2015-01-21,19.91,20.35,19.77,20.299999,3619500,19.808274
2015-01-22,20.34,20.709999,20.129999,20.65,3992800,20.149797
2015-01-23,20.67,20.75,20.5,20.709999,3010400,20.208343
2015-01-26,20.620001,20.719999,20.49,20.620001,3331000,20.120524
2015-01-27,20.299999,20.32,19.59,19.629999,8948700,19.154503
2015-01-28,19.870001,19.950001,19.299999,19.309999,6818200,18.842255
2015-01-29,19.32,19.889999,19.23,19.780001,5883500,19.300872
2015-01-30,19.639999,19.870001,19.17,19.200001,7455000,18.734921
2015-02-02,19.32,19.700001,18.940001,19.620001,6490100,19.144747
2015-02-03,19.76,20.129999,19.66,20.110001,4586700,19.622878
2015-02-04,20.049999,20.389999,19.99,20.16,4537900,19.671666
2015-02-05,20.18,20.5,20.16,20.49,3511200,19.993672
2015-02-06,20.469999,20.709999,20.309999,20.4,5263100,19.905852
2015-02-09,20.280001,20.440001,20.15,20.379999,6848600,19.886336
2015-02-10,20.4,20.959999,20.309999,20.950001,5655100,20.442531
2015-02-11,21,21,20.67,20.809999,8020800,20.305921
2015-02-12,22,22.5,21.870001,22.299999,16922600,21.759828
2015-02-13,22.25,22.34,21.91,22.309999,7752100,21.769586
2015-02-17,22.27,22.49,22.129999,22.379999,5083500,21.83789
2015-02-18,22.35,22.389999,22.08,22.120001,4273700,21.58419
2015-02-19,22.4,22.440001,22.08,22.18,4235800,21.642736
2015-02-20,22.16,22.35,22,22.34,3943800,21.79886
2015-02-23,22.33,22.33,22.049999,22.16,3125200,21.62322
2015-02-24,22.16,22.309999,21.959999,22.309999,3733900,21.85341
2015-02-25,22.219999,22.32,22.040001,22.139999,3095500,21.686889
2015-02-26,22.16,22.33,22.02,22.200001,3821600,21.745663
2015-02-27,22.139999,22.190001,21.98,22.059999,3937300,21.608527
2015-03-02,22,22.719999,21.969999,22.6,7537800,22.137476
2015-03-03,22.43,22.540001,22.110001,22.18,4008600,21.726072
2015-03-04,22.1,22.48,22.01,22.43,5671000,21.970955
2015-03-05,22.43,22.9,22.370001,22.860001,8076400,22.392155
2015-03-06,22.73,22.84,22.530001,22.549999,6434800,22.088498
2015-03-09,22.559999,22.780001,22.51,22.610001,5559700,22.147272
2015-03-10,22.709999,23.15,22.67,23,13180300,22.52929
2015-03-11,23,23.299999,22.82,22.879999,6553000,22.411745
2015-03-12,22.66,22.83,22.24,22.67,10174300,22.206043
2015-03-13,22.559999,22.76,22.25,22.700001,8982200,22.23543
2015-03-16,22.879999,23.110001,22.73,22.969999,5923900,22.499903
2015-03-17,22.92,23.26,22.76,23.25,7497500,22.774173
2015-03-18,23.25,23.370001,22.66,22.870001,10346100,22.401951
2015-03-19,22.950001,23.299999,22.780001,23.219999,7768900,22.744786
2015-03-20,23.41,23.610001,23.190001,23.469999,11552100,22.98967
2015-03-23,22.77,23.07,22.700001,22.709999,10650300,22.245224
2015-03-24,22.639999,22.799999,22.299999,22.4,8262000,21.941569
2015-03-25,22.389999,22.389999,20.969999,21.040001,13563800,20.609403
2015-03-26,20.610001,21.059999,20.459999,20.969999,7798000,20.540834
2015-03-27,21.09,21.459999,20.75,21.379999,7957200,20.942443
2015-03-30,21.48,21.58,21.200001,21.469999,6331300,21.030601
2015-03-31,21.41,21.43,20.91,20.93,8931900,20.501654
2015-04-01,21.01,21.08,20.65,21.01,8269200,20.580016
2015-04-02,21.129999,21.190001,20.879999,21.059999,4805100,20.628992
2015-04-06,20.969999,21.74,20.75,21.67,12896600,21.226509
2015-04-07,21.67,22.1,21.549999,21.860001,10349100,21.412621
2015-04-08,21.879999,22.1,21.67,22.02,9160800,21.569346
2015-04-09,21.85,22.6,21.84,22.530001,9485800,22.068909
2015-04-10,22.549999,22.77,22.469999,22.76,6468200,22.294202
2015-04-13,22.709999,22.84,22.450001,22.549999,5918100,22.088498
2015-04-14,22.459999,22.549999,22.139999,22.360001,5506900,21.902388
2015-04-15,22.42,22.799999,22.309999,22.629999,6089000,22.166861
2015-04-16,22.5,22.690001,22.33,22.49,3882100,22.029727
2015-04-17,22.02,22.42,22.01,22.200001,7340900,21.745663
2015-04-20,22.299999,22.440001,22.049999,22.09,5790600,21.637913
2015-04-21,22.360001,22.360001,21.950001,22.059999,5761400,21.608527
2015-04-22,22.190001,22.34,21.85,22.309999,5185500,21.85341
2015-04-23,21.9,22.43,21.65,22.219999,6484500,21.765252
2015-04-24,22.209999,22.219999,21.780001,22.030001,6024000,21.579142
2015-04-27,22.1,22.59,21.91,22.200001,6211400,21.745663
2015-04-28,22.16,22.389999,21.950001,22.309999,5862100,21.85341
2015-04-29,22.15,22.370001,22.049999,22.139999,4878900,21.686889
2015-04-30,22.030001,22.309999,21.98,22.200001,5471100,21.745663
2015-05-01,22.379999,22.82,22.280001,22.75,6424200,22.284406
2015-05-04,22.73,22.879999,22.540001,22.610001,5018000,22.147272
2015-05-05,22.530001,22.559999,21.93,22.030001,7323200,21.579142
2015-05-06,22.15,22.360001,21.809999,22.1,7912100,21.647709
2015-05-07,22.01,22.559999,21.940001,22.49,13364100,22.029727
2015-05-08,21.01,21.84,20.49,20.83,28663800,20.4037
2015-05-11,20.540001,20.84,20.379999,20.629999,13603600,20.207792
2015-05-12,20.48,21,20.469999,20.83,9720000,20.4037
2015-05-13,20.98,21.139999,20.75,20.950001,7713100,20.521245
2015-05-14,21.01,21.4,20.959999,21.290001,7326300,20.854287
2015-05-15,21.379999,21.48,21.17,21.299999,5395600,20.86408
2015-05-18,21.25,21.4,21.15,21.27,8124300,20.834696
2015-05-19,21.200001,21.27,21,21.040001,6345200,20.7048
2015-05-20,21.049999,21.299999,21.02,21.040001,4920600,20.7048
2015-05-21,21.049999,21.139999,20.870001,20.889999,5992300,20.557188
2015-05-22,20.940001,21.02,20.809999,20.860001,5314800,20.527667
2015-05-26,20.76,20.9,20.57,20.73,6493300,20.399737
2015-05-27,20.870001,21.940001,20.799999,21.84,10808300,21.492054
2015-05-28,21.84,22.209999,21.799999,22.139999,8191400,21.787274
2015-05-29,22.139999,22.280001,22.1,22.129999,8379200,21.777433
2015-06-01,22.27,22.6,22.129999,22.379999,9316500,22.02345
2015-06-02,22.24,22.360001,21.92,21.940001,5607600,21.590461
2015-06-03,22,22.17,21.66,21.700001,6262300,21.354285
2015-06-04,21.57,22.16,21.57,22.09,8092800,21.738071
2015-06-05,22.02,22.360001,21.790001,22.26,7833000,21.905363
2015-06-08,22.190001,22.34,21.5,21.75,8570300,21.403488
2015-06-09,21.77,22.02,21.73,21.860001,6422200,21.511736
2015-06-10,21.6,21.74,21.35,21.469999,13236500,21.127948
2015-06-11,21.469999,21.85,21.469999,21.700001,7076300,21.354285
2015-06-12,21.559999,21.690001,21.059999,21.110001,8093200,20.773684
2015-06-15,21,21.17,20.84,21.07,7663700,20.734321
2015-06-16,21.030001,21.360001,20.82,21.33,6422300,20.990179
2015-06-17,21.32,21.700001,21.27,21.58,5838600,21.236196
2015-06-18,21.76,22.08,21.700001,21.940001,7485100,21.590461
2015-06-19,21.940001,22.120001,21.67,21.870001,8891400,21.521577
2015-06-22,21.91,22.030001,21.450001,21.780001,12855900,21.43301
2015-06-23,21.82,21.99,21.049999,21.219999,10351600,20.881931
2015-06-24,21.190001,21.299999,20.91,21.01,6334200,20.675277
2015-06-25,21.01,21.299999,21.01,21.17,8761500,20.832728
2015-06-26,21,21.02,20.65,20.74,10532400,20.409578
2015-06-29,20.5,20.709999,20.09,20.120001,9793100,19.799457
2015-06-30,20.24,20.33,19.969999,20.110001,7897900,19.789616
2015-07-01,20.610001,20.9,20.219999,20.4,7572300,20.074995
2015-07-02,20.389999,20.549999,20.290001,20.42,3644100,20.094677
2015-07-06,20.25,20.530001,20.02,20.17,5369400,19.84866
2015-07-07,20.049999,20.129999,19.16,19.790001,14856300,19.474714
2015-07-08,19.68,19.799999,19.49,19.65,8312300,19.336944
2015-07-09,19.959999,20.049999,19.290001,19.41,8937300,19.100767
2015-07-10,19.66,19.93,19.610001,19.75,5417700,19.435351
2015-07-13,19.950001,19.99,19.75,19.879999,5311800,19.563279
2015-07-14,19.91,19.93,19.629999,19.889999,6230400,19.57312
2015-07-15,19.84,19.969999,19.57,19.75,6643300,19.435351
2015-07-16,19.870001,20.190001,19.799999,20.190001,7071200,19.868341
2015-07-17,20.120001,20.139999,19.809999,20.07,5509300,19.750252
2015-07-20,20.07,20.15,19.65,19.700001,4710300,19.386148
2015-07-21,19.66,20.07,19.66,19.790001,3743000,19.474714
2015-07-22,19.65,19.65,19.17,19.41,8911800,19.100767
2015-07-23,19.450001,19.940001,19.41,19.65,4247900,19.336944
2015-07-24,19.790001,19.809999,19.34,19.42,4721100,19.110608
2015-07-27,19.25,19.530001,19.09,19.309999,4810500,19.00236
2015-07-28,19.360001,19.860001,19.16,19.73,4957700,19.415669
2015-07-29,19.690001,20.129999,19.610001,19.969999,5817000,19.651845
2015-07-30,19.92,20.219999,19.92,20.02,4754500,19.70105
2015-07-31,20.1,20.110001,19.83,19.950001,5458500,19.632165
2015-08-03,20.110001,20.309999,19.85,20.290001,9928300,19.966749
2015-08-04,20.219999,20.43,20.139999,20.370001,6502500,20.045474
2015-08-05,20.870001,20.889999,20.540001,20.58,5865700,20.252127
2015-08-06,20.530001,20.68,20.110001,20.450001,16391900,20.124199
2015-08-07,22.459999,23.370001,21.879999,22.98,35131200,22.613891
2015-08-10,22.82,23.950001,22.68,23.780001,16557600,23.401147
2015-08-11,23.43,23.889999,23.43,23.66,10875200,23.283058
2015-08-12,23.280001,23.889999,23.280001,23.719999,9601200,23.342102
2015-08-13,23.75,23.799999,23.459999,23.52,6922100,23.145289
2015-08-14,23.5,23.68,23.360001,23.540001,5366300,23.164971
2015-08-17,23.5,23.5,23.1,23.389999,6847000,23.017359
2015-08-18,23.219999,23.379999,22.9,23.08,7177100,22.807858
2015-08-19,23.049999,23.309999,22.74,22.99,6231200,22.718919
2015-08-20,22.73,22.84,22.049999,22.16,10673300,21.898706
2015-08-21,22,22.370001,21.450001,21.469999,9566600,21.216842
2015-08-24,20.27,21.83,20,20.709999,17057100,20.465803
2015-08-25,21.620001,21.700001,20.280001,20.280001,15567100,20.040875
2015-08-26,20.940001,21.83,20.780001,21.809999,15374400,21.552833
2015-08-27,22.040001,22.639999,21.91,22.629999,11594100,22.363164
2015-08-28,22.629999,22.870001,22.469999,22.73,8023600,22.461985
2015-08-31,22.620001,22.780001,22.389999,22.48,5483800,22.214933
2015-09-01,21.83,22.200001,21.4,21.559999,8835200,21.305781
2015-09-02,22.15,22.219999,21.780001,22.209999,8601100,21.948116
2015-09-03,22.540001,22.65,22.23,22.27,6563900,22.00741
2015-09-04,21.889999,22.24,21.74,21.75,7199300,21.493541
2015-09-08,22.280001,22.77,22.190001,22.68,5961200,22.412575
2015-09-09,22.75,22.940001,22.18,22.23,7234800,21.967881
2015-09-10,22.1,22.860001,22,22.58,8926900,22.313754
2015-09-11,22.33,22.799999,22.24,22.65,7539600,22.382928
2015-09-14,22.76,22.83,22.57,22.690001,4811500,22.422458
2015-09-15,22.700001,23.059999,22.629999,22.940001,8199400,22.66951
2015-09-16,22.9,23.23,22.73,23.1,4337700,22.827623
2015-09-17,23.5,23.709999,23.26,23.309999,6717800,23.035146
2015-09-18,22.99,23.49,22.85,23.290001,8160300,23.015383
2015-09-21,23.32,23.58,23.200001,23.530001,7046000,23.252553
2015-09-22,23.02,23.18,22.77,22.889999,5708900,22.620098
2015-09-23,22.91,23.139999,22.82,23,4040800,22.728802
2015-09-24,22.860001,23.68,22.5,23.440001,9561000,23.163614
2015-09-25,23.73,24.07,23.379999,23.610001,9242300,23.33161
2015-09-28,23.610001,23.76,23.15,23.299999,9889600,23.025264
2015-09-29,23.549999,23.75,23.219999,23.709999,9518400,23.430429
2015-09-30,23.93,24.68,23.790001,24.65,13909500,24.359346
2015-10-01,24.65,24.719999,23.469999,24.17,12232400,23.885006
2015-10-02,24.040001,24.799999,23.790001,24.799999,9653600,24.507577
2015-10-05,24.959999,25.73,24.83,25.42,12050600,25.120267
2015-10-06,25.15,25.860001,25.049999,25.75,11330400,25.446376
2015-10-07,25.809999,26.280001,25.389999,26.02,7753800,25.713193
2015-10-08,25.91,26.24,25.469999,26.17,11501700,25.861424
2015-10-09,26.030001,26.280001,25.58,26.07,10581200,25.762602
2015-10-12,26.1,26.5,25.91,26.35,5689700,26.039301
2015-10-13,26.139999,26.559999,26.049999,26.4,7461100,26.088711
2015-10-14,26.43,27.790001,26.4,27.360001,15303700,27.037393
2015-10-15,27.41,27.99,27.129999,27.43,13151200,27.106567
2015-10-16,27.52,28.120001,27.450001,27.860001,11209900,27.531497
2015-10-19,27.950001,28.08,27.49,27.809999,7367800,27.482085
2015-10-20,27.690001,27.9,27.48,27.77,6610700,27.442558
2015-10-21,27.940001,28.110001,27.360001,27.41,9657000,27.086802
2015-10-22,27.73,28.49,27.690001,28.4,7672100,28.065129
2015-10-23,28.65,28.780001,28.219999,28.59,9544400,28.252889
2015-10-26,28.610001,28.68,28.200001,28.459999,6185900,28.124421
2015-10-27,28.32,28.620001,28.299999,28.440001,5206700,28.104658
2015-10-28,28.620001,28.67,28.200001,28.67,5425900,28.331946
2015-10-29,28.209999,28.5,27.629999,27.68,8179200,27.353619
2015-10-30,27.98,28.57,27.77,28.370001,7529000,28.035484
2015-11-02,28.459999,28.73,28.290001,28.700001,4752200,28.361592
2015-11-03,28.530001,28.690001,28.18,28.5,9419200,28.16395
2015-11-04,28.42,28.629999,27.9,28.030001,11056600,27.699493
2015-11-05,28.17,28.25,27.629999,27.709999,11970000,27.383264
2015-11-06,30.450001,31.940001,29.82,31.549999,29306800,31.177986
2015-11-09,31.24,31.5,30.969999,31.41,12314200,31.039637
2015-11-10,31,31.17,30.15,30.809999,13806500,30.446712
2015-11-11,30.83,31.049999,30.4,30.51,15497400,30.15025
2015-11-12,30.440001,30.719999,30.27,30.4,7277000,30.041546
2015-11-13,30.43,30.559999,29.65,29.799999,7323500,29.448621
2015-11-16,30.190001,30.42,29.950001,30.4,8607000,30.041546
2015-11-17,30.48,30.66,30.27,30.4,6426200,30.041546
2015-11-18,30.41,31.07,30.08,31.030001,8755400,30.78056
2015-11-19,31.139999,31.43,30.889999,31.120001,6351800,30.869837
2015-11-20,31.35,31.57,31.16,31.389999,5993600,31.137665
2015-11-23,31.65,31.65,30.809999,30.92,6063800,30.671443
2015-11-24,30.92,31.440001,30.780001,31.17,4885700,30.919434
2015-11-25,31.110001,31.48,31.02,31.129999,3457500,30.879754
2015-11-27,31.190001,31.49,31.030001,31.389999,2174900,31.137665
2015-11-30,31.42,31.860001,31.389999,31.719999,8181100,31.465012
2015-12-01,32,32.779999,31.969999,32.75,10237400,32.486733
2015-12-02,32.799999,33.139999,32.43,32.5,7356000,32.238742
2015-12-03,32.759998,33.099998,32.27,32.43,6166400,32.169305
2015-12-04,32.43,33.810001,32.43,33.75,11468900,33.478694
2015-12-07,33.740002,33.740002,33.009998,33.110001,8339700,32.843839
2015-12-08,32.700001,33.700001,32.490002,33.560001,7862200,33.290223
2015-12-09,33.549999,33.75,32.369999,32.709999,9316900,32.447053
2015-12-10,32.810001,33.16,32.700001,32.98,5902200,32.714883
2015-12-11,32.650002,32.880001,32.419998,32.490002,5683000,32.228824
2015-12-14,32.52,32.75,32.18,32.57,6897300,32.308179
2015-12-15,32.939999,33.200001,32.759998,32.970001,7682400,32.704965
2015-12-16,33.040001,33.279999,32.75,33.169998,5908900,32.903355
2015-12-17,33.220001,33.560001,32.650002,32.669998,6354000,32.407374
2015-12-18,32.439999,32.77,32.099998,32.139999,9897400,31.881636
2015-12-21,32.490002,32.93,32.200001,32.900002,7105400,32.635528
2015-12-22,33,33.259998,32.73,32.93,3250300,32.665286
2015-12-23,32.98,33.189999,32.919998,33.060001,3063100,32.794242
2015-12-24,32.959999,33.25,32.91,33.169998,1311200,32.903355
2015-12-28,32.82,33.139999,32.360001,33.139999,3550600,32.873597
2015-12-29,33.16,33.779999,33.07,33.68,5091500,33.409257
2015-12-30,33.650002,33.939999,33.380001,33.389999,4508600,33.121587
2015-12-31,33.34,33.490002,32.959999,32.959999,3700500,32.695044
2016-01-04,32.290001,32.580002,32.040001,32.369999,8951900,32.109786
2016-01-05,32.98,33.439999,32.5,32.889999,12256800,32.625607
2016-01-06,32.349998,32.5,31.16,31.530001,11233600,31.27654
2016-01-07,30.74,30.950001,29.879999,30.280001,16132600,30.036589
2016-01-08,30.67,30.700001,29.57,29.629999,9961800,29.391812
2016-01-11,29.66,29.889999,29.15,29.68,10234300,29.441412
2016-01-12,30.209999,30.620001,29.969999,30.18,11733900,29.937392
2016-01-13,30.41,30.610001,29.23,29.26,12041800,29.024788
2016-01-14,28.66,29,27.82,28.67,15005900,28.439531
2016-01-15,27.52,27.85,26.639999,27.110001,20981100,26.892071
2016-01-19,27.67,28.450001,27.219999,27.33,11428500,27.110302
2016-01-20,26.809999,27.83,26.450001,27.48,12029500,27.259096
2016-01-21,27.780001,28.23,27.209999,27.799999,12036400,27.576523
2016-01-22,28.33,28.639999,28.27,28.450001,6449900,28.2213
2016-01-25,28.440001,28.77,28.360001,28.42,6768200,28.19154
2016-01-26,28.48,28.82,28.190001,28.700001,5698600,28.46929
2016-01-27,28.66,28.75,27.82,28.360001,5792500,28.132023
2016-01-28,28.59,28.690001,27.5,28.049999,6919400,27.824514
2016-01-29,28.290001,29.35,28.18,29.290001,7762600,29.054547
2016-02-01,29.26,29.450001,29.01,29.299999,7247100,29.064465
2016-02-02,29,29.15,27.860001,28.059999,8547700,27.834434
2016-02-03,28.280001,28.450001,27.549999,28.200001,8169300,27.973309
2016-02-04,28.24,28.85,27.93,28.209999,8703500,27.983227
2016-02-05,28.02,28.33,26.35,26.43,15010700,26.217537
2016-02-08,26.030001,26.16,24.85,25.219999,15221300,25.017263
2016-02-09,24.92,26.549999,24.799999,25.49,10634300,25.285093
2016-02-10,25.65,26.389999,25.290001,25.43,8395000,25.225576
2016-02-11,24.780001,25.559999,24.780001,25.299999,8503600,25.09662
2016-02-12,25.700001,25.780001,24.75,25.73,8520400,25.523164
2016-02-16,26.1,27.030001,26.02,26.99,12133800,26.773035
2016-02-17,27.33,27.92,27.219999,27.66,19286700,27.437649
2016-02-18,29.93,30.98,29.9,30.040001,26716500,29.798518
2016-02-19,29.879999,30.709999,29.65,30.440001,13140700,30.195303
2016-02-22,30.879999,31.870001,30.82,31.52,11241700,31.266621
2016-02-23,31.27,31.9,31.120001,31.6,9234500,31.345977
2016-02-24,31.469999,31.870001,30.6,31.82,8421300,31.564208
2016-02-25,31.940001,32.049999,31.32,31.889999,8740400,31.633645
2016-02-26,32.040001,32.119999,31.360001,31.68,9049100,31.425334
2016-02-29,31.610001,32.02,31.34,31.360001,8083600,31.22124
2016-03-01,31.440001,32.75,31.389999,32.75,8717500,32.605089
2016-03-02,32.57,33.060001,32.509998,32.939999,5845300,32.794247
2016-03-03,32.900002,33.040001,32.209999,32.650002,7550100,32.505533
2016-03-04,32.900002,32.93,32.299999,32.549999,4382600,32.405974
2016-03-07,32.369999,32.59,31.92,32.34,5999200,32.196904
2016-03-08,32.009998,32.200001,31.65,31.75,6873500,31.609514
2016-03-09,32.029999,32.080002,31.32,31.73,5569700,31.589602
2016-03-10,31.92,32.099998,31.040001,31.68,7152100,31.539824
2016-03-11,32.150002,32.23,31.77,32.220001,6935000,32.077436
2016-03-14,32.07,32.43,31.92,32.299999,4757800,32.15708
2016-03-15,32.130001,32.34,31.57,32.139999,5655400,31.997788
2016-03-16,31.9,33.209999,31.75,33.099998,9091100,32.953539
2016-03-17,32.98,33.139999,32.369999,32.82,8842000,32.674779
2016-03-18,33.209999,34.25,33,33.810001,13637800,33.660401
2016-03-21,33.509998,33.919998,33.150002,33.91,8444500,33.759957
2016-03-22,33.799999,34.09,33.43,33.849998,6050300,33.700221
2016-03-23,34,34.68,33.849998,34.43,10725200,34.277656
2016-03-24,34.119999,34.540001,34.009998,34.48,6123900,34.327434
2016-03-28,34.419998,34.98,34.380001,34.830002,6634700,34.675888
2016-03-29,34.68,35.470001,34.599998,35.389999,6545300,35.233407
2016-03-30,35.52,36.25,35.5,35.759998,9417500,35.601769
2016-03-31,35.919998,36,35.349998,35.630001,9497100,35.472347
2016-04-01,35.41,36.169998,35.139999,36.150002,8707300,35.990047
2016-04-04,36.450001,36.639999,35.66,35.799999,9848500,35.641593
2016-04-05,35.48,36.080002,35.34,35.75,8489200,35.591815
2016-04-06,35.299999,35.82,34.630001,35.799999,11334400,35.641593
2016-04-07,35.57,35.889999,35.279999,35.43,9452600,35.273231
2016-04-08,35.720001,35.950001,35.310001,35.66,6398400,35.502213
2016-04-11,35.869999,36.470001,35.759998,35.880001,9688100,35.721241
2016-04-12,36,36.049999,35.139999,35.84,7319100,35.681417
2016-04-13,36,36.75,36,36.740002,8767900,36.577436
2016-04-14,36.639999,37,36.490002,36.84,10414100,36.676992
2016-04-15,36.830002,37.459999,36.709999,37.130001,10924300,36.96571
2016-04-18,37.060001,37.060001,36.610001,36.970001,7680600,36.806418
2016-04-19,37.110001,37.18,36.080002,36.310001,7728800,36.149339
2016-04-20,36.25,36.669998,36.209999,36.450001,5004300,36.288719
2016-04-21,36.459999,36.630001,36.25,36.41,4457000,36.248895
2016-04-22,36.529999,36.779999,36.150002,36.27,5588500,36.109515
2016-04-25,36.279999,36.650002,36.18,36.450001,4799300,36.288719
2016-04-26,36.669998,37.09,36.32,36.48,5363400,36.318585
2016-04-27,36.389999,37.330002,36.32,37.310001,8809900,37.144914
2016-04-28,37.080002,37.299999,36.110001,36.200001,9530600,36.039825
2016-04-29,36.049999,36.130001,35.139999,35.529999,8047600,35.372787
2016-05-02,35.869999,36.220001,35.700001,36,6401900,35.840709
2016-05-03,35.59,35.740002,35.259998,35.57,5600600,35.412611
2016-05-04,35.139999,35.169998,34.400002,34.759998,13144100,34.606194
2016-05-05,35.049999,35.380001,34.709999,34.970001,6172100,34.815268
2016-05-06,34.91,35.419998,34.84,35.330002,4576100,35.173675
2016-05-09,35.419998,35.57,34.990002,35.279999,8333400,35.123894
2016-05-10,35.5,36.02,35.16,35.959999,6741900,35.800885
2016-05-11,36.07,36.459999,35.869999,36.060001,8204400,35.900445
2016-05-12,36.32,36.48,34.93,35.57,16763500,35.412611
2016-05-13,39.189999,41,39,40.98,52756400,40.798673
2016-05-16,40.669998,42.799999,40.540001,42.189999,24325800,42.003318
2016-05-17,42,42.580002,41.459999,42.279999,15709800,42.09292
2016-05-18,42,43.849998,42,43.360001,13526800,43.168143
2016-05-19,43.189999,43.860001,43.130001,43.549999,9972000,43.357301
2016-05-20,43.82,44.509998,43.75,44.330002,9777100,44.133853
2016-05-23,44.52,44.689999,44.130001,44.400002,10340900,44.203543
2016-05-24,44.419998,45.5,44.299999,45.360001,10394700,45.276565
2016-05-25,45.5,45.689999,44.810001,45.169998,11451900,45.086913
2016-05-26,45.25,45.98,45.119999,45.650002,7749100,45.566033
2016-05-27,45.700001,45.970001,45.549999,45.900002,6931800,45.815573
2016-05-31,46.099998,46.82,46.07,46.720001,10313100,46.634064
2016-06-01,46.5,47.259998,46.360001,46.810001,9678300,46.723899
2016-06-02,47.060001,47.540001,46.599998,47.139999,8230200,47.05329
2016-06-03,46.68,46.740002,45.66,46.48,11526900,46.394504
2016-06-06,46.599998,46.959999,46,46.240002,8062800,46.154948
2016-06-07,46.52,46.779999,46.310001,46.330002,4835000,46.244782
2016-06-08,46.34,46.509998,45.799999,46.18,5865400,46.095057
2016-06-09,46.02,47.450001,45.919998,47.380001,11804200,47.29285
2016-06-10,46.82,47.240002,46.139999,46.200001,10000600,46.115021
2016-06-13,46.25,47.700001,46.25,46.790001,11889700,46.703935
2016-06-14,46.68,47.099998,46.16,46.880001,7458600,46.79377
2016-06-15,47.27,47.77,46.75,47.360001,7525900,47.272887
2016-06-16,47.009998,47.630001,46.549999,47.549999,6161400,47.462536
2016-06-17,47.610001,47.619999,46.529999,46.720001,11775000,46.634064
2016-06-20,47.470001,48.169998,47.439999,47.560001,7344200,47.47252
2016-06-21,47.759998,47.889999,47.200001,47.27,5312700,47.183052
2016-06-22,47.369999,47.68,47.150002,47.23,5065500,47.143125
2016-06-23,47.68,48.540001,47.650002,48.490002,7447000,48.400809
2016-06-24,46.5,47.360001,45.299999,45.73,25442100,45.645884
2016-06-27,45.349998,45.700001,44.57,45.240002,11227200,45.156787
2016-06-28,46.099998,46.150002,45.27,45.900002,9548000,45.815573
2016-06-29,46.299999,47.009998,46.18,46.650002,7973300,46.564194
2016-06-30,46.73,47.299999,46.349998,47.009998,10773500,46.923528
2016-07-01,46.75,47.360001,46.5,46.66,5462200,46.574173
2016-07-05,46.400002,47.43,46.029999,47.349998,9277100,47.262903
2016-07-06,47.02,47.93,46.779999,47.650002,6827600,47.562354
2016-07-07,47.970001,49.060001,47.75,48.889999,9885000,48.800071
2016-07-08,49.41,51.09,49.220001,50.849998,12048300,50.756465
2016-07-11,51.580002,52.400002,51.52,52.02,11219400,51.924315
2016-07-12,52.599998,53.279999,51.939999,52.799999,10919000,52.702879
2016-07-13,52.900002,53.200001,52.700001,52.779999,8115100,52.682915
2016-07-14,53.060001,53.799999,52.619999,53.32,7922300,53.221923
2016-07-15,52.639999,52.939999,51.84,52.700001,10715400,52.603064
2016-07-18,53.349998,53.43,52.77,52.970001,6324800,52.872568
2016-07-19,52.939999,53.73,52.84,53.52,9566300,53.421556
2016-07-20,53.700001,54.509998,53.48,54.220001,7411500,54.120269
2016-07-21,54.099998,54.27,53.040001,53.220001,9032700,53.122108
2016-07-22,53.41,54.669998,53.02,54.669998,7894200,54.569438
2016-07-25,55,55.810001,54.759998,55.68,7813200,55.577583
2016-07-26,56.169998,56.919998,56.09,56.630001,12862700,56.525836
2016-07-27,57.119999,57.220001,55.720001,56.060001,11166900,55.956885
2016-07-28,56.189999,56.599998,56.009998,56.18,5547900,56.076663
2016-07-29,56.389999,57.25,55.380001,57.099998,10239700,56.994969
2016-08-01,57.34,57.549999,56.360001,56.73,7528000,56.62565
2016-08-02,57,57.029999,55.5,56.040001,7068700,55.936921
2016-08-03,55.970001,56.299999,55.66,56.189999,7495700,56.086643
2016-08-04,56.459999,57.490002,56.349998,57.23,6817800,57.124731
2016-08-05,57.889999,58.23,57.610001,58.200001,9289700,58.092948
2016-08-08,59,59.139999,58.119999,58.740002,7626600,58.631955
2016-08-09,59.029999,59.459999,58.740002,58.889999,9308600,58.781677
2016-08-10,59.41,59.5,58.32,58.509998,9393500,58.402375
2016-08-11,58.82,59.950001,58.700001,59.700001,17026600,59.590189
2016-08-12,61.900002,63.380001,60.630001,63.040001,35643600,62.924045
2016-08-15,63.110001,63.5,62.130001,62.98,14332600,62.864154
2016-08-16,62.889999,62.990002,62.41,62.599998,7191300,62.484852
2016-08-17,62.599998,62.740002,60.66,61.150002,14880300,61.037522
2016-08-18,61.060001,62.200001,60.82,62.099998,8292100,61.985772
2016-08-19,62.07,62.73,61.799999,62.259998,7289000,62.145477
2016-08-22,62.450001,62.610001,61.709999,62.52,6118700,62.405001
2016-08-23,63.040001,63.32,62.73,62.91,8494100,62.91
2016-08-24,63.130001,63.16,61.650002,61.939999,7461200,61.939999
2016-08-25,61.959999,61.990002,60.759998,61.529999,10150800,61.529999
2016-08-26,61.689999,62.380001,61.200001,62.029999,7500600,62.029999
2016-08-29,62.279999,62.529999,61.889999,61.990002,6866300,61.990002
2016-08-30,61.91,62.240002,61.459999,61.630001,7138600,61.630001
2016-08-31,61.75,61.919998,61.16,61.34,9713600,61.34
2016-09-01,61.389999,63.380001,61.34,63.150002,10712300,63.150002
2016-09-02,63.279999,63.349998,61.82,62.529999,8078700,62.529999
2016-09-06,62.75,63.119999,62.43,63.119999,7670300,63.119999
2016-09-07,62.919998,63.23,61.830002,62.189999,9949700,62.189999
2016-09-08,62.130001,62.740002,61.419998,62.639999,7895200,62.639999
2016-09-09,61.950001,62.299999,59,59.52,17444000,59.52
2016-09-12,58.73,60.869999,57.32,60.75,14956500,60.75
2016-09-13,60.599998,61.299999,59.529999,59.869999,11794200,59.869999
2016-09-14,60.009998,60.599998,59.509998,60.400002,7976200,60.400002
2016-09-15,60.5,62.759998,60.360001,62.689999,12880300,62.689999
2016-09-16,62.91,63.25,62.119999,62.84,22561100,62.84
2016-09-19,63.5,65.260002,63.209999,63.669998,10428200,63.669998
2016-09-20,64.400002,64.400002,62.740002,63.09,8277800,63.09
2016-09-21,63.279999,64.980003,63.27,64.860001,8405300,64.860001
2016-09-22,65.239998,65.440002,64.650002,65.019997,7718300,65.019997
2016-09-23,65.099998,65.290001,64.660004,64.949997,6903300,64.949997
2016-09-26,64.209999,64.599998,63.529999,64.339996,5751000,64.339996
2016-09-27,64.089996,66.639999,64.059998,66.540001,10068800,66.540001
2016-09-28,66.639999,66.830002,65.93,66.779999,7994700,66.779999
2016-09-29,66.669998,67.610001,66.050003,67.400002,8417100,67.400002
2016-09-30,67.769997,69.190002,67.370003,68.519997,10748300,68.519997
2016-10-03,68.519997,69.510002,68.330002,68.449997,6064900,68.449997
2016-10-04,68.550003,69.699997,67.790001,68.300003,7040600,68.300003
2016-10-05,68.879997,69.580002,68.019997,68.230003,7636000,68.230003
2016-10-06,67.410004,67.830002,66.260002,67.339996,9005300,67.339996
2016-10-07,67.790001,67.970001,66.660004,66.849998,7156500,66.849998
2016-10-10,67.199997,67.559998,66.470001,67.099998,7196900,67.099998
2016-10-11,66.879997,66.980003,65.620003,66.129997,9713500,66.129997
2016-10-12,65.860001,66.779999,65.309998,66.43,10498000,66.43
2016-10-13,65.650002,65.800003,63.700001,65.349998,9752900,65.349998
2016-10-14,66.150002,66.599998,65.599998,65.989998,8265900,65.989998
2016-10-17,65.980003,66.599998,65.519997,65.610001,4883200,65.610001
2016-10-18,66.519997,66.989998,66.25,66.610001,6734300,66.610001
2016-10-19,66.160004,66.779999,65.82,66.470001,4976500,66.470001
2016-10-20,67.25,67.949997,66.300003,67.730003,7802100,67.730003
2016-10-21,67.489998,67.660004,66.900002,67.540001,6987700,67.540001
2016-10-24,68,70.790001,67.989998,70.709999,8495900,70.709999
2016-10-25,70.589996,72.300003,70.25,71.870003,9936500,71.870003
2016-10-26,71.269997,72.949997,71.199997,72.160004,8344800,72.160004
2016-10-27,72.709999,72.849998,70.389999,70.68,9716600,70.68
2016-10-28,71.019997,72.099998,70.43,70.559998,7271400,70.559998
2016-10-31,70.790001,71.629997,70.75,71.160004,6309700,71.160004
2016-11-01,71.419998,71.809998,68.290001,69.050003,11830600,69.050003
2016-11-02,69.580002,70.519997,68.639999,68.760002,7396200,68.760002
2016-11-03,69.080002,69.139999,66.639999,67.959999,7724500,67.959999
2016-11-04,67.510002,68.730003,66.580002,67.57,8205000,67.57
2016-11-07,69.550003,71.720001,69.5,71.269997,12137800,71.269997
2016-11-08,71.540001,71.769997,70.5,71.160004,10717500,71.160004
2016-11-09,69.230003,70.900002,68.720001,69.959999,11398000,69.959999
2016-11-10,71.489998,71.5,66.760002,67.769997,21173100,67.769997
2016-11-11,79.510002,88.769997,78.5,87.970001,54335100,87.970001
2016-11-14,88.089996,88.190002,83.620003,83.639999,33702100,83.639999
2016-11-15,84.290001,87.449997,83.93,86.190002,15587300,86.190002
2016-11-16,87.339996,92.559998,86.349998,91.629997,24676400,91.629997
2016-11-17,92.309998,94.790001,90.650002,92.389999,20806000,92.389999
2016-11-18,92.389999,94.330002,91.800003,93.360001,14335300,93.360001
