Date,Open,High,Low,Close,Volume,AdjClose
2011-11-21,13.71,14.77,13.5,14.63,33269626,0
2011-11-22,14.79,15.16,14.7,15.08,32191345,0
2011-11-23,14.92,15.03,14.43,14.44,20633912,0
2011-11-25,14.25,14.58,14,14.04,10165406,0
2011-11-28,14.5,15.05,14.5,14.83,17265914,0
2011-11-29,14.81,15.1,14.67,14.91,15593537,0
2011-11-30,15.36,15.67,15.23,15.63,18259095,0
2011-12-01,15.5,15.86,15.43,15.82,13246874,0
2011-12-02,15.99,16.05,15.57,15.72,13662984,0
2011-12-05,15.98,16,15.35,15.48,16118161,0
2011-12-06,15.57,15.6,15.1,15.26,14345771,0
2011-12-07,15.16,15.28,14.85,15.17,12750900,0
2011-12-08,15.02,15.27,14.64,14.69,12288755,0
2011-12-09,14.58,15.02,14.38,14.9,13896485,0
2011-12-12,14.58,14.64,14.26,14.53,14333334,0
2011-12-13,14.72,14.9,14.04,14.13,12914883,0
2011-12-14,14.01,14.09,13.43,13.58,15901947,0
2011-12-15,13.81,13.9,13.43,13.46,10881738,0
2011-12-16,13.57,13.83,13.45,13.51,15479668,0
2011-12-19,13.57,13.73,13.11,13.16,11585844,0
2011-12-20,13.46,13.95,13.46,13.9,11138012,0
2011-12-21,13.82,13.97,13.45,13.72,13710540,0
2011-12-22,13.76,14.35,13.76,14.3,14416187,0
2011-12-23,14.38,14.4,14.05,14.17,6223688,0
2011-12-27,14.11,14.28,14.02,14.06,4893716,0
2011-12-28,14.06,14.09,13.7,13.71,5849109,0
2011-12-29,13.85,14,13.65,13.97,5277991,0
2011-12-30,13.92,14.07,13.84,13.86,4674082,0
2012-01-03,14.3,14.4,14.01,14.04,11703338,0
2012-01-04,14.05,14.26,13.92,14.2,8684216,0
2012-01-05,14.13,14.78,14.07,14.71,14089284,0
2012-01-06,14.7,14.71,14.37,14.54,13341151,0
2012-01-09,14.55,14.82,14.44,14.54,12708863,0
2012-01-10,14.76,14.77,14.38,14.48,13659484,0
2012-01-11,14.35,14.48,14.13,14.19,12108921,0
2012-01-12,14.22,14.23,13.79,14.1,16309571,0
2012-01-13,14,14.03,13.66,13.73,12609701,0
2012-01-17,13.94,13.94,13.5,13.52,15679825,0
2012-01-18,13.78,14.09,13.7,13.98,15823933,0
2012-01-19,14.1,14.37,13.95,14.35,15207925,0
2012-01-20,14.33,14.5,14.17,14.22,13656710,0
2012-01-23,14.23,14.62,14.05,14.61,14073674,0
2012-01-24,14.51,15,14.5,14.94,18273000,0
2012-01-25,14.54,14.89,14.12,14.85,31861141,0
2012-01-26,15.07,15.24,14.63,14.71,19995196,0
2012-01-27,14.62,14.99,14.5,14.91,11253705,0
2012-01-30,14.65,14.87,14.43,14.8,9976870,0
2012-01-31,14.84,14.85,14.51,14.77,8947428,0
2012-02-01,14.94,15.1,14.73,14.93,10700480,0
2012-02-02,15.01,15.55,14.86,15.48,17411491,0
2012-02-03,15.72,15.95,15.69,15.82,12388778,0
2012-02-06,15.74,15.76,15.56,15.7,6972667,0
2012-02-07,15.72,15.83,15.46,15.74,10257531,0
2012-02-08,15.74,16.62,15.66,16.31,21191229,0
2012-02-09,16.51,16.6,16.27,16.3,14050995,0
2012-02-10,16.14,16.2,15.81,15.9,11007217,0
2012-02-13,16.3,16.36,15.82,16.15,15272031,0
2012-02-14,16.15,16.38,16.01,16.24,11350467,0
2012-02-15,16.39,16.9,16.13,16.17,27771364,0
2012-02-16,15.06,16.58,15,16.45,47223210,0
2012-02-17,16.46,16.57,15.7,15.85,25512430,0
2012-02-21,15.84,16.32,15.81,15.92,12955217,0
2012-02-22,15.85,16.24,15.8,15.82,12312086,0
2012-02-23,15.85,16,15.6,15.91,8099102,0
2012-02-24,15.96,15.98,15.72,15.79,9167727,0
2012-02-27,15.59,15.66,15.24,15.47,18634252,0
2012-02-28,15.47,15.65,15.17,15.33,17498048,0
2012-02-29,15.38,15.64,15.14,15.15,17231357,0
2012-03-01,15.21,15.43,15.15,15.25,11249134,0
2012-03-02,15.2,15.6,15.2,15.38,17101859,0
2012-03-05,15.27,15.3,14.75,14.86,12877763,0
2012-03-06,14.69,14.81,14.46,14.72,11785700,0
2012-03-07,14.8,14.87,14.6,14.81,11049586,0
2012-03-08,14.85,15.01,14.77,14.86,10771486,0
2012-03-09,14.9,15.01,14.74,14.82,9195823,0
2012-03-12,14.88,14.98,14.55,14.58,7498730,0
2012-03-13,14.65,14.87,14.58,14.79,13838184,0
2012-03-14,14.79,14.82,14.32,14.36,18396991,0
2012-03-15,14.41,14.66,14.36,14.58,9564493,0
2012-03-16,14.59,14.66,14.51,14.6,10708843,0
2012-03-19,14.68,14.75,14.57,14.64,10135502,0
2012-03-20,14.56,14.56,14.27,14.4,11241227,0
2012-03-21,14.4,14.59,14.24,14.46,11696563,0
2012-03-22,14.35,14.56,14.31,14.44,10635444,0
2012-03-23,14.4,14.59,14.3,14.54,7886589,0
2012-03-26,14.69,14.79,14.55,14.72,7215483,0
2012-03-27,14.78,15,14.75,14.82,10507623,0
2012-03-28,15.01,15.36,14.9,15.16,22311982,0
2012-03-29,15.14,15.35,14.95,15.23,9317801,0
2012-03-30,15.36,15.49,15.14,15.4,13181903,0
2012-04-02,15.36,15.49,15.11,15.33,10194318,0
2012-04-03,15.44,15.46,15,15.08,10763020,0
2012-04-04,14.85,15.04,14.56,14.65,12398136,0
2012-04-05,14.67,14.85,14.58,14.63,9233270,0
2012-04-09,14.4,14.49,14.16,14.44,9137855,0
2012-04-10,14.38,14.58,14.09,14.16,11761581,0
2012-04-11,14.35,14.65,14.3,14.34,9324274,0
2012-04-12,14.36,14.76,14.3,14.68,9621629,0
2012-04-13,14.55,14.62,14.15,14.16,7783029,0
2012-04-16,14.26,14.3,13.76,13.99,11591106,0
2012-04-17,14.03,14.2,13.97,14.02,11519917,0
2012-04-18,13.93,14,13.7,13.87,10019076,0
2012-04-19,13.69,14.21,13.59,13.66,16682464,0
2012-04-20,13.74,13.78,13.36,13.39,12740924,0
2012-04-23,13.16,13.28,12.91,13.23,17656234,0
2012-04-24,13.27,13.38,12.75,12.82,18260959,0
2012-04-25,13.01,13.18,12.77,13.08,18178814,0
2012-04-26,13.07,13.2,12.98,13.09,13480351,0
2012-04-27,13.07,13.14,12.84,12.98,11883834,0
2012-04-30,12.91,13.07,12.82,13,6560297,0
2012-05-01,12.93,13.37,12.93,13.23,10220088,0
2012-05-02,13.18,13.23,12.78,12.85,17101239,0
2012-05-03,12.88,12.96,12.55,12.63,10489016,0
2012-05-04,12.55,12.62,12.26,12.26,13631042,0
2012-05-07,12.48,12.69,12.37,12.47,15110990,0
2012-05-08,12.36,12.54,12.14,12.46,11557988,0
2012-05-09,12.24,12.61,12.12,12.51,13017921,0
2012-05-10,12.63,12.65,12.22,12.42,14927203,0
2012-05-11,13.45,13.68,13.16,13.21,35884745,0
2012-05-14,13.1,13.33,12.83,13.13,10944415,0
2012-05-15,13.13,13.42,12.94,13,15000016,0
2012-05-16,13.02,13.17,12.7,12.74,11767073,0
2012-05-17,12.79,12.91,12.65,12.65,8385998,0
2012-05-18,12.68,12.74,12.02,12.08,14183399,0
2012-05-21,12.1,12.35,12.02,12.29,10408963,0
2012-05-22,12.28,12.3,11.96,12.14,10258486,0
2012-05-23,12.01,12.46,11.82,12.44,12395821,0
2012-05-24,12.51,12.53,12.02,12.11,13010829,0
2012-05-25,12.1,12.5,12.1,12.4,9793870,0
2012-05-29,12.6,12.8,12.55,12.72,7750437,0
2012-05-30,12.58,12.67,12.35,12.57,9494793,0
2012-05-31,12.57,12.62,12.27,12.43,8954822,0
2012-06-01,12.17,12.29,11.96,11.98,11027470,0
2012-06-04,12.04,12.11,11.63,11.73,10824315,0
2012-06-05,11.67,12.1,11.67,12.06,9130955,0
2012-06-06,12.16,12.42,12.07,12.39,9225138,0
2012-06-07,12.57,12.64,11.88,11.89,13171593,0
2012-06-08,11.93,12.16,11.91,12.12,9265131,0
2012-06-11,12.51,12.73,12.23,12.26,20980682,0
2012-06-12,12.4,12.63,12.38,12.51,12410242,0
2012-06-13,12.5,12.53,12.12,12.18,12370002,0
2012-06-14,12.16,12.26,11.91,12.03,14751544,0
2012-06-15,12.12,12.3,12.01,12.29,9637079,0
2012-06-18,12.2,12.5,12.1,12.4,7610565,0
2012-06-19,12.91,13.43,12.85,13.24,24014021,0
2012-06-20,13.37,13.7,13.29,13.45,24322181,0
2012-06-21,13.44,13.44,12.81,12.84,12912374,0
2012-06-22,13,13.15,12.82,13,21633941,0
2012-06-25,13.01,13.05,12.54,12.59,12365339,0
2012-06-26,12.66,12.82,12.48,12.73,10930186,0
2012-06-27,12.74,13.23,12.74,13.14,12655089,0
2012-06-28,13.02,13.32,12.91,13.24,13650998,0
2012-06-29,13.55,13.85,13.54,13.82,15414631,0
2012-07-02,13.89,13.9,13.34,13.44,14542420,0
2012-07-03,13.45,13.83,13.44,13.8,5483773,0
2012-07-05,13.71,13.77,13.45,13.66,7002927,0
2012-07-06,13.56,13.6,13.25,13.4,9568987,0
2012-07-09,13.32,13.38,13.11,13.22,7659746,0
2012-07-10,13.08,13.47,12.72,12.82,12800888,0
2012-07-11,12.86,13.02,12.55,12.61,12135658,0
2012-07-12,12.47,12.49,12.28,12.4,11803985,0
2012-07-13,12.41,12.62,12.33,12.56,8106829,0
2012-07-16,12.48,12.7,12.36,12.6,8362493,0
2012-07-17,12.64,12.71,12.16,12.37,11186970,0
2012-07-18,12.34,13.24,12.28,13.06,15403316,0
2012-07-19,13.15,13.36,13.06,13.18,10075900,0
2012-07-20,13.11,13.2,12.67,12.8,11276770,0
2012-07-23,12.47,13.07,12.33,12.98,11293530,0
2012-07-24,13,13.08,12.68,12.84,8779263,0
2012-07-25,12.8,13.22,12.74,13.09,10377037,0
2012-07-26,13.33,13.48,13.05,13.15,8461413,0
2012-07-27,13.2,13.52,13.1,13.48,9412868,0
2012-07-30,13.48,13.65,13.22,13.33,9088710,0
2012-07-31,13.33,13.73,13.31,13.54,9694627,0
2012-08-01,13.62,13.75,13.33,13.39,8397777,0
2012-08-02,13.32,13.64,13.1,13.44,9197768,0
2012-08-03,13.65,13.86,13.33,13.72,8163636,0
2012-08-06,13.85,14.08,13.83,14.01,9011753,0
2012-08-07,14.18,14.3,14.07,14.15,10185456,0
2012-08-08,14.14,14.38,14.1,14.23,12934189,0
2012-08-09,14.25,14.74,14.23,14.71,20557490,0
2012-08-10,15.1,15.22,14.43,14.62,31971799,0
2012-08-13,14.64,14.82,14.58,14.81,11182924,0
2012-08-14,14.86,14.88,14.53,14.59,9724901,0
2012-08-15,14.64,14.76,14.4,14.48,14860411,0
2012-08-16,14.61,14.82,14.56,14.78,9278652,0
2012-08-17,14.78,14.78,14.52,14.65,7748035,0
2012-08-20,14.6,14.67,14.43,14.65,7866227,0
2012-08-21,14.7,14.79,14.46,14.61,8506158,0
2012-08-22,14.52,14.7,14.47,14.64,7839785,0
2012-08-23,14.61,14.62,14.25,14.3,9480902,0
2012-08-24,14.31,14.67,14.28,14.6,8693058,0
2012-08-27,14.59,14.63,14.34,14.35,8523654,0
2012-08-28,14.24,14.43,14.21,14.29,7769831,0
2012-08-29,14.28,14.41,14.25,14.32,6261160,0
2012-08-30,14.29,14.34,13.98,14.05,7687782,0
2012-08-31,14.15,14.25,13.89,14.03,12126789,0
2012-09-04,13.8,13.85,13.15,13.28,17362198,0
2012-09-05,13.33,13.52,13.18,13.32,12006333,0
2012-09-06,13.42,14.09,13.41,13.73,16434017,0
2012-09-07,13.38,13.49,12.95,13.4,19528350,0
2012-09-10,13.37,13.56,13.25,13.28,9278413,0
2012-09-11,13.27,13.65,13.22,13.44,9573195,0
2012-09-12,13.55,13.66,13.42,13.59,8065236,0
2012-09-13,13.71,13.76,13.42,13.68,10849542,0
2012-09-14,13.67,14.08,13.67,13.84,8486696,0
2012-09-17,13.87,13.87,13.31,13.46,12334061,0
2012-09-18,13.31,13.71,13.3,13.55,9000171,0
2012-09-19,13.58,13.9,13.42,13.71,11299397,0
2012-09-20,13.68,13.75,13.5,13.61,8015174,0
2012-09-21,13.63,13.75,13.58,13.66,8503353,0
2012-09-24,13.45,13.68,13.42,13.66,8946789,0
2012-09-25,13.84,13.9,13.39,13.41,12038580,0
2012-09-26,13.36,13.36,13.02,13.18,10920348,0
2012-09-27,13.21,13.3,13.1,13.28,13972284,0
2012-09-28,13.22,13.53,13.04,13.34,12138027,0
2012-10-01,13.4,13.48,13.07,13.12,12605884,0
2012-10-02,13.21,13.21,13.02,13.17,7387224,0
2012-10-03,13.2,13.24,12.97,13.04,10771823,0
2012-10-04,13.07,13.7,13,13.62,12565356,0
2012-10-05,13.66,13.8,13.25,13.3,12076617,0
2012-10-08,13.25,13.31,13.07,13.17,6014833,0
2012-10-09,13.15,13.19,12.85,12.89,9159497,0
2012-10-10,12.83,12.89,12.62,12.67,8164193,0
2012-10-11,12.79,12.83,12.64,12.74,8013936,0
2012-10-12,12.65,12.75,12.55,12.63,6517305,0
2012-10-15,12.65,12.8,12.5,12.79,6239431,0
2012-10-16,12.9,13.2,12.78,13.16,9193928,0
2012-10-17,13,13.12,12.87,13.06,9793764,0
2012-10-18,13.03,13.03,12.8,12.86,6369380,0
2012-10-19,12.67,12.76,12.04,12.1,17744210,0
2012-10-22,12.16,12.23,11.87,11.97,12021439,0
2012-10-23,11.86,12.41,11.83,12.33,14349047,0
2012-10-24,12.41,12.46,12.05,12.17,8322808,0
2012-10-25,12.27,12.4,12.13,12.18,7683905,0
2012-10-26,12.2,12.27,12.05,12.05,9734562,0
2012-10-31,12.1,12.2,11.95,11.98,8677795,0
2012-11-01,12.04,12.56,12.03,12.55,11830946,0
2012-11-02,12.68,12.7,12.41,12.49,6417489,0
2012-11-05,12.46,13.07,12.46,13.02,11120961,0
2012-11-06,13.05,13.05,12.79,13.01,8770095,0
2012-11-07,12.91,12.99,12.55,12.61,8115404,0
2012-11-08,12.75,13.08,12.65,12.68,20975536,0
2012-11-09,12.75,12.9,12.15,12.19,21158059,0
2012-11-12,12.21,12.26,11.8,11.92,16093161,0
2012-11-13,11.86,12.13,11.82,11.83,12303131,0
2012-11-14,11.9,12.02,11.53,11.54,15485075,0
2012-11-15,11.61,11.91,11.51,11.59,11668667,0
2012-11-16,11.59,11.63,11.15,11.38,15614781,0
2012-11-19,11.59,11.74,11.45,11.7,10103195,0
2012-11-20,11.58,11.63,11.37,11.49,8426083,0
2012-11-21,11.49,11.85,11.48,11.82,10557765,0
2012-11-23,11.87,12.04,11.8,11.9,6923263,0
2012-11-26,11.92,12.14,11.9,12.1,9115275,0
2012-11-27,12.06,12.34,11.96,12.16,11285052,0
2012-11-28,12.11,12.32,11.96,12.26,9958875,0
2012-11-29,12.28,12.34,12,12.04,12217380,0
2012-11-30,12.03,12.12,11.9,11.97,11513183,0
2012-12-03,12.12,12.12,11.72,11.75,9785403,0
2012-12-04,11.77,12.12,11.7,12.1,13203149,0
2012-12-05,12,12.08,11.79,11.96,15826514,0
2012-12-06,11.93,12.06,11.88,11.98,10322315,0
2012-12-07,11.99,12.05,11.82,11.96,8457440,0
2012-12-10,11.96,12.45,11.93,12.36,12841793,0
2012-12-11,12.4,12.81,12.37,12.65,20418604,0
2012-12-12,12.69,12.76,12.47,12.52,9985099,0
2012-12-13,12.5,12.77,12.41,12.53,9444022,0
2012-12-14,12.58,12.72,12.49,12.59,8466491,0
2012-12-17,12.56,12.63,12.35,12.54,11131512,0
2012-12-18,12.54,12.7,12.5,12.56,10411922,0
2012-12-19,12.65,12.8,12.6,12.65,11463801,0
2012-12-20,12.7,12.71,12.5,12.64,8358284,0
2012-12-21,12.47,12.47,12.21,12.35,11555217,0
2012-12-24,12.34,12.38,12.21,12.25,3188164,0
2012-12-26,12.22,12.42,12.19,12.24,4920023,0
2012-12-27,12.26,12.28,12.02,12.16,7495030,0
2012-12-28,12.05,12.29,12.03,12.1,5514978,0
2012-12-31,12.06,12.31,12.03,12.26,8167549,0
2013-01-02,12.56,12.73,12.51,12.72,11971086,0
2013-01-03,12.72,12.87,12.58,12.73,7472170,0
2013-01-04,12.75,13.19,12.71,13.15,13126573,0
2013-01-07,13.14,13.18,12.68,12.77,15271979,0
2013-01-08,12.8,12.84,12.4,12.49,11660601,0
2013-01-09,12.59,12.65,12.13,12.21,17378194,0
2013-01-10,12.32,12.38,12.16,12.23,12659713,0
2013-01-11,12.28,12.29,12.09,12.21,12830356,0
2013-01-14,12.29,12.29,12.06,12.2,7642898,0
2013-01-15,12.14,12.14,11.91,11.98,9398987,0
2013-01-16,11.96,12.19,11.96,12.09,8434492,0
2013-01-17,12.13,12.3,12.1,12.25,14521240,0
2013-01-18,12.25,12.25,12.02,12.17,9927631,0
2013-01-22,12.16,12.27,12.05,12.11,7705529,0
2013-01-23,12.15,12.16,12,12.13,10550723,0
2013-01-24,12.09,12.24,12.03,12.19,9927094,0
2013-01-25,12.21,12.42,12.15,12.41,9847955,0
2013-01-28,12.47,12.69,12.44,12.61,10562206,0
2013-01-29,12.56,12.59,12.29,12.34,9726200,0
2013-01-30,12.35,12.52,12.28,12.32,7190518,0
2013-01-31,12.32,12.46,12.18,12.26,11766209,0
2013-02-01,12.36,12.41,12.26,12.37,7220623,0
2013-02-04,12.3,12.55,12.15,12.16,12794096,0
2013-02-05,12.22,12.51,12.18,12.44,9183706,0
2013-02-06,12.14,12.44,12.07,12.34,13270448,0
2013-02-07,12.3,12.4,12.17,12.29,11004032,0
2013-02-08,12.37,12.47,12.29,12.37,7681286,0
2013-02-11,12.47,12.64,12.35,12.51,10207999,0
2013-02-12,12.4,12.56,12.38,12.43,6945765,0
2013-02-13,12.44,12.66,12.33,12.37,21409819,0
2013-02-14,12.2,12.74,12.05,12.73,22051335,0
2013-02-15,12.7,12.79,12.45,12.73,18346864,0
2013-02-19,12.74,12.75,12.48,12.56,10838822,0
2013-02-20,12.6,12.8,12.34,12.38,17826467,0
2013-02-21,12.36,12.5,12.26,12.29,14510133,0
2013-02-22,12.37,12.53,12.3,12.52,9253663,0
2013-02-25,12.55,12.65,12.28,12.3,16111033,0
2013-02-26,12.25,12.44,12.21,12.37,12187603,0
2013-02-27,12.37,12.69,12.34,12.6,11924412,0
2013-02-28,12.56,12.85,12.51,12.66,14784838,0
2013-03-01,12.57,12.75,12.46,12.71,9734824,0
2013-03-04,12.62,12.78,12.52,12.66,8842214,0
2013-03-05,12.73,12.82,12.66,12.8,9154994,0
2013-03-06,12.88,13,12.73,12.79,8573183,0
2013-03-07,12.86,12.99,12.69,12.76,7875550,0
2013-03-08,12.79,12.88,12.73,12.82,6162082,0
2013-03-11,12.69,12.75,12.59,12.7,7493637,0
2013-03-12,12.68,12.78,12.56,12.74,7771397,0
2013-03-13,12.74,12.96,12.62,12.74,12145998,0
2013-03-14,12.82,12.86,12.67,12.75,9582541,0
2013-03-15,12.75,12.75,12.59,12.64,8894808,0
2013-03-18,12.56,12.67,12.46,12.55,7457792,0
2013-03-19,12.56,12.62,12.38,12.47,8886910,0
2013-03-20,12.59,12.66,12.48,12.62,8514701,0
2013-03-21,12.55,12.57,12.4,12.42,8475952,0
2013-03-22,12.46,12.53,12.41,12.48,5811849,0
2013-03-25,12.55,12.56,12.32,12.41,9052001,0
2013-03-26,12.44,12.51,12.39,12.5,5814096,0
2013-03-27,12.45,12.72,12.42,12.65,6373761,0
2013-03-28,12.62,12.84,12.53,12.83,8731828,0
2013-04-01,12.8,12.8,12.32,12.41,11070735,0
2013-04-02,12.42,12.45,12.2,12.28,9288174,0
2013-04-03,12.26,12.33,12.04,12.13,8828846,0
2013-04-04,12.09,12.29,12.05,12.24,7368250,0
2013-04-05,12.07,12.46,12.04,12.46,13783874,0
2013-04-08,12.47,12.47,12.2,12.43,8166419,0
2013-04-09,12.44,12.72,12.35,12.63,9514723,0
2013-04-10,12.64,12.85,12.61,12.83,9617104,0
2013-04-11,12.65,12.85,12.3,12.77,24230658,0
2013-04-12,12.83,13.23,12.72,13.09,19264253,0
2013-04-15,13.05,13.09,12.74,12.82,10761667,0
2013-04-16,12.94,13.05,12.87,12.96,11721127,0
2013-04-17,12.86,12.98,12.71,12.78,13325330,0
2013-04-18,12.82,12.9,12.54,12.54,10063689,0
2013-04-19,12.53,12.6,12.37,12.57,7575797,0
2013-04-22,12.56,12.7,12.46,12.59,6139119,0
2013-04-23,12.7,13.05,12.68,12.92,9425441,0
2013-04-24,12.96,13.47,12.95,13.36,13914793,0
2013-04-25,13.43,13.5,13.31,13.47,8830661,0
2013-04-26,13.45,13.47,13.34,13.41,8108769,0
2013-04-29,13.43,13.62,13.37,13.57,6742750,0
2013-04-30,13.6,13.77,13.51,13.77,6917879,0
2013-05-01,13.77,13.86,13.6,13.65,8532822,0
2013-05-02,13.64,13.85,13.56,13.81,8087250,0
2013-05-03,13.9,13.97,13.82,13.87,7346592,0
2013-05-06,13.87,13.94,13.75,13.83,5428397,0
2013-05-07,13.83,13.86,13.52,13.65,11201659,0
2013-05-08,13.67,13.98,13.62,13.9,8352538,0
2013-05-09,13.65,13.97,13.63,13.91,14169966,0
2013-05-10,14.2,14.6,14.2,14.54,21531492,0
2013-05-13,14.44,14.5,14.18,14.24,7251447,0
2013-05-14,14.41,14.57,14.26,14.45,11353420,0
2013-05-15,14.38,14.75,14.38,14.7,7830501,0
2013-05-16,14.68,14.83,14.58,14.63,7709263,0
2013-05-17,14.7,14.97,14.59,14.87,7803782,0
2013-05-20,14.81,14.9,14.76,14.84,5909473,0
2013-05-21,14.85,14.98,14.68,14.92,8945056,0
2013-05-22,14.98,14.98,14.34,14.4,12010137,0
2013-05-23,14.23,14.68,14.19,14.63,9847057,0
2013-05-24,14.55,14.67,14.38,14.54,7082532,0
2013-05-28,14.65,14.69,14.39,14.53,6982413,0
2013-05-29,14.44,14.53,14.38,14.44,8376206,0
2013-05-30,14.42,14.78,14.38,14.63,7113002,0
2013-05-31,14.55,14.76,14.47,14.47,14437943,0
2013-06-03,14.49,14.6,14.15,14.45,11112022,0
2013-06-04,14.54,14.8,14.38,14.47,9091806,0
2013-06-05,14.45,14.56,14.12,14.16,11613447,0
2013-06-06,14.16,14.36,14.15,14.25,8527089,0
2013-06-07,14.35,14.54,14.29,14.44,6864547,0
2013-06-10,14.41,14.53,14.33,14.44,5603927,0
2013-06-11,14.25,14.45,14.17,14.17,7392782,0
2013-06-12,14.24,14.36,13.97,14.05,7814620,0
2013-06-13,14,14.44,13.99,14.37,5907541,0
2013-06-14,14.42,14.44,14.25,14.35,5896827,0
2013-06-17,14.46,14.62,14.38,14.49,6383306,0
2013-06-18,14.56,14.72,14.28,14.4,12169286,0
2013-06-19,14.53,15.48,14.48,14.84,28993271,0
2013-06-20,14.72,14.74,14.34,14.44,15717345,0
2013-06-21,14.52,14.57,14.18,14.42,17856555,0
2013-06-24,14.21,14.39,13.91,14.12,14519268,0
2013-06-25,14.27,14.3,14.07,14.22,11435291,0
2013-06-26,14.38,14.4,14.08,14.14,14495415,0
2013-06-27,14.18,14.2,13.86,14.01,20200844,0
2013-06-28,14.01,14.18,13.83,14.04,10788354,0
2013-07-01,14.14,14.17,14.01,14.1,4988089,0
2013-07-02,14.02,14.3,13.96,14.09,6409772,0
2013-07-03,13.97,14.3,13.97,14.13,3509626,0
2013-07-05,14.17,14.27,14.08,14.24,4617403,0
2013-07-08,14.28,14.35,14.09,14.16,6552091,0
2013-07-09,14.2,14.33,14.16,14.24,3934067,0
2013-07-10,14.24,14.47,14.2,14.43,5207831,0
2013-07-11,14.51,14.65,14.48,14.63,5996054,0
2013-07-12,14.6,14.78,14.55,14.64,5408977,0
2013-07-15,14.67,14.67,14.38,14.61,5033274,0
2013-07-16,14.67,14.77,14.6,14.69,4064174,0
2013-07-17,14.69,14.74,14.57,14.61,4155387,0
2013-07-18,14.59,14.64,14.36,14.55,8614356,0
2013-07-19,14.46,14.53,14.09,14.24,12013513,0
2013-07-22,14.35,14.48,14.17,14.23,7309815,0
2013-07-23,14.41,14.41,14.14,14.21,6169787,0
2013-07-24,14.34,14.38,14.19,14.21,7106268,0
2013-07-25,14.2,14.44,14.1,14.26,6082933,0
2013-07-26,14.09,14.28,14.09,14.2,5683999,0
2013-07-29,14.17,14.35,14.13,14.17,4488482,0
2013-07-30,14.22,14.6,14.21,14.41,6652862,0
2013-07-31,14.34,14.58,14.33,14.44,6753993,0
2013-08-01,14.49,14.67,14.32,14.64,6941130,0
2013-08-02,14.61,14.79,14.51,14.76,5240677,0
2013-08-05,14.72,14.88,14.64,14.83,4630214,0
2013-08-06,14.84,14.87,14.58,14.61,5165229,0
2013-08-07,14.53,14.75,14.52,14.6,6113208,0
2013-08-08,14.68,14.76,14.51,14.7,8642385,0
2013-08-09,14.12,14.71,14.11,14.49,22655840,0
2013-08-12,13.9,14.58,13.11,14.37,6439163,0
2013-08-13,14.39,14.48,14.3,14.42,4941955,0
2013-08-14,14.39,15.12,14.38,15.03,20720008,0
2013-08-15,14.87,15.25,14.81,15.12,18090389,0
2013-08-16,15.1,15.4,15.07,15.19,16511365,0
2013-08-19,15.1,15.15,14.94,14.95,9835807,0
2013-08-20,14.87,15.05,14.85,14.95,5855371,0
2013-08-21,14.86,15.05,14.82,14.88,6538724,0
2013-08-22,14.87,15.1,14.87,14.96,3227500,0
2013-08-23,14.98,15.1,14.93,14.96,6131833,0
2013-08-26,14.97,15.03,14.93,15,7508270,0
2013-08-27,14.85,14.95,14.75,14.8,6936522,0
2013-08-28,14.83,14.94,14.74,14.8,7970607,0
2013-08-29,14.75,14.91,14.71,14.77,6905449,0
2013-08-30,14.78,14.82,14.68,14.75,9452989,0
2013-09-03,14.79,14.97,14.67,14.76,7117050,0
2013-09-04,14.76,14.99,14.74,14.9,5552697,0
2013-09-05,14.84,15,14.83,14.94,4372531,0
2013-09-06,14.95,15.03,14.76,14.88,5669014,0
2013-09-09,15,15.13,14.96,15.12,6161361,0
2013-09-10,15.24,15.46,15.17,15.45,7306074,0
2013-09-11,15.43,15.75,15.32,15.71,9902444,0
2013-09-12,15.63,15.9,15.63,15.7,7595431,0
2013-09-13,15.75,15.87,15.64,15.8,3992418,0
2013-09-16,15.93,16.04,15.75,15.81,5889358,0
2013-09-17,15.87,15.99,15.8,15.86,4215683,0
2013-09-18,15.87,16.04,15.79,16,6704342,0
2013-09-19,16.07,16.1,15.86,15.92,5689280,0
2013-09-20,15.97,16.07,15.76,15.8,8900837,0
2013-09-23,15.78,15.91,15.55,15.64,6781230,0
2013-09-24,15.65,15.76,15.56,15.7,5743258,0
2013-09-25,15.67,15.84,15.6,15.72,5834375,0
2013-09-26,15.76,15.79,15.58,15.67,3720367,0
2013-09-27,15.55,15.68,15.49,15.58,3798276,0
2013-09-30,15.42,15.67,15.33,15.56,5669161,0
2013-10-01,15.58,15.66,15.46,15.55,5677401,0
2013-10-02,15.39,15.6,15.39,15.54,4050894,0
2013-10-03,15.55,15.69,15.3,15.38,10919158,0
2013-10-04,15.36,15.72,15.32,15.59,6155722,0
2013-10-07,15.53,15.7,15.45,15.59,4248798,0
2013-10-08,15.55,15.77,15.34,15.46,7267994,0
2013-10-09,15.56,15.57,15.14,15.22,6896549,0
2013-10-10,15.33,15.43,15.22,15.38,5587344,0
2013-10-11,15.15,15.34,15.1,15.26,5342613,0
2013-10-14,15.22,15.49,15.22,15.49,4165705,0
2013-10-15,15.49,15.58,15.4,15.41,5221695,0
2013-10-16,15.5,15.66,15.48,15.6,5251781,0
2013-10-17,15.48,15.67,15.48,15.63,5333061,0
2013-10-18,15.6,15.86,15.54,15.81,6376653,0
2013-10-21,16,16.01,15.8,15.85,4875242,0
2013-10-22,15.85,15.86,15.63,15.77,4486650,0
2013-10-23,15.74,15.74,15.45,15.5,6305779,0
2013-10-24,15.54,15.64,15.36,15.38,5910900,0
2013-10-25,15.47,15.48,15.19,15.24,8262549,0
2013-10-28,15.22,15.29,15,15.21,9850566,0
2013-10-29,15.19,15.26,15.05,15.23,9698815,0
2013-10-30,15.28,15.35,15.09,15.22,5100763,0
2013-10-31,15.24,15.35,15.16,15.19,7334228,0
2013-11-01,15.27,15.33,15.15,15.26,5153427,0
2013-11-04,15.31,15.31,14.79,14.82,10257119,0
2013-11-05,14.73,14.86,14.57,14.8,10559379,0
2013-11-06,14.8,14.91,14.65,14.9,4951107,0
2013-11-07,14.85,14.89,14.52,14.54,13826909,0
2013-11-08,15,15.61,14.94,15.56,18364379,0
2013-11-11,15.5,15.73,15.47,15.69,7442225,0
2013-11-12,15.76,15.85,15.54,15.72,7901138,0
2013-11-13,15.68,16.15,15.65,16.15,8319942,0
2013-11-14,16.1,16.32,16.09,16.22,7699506,0
2013-11-15,16.28,16.3,16.01,16.17,11258291,0
2013-11-18,15.82,15.96,15.74,15.78,7924864,0
2013-11-19,15.62,15.76,15.42,15.44,5167934,0
2013-11-20,15.45,15.49,15.18,15.21,5119353,0
2013-11-21,15.23,15.36,15.16,15.33,5339156,0
2013-11-22,15.35,15.35,15.15,15.18,3966684,0
2013-11-25,15.18,15.53,15.18,15.51,6205194,0
2013-11-26,15.68,15.8,15.58,15.64,18830379,0
2013-11-27,15.63,15.74,15.53,15.7,4531837,0
2013-11-29,15.7,15.74,15.5,15.6,2924092,0
2013-12-02,15.54,15.86,15.51,15.75,9346848,0
2013-12-03,15.75,15.96,15.64,15.74,7264021,0
2013-12-04,15.7,15.99,15.66,15.96,12329427,0
2013-12-05,15.99,15.99,15.68,15.7,6795314,0
2013-12-06,15.89,15.89,15.43,15.47,7025014,0
2013-12-09,15.45,15.52,15.18,15.2,9632780,0
2013-12-10,15.21,15.63,15.19,15.56,13106821,0
2013-12-11,15.59,15.61,15.38,15.41,10353895,0
2013-12-12,15.38,15.44,15.08,15.11,6468071,0
2013-12-13,15.14,15.25,15,15.02,4614824,0
2013-12-16,15.06,15.17,15.02,15.04,5944503,0
2013-12-17,15.03,15.15,14.9,15.11,6856787,0
2013-12-18,15.14,15.35,14.95,15.32,10655787,0
2013-12-19,15.3,15.4,15.2,15.38,6465532,0
2013-12-20,15.43,15.7,15.37,15.68,9552017,0
2013-12-23,15.78,15.91,15.65,15.78,4214188,0
2013-12-24,15.87,15.87,15.66,15.82,1990034,0
2013-12-26,15.88,15.92,15.63,15.67,4223004,0
2013-12-27,15.75,15.79,15.66,15.76,5274425,0
2013-12-30,15.77,15.98,15.75,15.97,6205267,0
2013-12-31,16,16.1,15.9,16.02,5894631,0
2014-01-02,15.92,15.98,15.72,15.86,6502296,0
2014-01-03,15.89,15.92,15.62,15.67,6483288,0
2014-01-06,15.83,16,15.68,15.88,10237417,0
2014-01-07,16.04,16.2,15.92,16.14,8332170,0
2014-01-08,16.2,16.44,16.14,16.36,7704980,0
2014-01-09,16.11,16.14,15.7,15.75,7305079,0
2014-01-10,15.8,15.91,15.59,15.73,5462334,0
2014-01-13,15.73,15.82,15.33,15.36,6083299,0
2014-01-14,15.44,15.87,15.37,15.84,6045663,0
2014-01-15,15.91,16.06,15.84,16.01,4376071,0
2014-01-16,16.01,16.09,15.94,16.06,5516399,0
2014-01-17,16.06,16.25,15.89,15.99,8510019,0
2014-01-21,16.01,16.15,15.88,16.05,6151916,0
2014-01-22,16.08,16.1,15.84,16.03,8448495,0
2014-01-23,15.98,16.15,15.85,15.97,4625672,0
2014-01-24,15.84,15.9,15.56,15.56,6206187,0
2014-01-27,15.56,15.78,15.37,15.46,5845310,0
2014-01-28,15.43,15.62,15.37,15.61,4199851,0
2014-01-29,15.55,15.64,15.45,15.46,3963038,0
2014-01-30,15.55,15.75,15.5,15.72,5072356,0
2014-01-31,15.5,15.79,15.49,15.7,8383660,0
2014-02-03,15.81,15.83,15.43,15.49,10793190,0
2014-02-04,15.48,15.61,15.4,15.58,7017337,0
2014-02-05,15.47,15.52,15.32,15.44,5366932,0
2014-02-06,15.46,15.68,15.44,15.64,4209541,0
2014-02-07,15.68,15.89,15.54,15.87,3934156,0
2014-02-10,15.85,16.13,15.84,15.92,8109337,0
2014-02-11,16.01,16.29,15.93,16.25,5887273,0
2014-02-12,16.3,16.95,16.3,16.83,18640751,0
2014-02-13,17.25,17.46,16.95,17.36,22572405,0
2014-02-14,17.2,17.95,17.19,17.91,20442453,0
2014-02-18,17.92,17.98,17.75,17.9,10727375,0
2014-02-19,17.9,18.3,17.82,18.14,11261515,0
2014-02-20,18.18,18.82,18.15,18.78,9952295,0
2014-02-21,18.75,18.99,18.52,18.64,11276326,0
2014-02-24,18.6,19.05,18.43,18.91,10081460,0
2014-02-25,18.8,18.88,18.54,18.74,6063033,0
2014-02-26,18.7,18.98,18.65,18.71,9022436,0
2014-02-27,18.71,18.9,18.45,18.5,9721168,0
2014-02-28,18.4,18.58,18.11,18.38,8042268,0
2014-03-03,17.97,18.29,17.81,18.29,9398673,0
2014-03-04,18.38,18.6,18.35,18.48,6512928,0
2014-03-05,18.46,18.65,18.38,18.64,6037348,0
2014-03-06,18.67,18.77,18.35,18.38,7253593,0
2014-03-07,18.46,18.49,18.22,18.36,6711381,0
2014-03-10,18.3,18.38,18.01,18.09,7522349,0
2014-03-11,18.18,18.43,18.12,18.27,7433477,0
2014-03-12,18.18,18.43,18.11,18.32,5988435,0
2014-03-13,18.36,18.43,17.65,17.74,9629303,0
2014-03-14,17.56,17.98,17.56,17.82,11501151,0
2014-03-17,17.87,18,17.8,17.82,7492810,0
2014-03-18,17.89,18.36,17.81,18.24,7347616,0
2014-03-19,18.38,18.91,18.33,18.56,9154164,0
2014-03-20,18.46,18.73,18.38,18.57,4795035,0
2014-03-21,18.73,18.88,18.44,18.54,14152926,0
2014-03-24,18.55,18.7,18.18,18.45,7652386,0
2014-03-25,18.65,18.67,18.31,18.45,7610605,0
2014-03-26,18.62,18.97,17.87,18.03,13944439,0
2014-03-27,17.99,18.14,17.58,17.79,13518378,0
2014-03-28,17.76,18.01,17.71,17.9,9970737,0
2014-03-31,17.93,18.09,17.8,17.91,6835058,0
2014-04-01,18.48,18.87,18.26,18.65,16408058,0
2014-04-02,18.65,18.69,18.45,18.53,5998666,0
2014-04-03,18.57,19.18,18.56,18.73,14991601,0
2014-04-04,18.83,18.94,18.06,18.15,9200826,0
2014-04-07,18.16,18.56,18.06,18.21,10714407,0
2014-04-08,18.21,18.91,18.18,18.86,11767342,0
2014-04-09,18.95,19.11,18.69,18.84,10549192,0
2014-04-10,18.76,19.02,18.32,18.38,9321880,0
2014-04-11,18.24,18.52,17.88,18.12,8827791,0
2014-04-14,18.24,18.39,18.12,18.32,7254648,0
2014-04-15,18.34,18.55,18.16,18.45,7615921,0
2014-04-16,18.54,18.56,18.26,18.49,5878433,0
2014-04-17,18.42,18.73,18.38,18.56,3838325,0
2014-04-21,18.57,18.76,18.45,18.71,2925085,0
2014-04-22,18.74,18.99,18.64,18.87,6379060,0
2014-04-23,18.9,19.14,18.87,19.09,6539608,0
2014-04-24,19.22,19.46,19.22,19.26,9787503,0
2014-04-25,19.22,19.4,18.69,18.73,7840012,0
2014-04-28,18.88,18.98,18.42,18.65,5669699,0
2014-04-29,18.72,18.76,18.48,18.69,4282994,0
2014-04-30,18.66,18.68,18.43,18.47,7644474,0
2014-05-01,18.75,18.79,18.42,18.57,4952689,0
2014-05-02,18.66,18.66,18.32,18.43,3909378,0
2014-05-05,18.41,18.77,18.39,18.63,5981457,0
2014-05-06,18.81,18.97,18.2,18.25,10404742,0
2014-05-07,18.25,18.42,18.07,18.28,7350440,0
2014-05-08,18.2,18.79,18.11,18.5,10818490,0
2014-05-09,17.94,18.11,17.71,18.05,13488260,0
2014-05-12,18.09,18.62,18.08,18.58,7496353,0
2014-05-13,18.33,18.63,18.22,18.28,5527597,0
2014-05-14,18.29,18.36,18.09,18.1,5358034,0
2014-05-15,18.06,18.16,17.82,18,8147862,0
2014-05-16,17.86,18.09,17.86,17.96,7098958,0
2014-05-19,18.15,18.64,18.07,18.54,9002026,0
2014-05-20,18.46,18.51,18.15,18.24,6405005,0
2014-05-21,18.31,18.46,18.12,18.24,5417775,0
2014-05-22,18.2,18.42,18.2,18.32,3259588,0
2014-05-23,18.42,18.58,18.31,18.49,4566438,0
2014-05-27,18.6,18.82,18.54,18.82,5242005,0
2014-05-28,18.89,19.1,18.71,18.98,5617852,0
2014-05-29,18.97,19.13,18.91,18.95,4297080,0
2014-05-30,18.95,19.05,18.85,19,5977913,0
2014-06-02,19.06,19.18,18.78,18.94,4537471,0
2014-06-03,18.98,19,18.61,18.86,6080259,0
2014-06-04,18.81,19.02,18.8,18.88,4030858,0
2014-06-05,18.91,19.02,18.8,18.96,4717374,0
2014-06-06,19.05,19.2,18.98,19.03,4026269,0
2014-06-09,19.01,19.23,18.88,19.05,6186356,0
2014-06-10,18.98,19.24,18.9,19.15,5440162,0
2014-06-11,19.08,19.44,19.08,19.4,6655773,0
2014-06-12,19.4,19.61,19.23,19.52,8429047,0
2014-06-13,19.72,19.73,19.35,19.54,5696281,0
2014-06-16,19.45,19.61,19.31,19.48,4965472,0
2014-06-17,19.5,19.69,19.4,19.61,3940353,0
2014-06-18,19.56,19.68,19.38,19.59,5388381,0
2014-06-19,19.23,19.33,19,19.14,11864822,0
2014-06-20,19.19,19.26,18.78,18.93,8828658,0
2014-06-23,18.68,18.72,18.46,18.71,10355032,0
2014-06-24,18.68,18.83,18.34,18.42,6894480,0
2014-06-25,18.47,18.62,18.3,18.61,5385489,0
2014-06-26,18.61,18.62,18.3,18.36,6422671,0
2014-06-27,18.34,18.49,18.23,18.38,7570516,0
2014-06-30,18.31,18.59,18.31,18.54,4514184,0
2014-07-01,18.52,18.86,18.46,18.75,8029625,0
2014-07-02,18.68,18.76,18.57,18.68,4482096,0
2014-07-03,18.51,18.9,18.51,18.85,3422256,0
2014-07-07,18.88,18.89,18.67,18.7,3187483,0
2014-07-08,18.65,18.73,18.37,18.55,5550035,0
2014-07-09,18.71,19.19,18.57,19.11,9691765,0
2014-07-10,18.75,19.09,18.6,19,6657739,0
2014-07-11,19.03,19.11,18.96,19.05,4780418,0
2014-07-14,19.13,19.34,19.06,19.29,6815867,0
2014-07-15,19.32,19.42,19.19,19.37,9885981,0
2014-07-16,19.45,19.6,19.24,19.35,7993210,0
2014-07-17,19.13,19.5,19.13,19.3,8122920,0
2014-07-18,18.9,19.05,18.41,18.44,14196417,0
2014-07-21,18.37,18.68,18.37,18.55,6084223,0
2014-07-22,18.69,18.79,18.43,18.47,7470420,0
2014-07-23,18.48,18.49,18.06,18.08,7433795,0
2014-07-24,18.18,18.23,17.98,18.11,6364433,0
2014-07-25,18.05,18.09,17.76,17.79,6653367,0
2014-07-28,17.87,17.87,17.42,17.72,8258849,0
2014-07-29,17.73,18.02,17.72,17.78,5449327,0
2014-07-30,17.89,18.13,17.84,18.08,6155073,0
2014-07-31,17.86,18,17.46,17.5,10047917,0
2014-08-01,17.5,17.79,17.44,17.69,5497060,0
2014-08-04,17.67,17.82,17.56,17.65,6043554,0
2014-08-05,17.6,17.92,17.45,17.66,7458434,0
2014-08-06,17.54,17.86,17.41,17.64,5586470,0
2014-08-07,17.79,17.95,17.34,17.46,10200345,0
2014-08-08,18.22,19.1,18.22,19,22366081,0
2014-08-11,19.02,19.1,18.85,18.9,8615557,0
2014-08-12,18.89,19,18.69,18.9,7403784,0
2014-08-13,18.93,19.17,18.81,19.01,6414874,0
2014-08-14,19.08,19.08,18.72,18.8,6399781,0
2014-08-15,18.86,19.14,18.68,19.04,9249383,0
2014-08-18,19.12,19.32,18.93,19.3,7102895,0
2014-08-19,19.22,19.47,19.15,19.37,6206499,0
2014-08-20,19.3,19.39,19.2,19.25,5536746,0
2014-08-21,19.2,19.3,19.04,19.07,6819882,0
2014-08-22,19.05,19.24,18.93,19.08,6280582,0
2014-08-25,19.16,19.29,19.07,19.11,3834454,0
2014-08-26,19.16,19.49,19.09,19.46,6740958,0
2014-08-27,19.33,19.48,19.2,19.23,4574336,0
2014-08-28,19.19,19.43,19.13,19.39,4492628,0
2014-08-29,19.46,19.49,19.25,19.45,5198761,0
2014-09-02,19.5,19.5,19.32,19.5,4815883,0
2014-09-03,19.6,19.75,19.47,19.68,6486429,0
2014-09-04,19.65,20.15,19.64,20.03,12295805,0
2014-09-05,20.01,20.1,19.84,19.97,6344896,0
2014-09-08,19.95,19.99,19.71,19.79,7982245,0
2014-09-09,19.7,19.83,19.52,19.54,4964806,0
2014-09-10,19.65,19.68,19.42,19.61,4309435,0
2014-09-11,19.47,19.54,19.2,19.41,6267986,0
2014-09-12,19.53,19.53,19.1,19.12,6563409,0
2014-09-15,19.18,19.21,18.78,18.86,7353902,0
2014-09-16,18.81,19.24,18.75,19.14,5498477,0
2014-09-17,19.09,19.33,19,19.15,4339601,0
2014-09-18,19.27,19.46,19.21,19.44,5490120,0
2014-09-19,19.5,19.52,19.05,19.08,15033424,0
2014-09-22,19.47,19.47,18.87,18.89,5536598,0
2014-09-23,18.79,19.02,18.72,18.81,4903604,0
2014-09-24,18.8,18.98,18.78,18.92,3989961,0
2014-09-25,18.9,18.95,18.47,18.51,7460994,0
2014-09-26,18.57,18.69,18.49,18.54,6029702,0
2014-09-29,18.4,18.65,18.22,18.52,5213585,0
2014-09-30,18.44,18.58,18.23,18.45,6930130,0
2014-10-01,18.48,18.61,18.22,18.27,8775121,0
2014-10-02,18.24,18.33,17.77,18.19,7224861,0
2014-10-03,18.3,18.55,18.23,18.23,5978474,0
2014-10-06,18.3,18.45,18,18.12,4975777,0
2014-10-07,18.04,18.22,17.9,17.92,7547439,0
2014-10-08,17.91,18.35,17.77,18.26,6504284,0
2014-10-09,18.18,18.2,17.76,17.91,7674982,0
2014-10-10,17.77,17.83,16.84,16.84,17284422,0
2014-10-13,16.96,17.3,16.77,16.78,9940730,0
2014-10-14,17.02,17.65,16.92,17.18,9415488,0
2014-10-15,16.93,17.53,16.82,17.44,10110978,0
2014-10-16,17.13,17.65,17.09,17.45,8777944,0
2014-10-17,17.66,17.86,17.35,17.42,7268519,0
2014-10-20,17.42,17.72,17.3,17.57,5008404,0
2014-10-21,17.7,18.34,17.65,18.32,8778272,0
2014-10-22,18.29,18.35,17.89,17.89,5987921,0
2014-10-23,18.2,18.42,18.07,18.28,5367494,0
2014-10-24,18.4,18.59,18.28,18.48,5254152,0
2014-10-27,18.47,18.56,18.27,18.49,3627782,0
2014-10-28,18.44,18.96,18.42,18.93,4814453,0
2014-10-29,18.85,18.96,18.64,18.8,4208504,0
2014-10-30,18.76,18.84,18.45,18.69,4256451,0
2014-10-31,19.12,19.55,19.02,19.54,6408266,0
2014-11-03,19.99,20.06,19.77,19.87,7719851,0
2014-11-04,20,20.2,19.67,20.13,9004886,0
2014-11-05,20.25,20.26,19.98,20.13,8391257,0
2014-11-06,20.17,20.25,19.86,20.22,9852201,0
2014-11-07,20.45,20.69,19.59,19.79,11269962,0
2014-11-10,19.77,20.15,19.72,20.02,7334724,0
2014-11-11,19.9,20.01,19.6,19.78,5325270,0
2014-11-12,19.71,19.76,19.38,19.64,5114569,0
2014-11-13,19.72,19.75,19.39,19.55,5633239,0
2014-11-14,19.57,19.79,19.38,19.78,4006181,0
2014-11-17,19.7,19.91,19.57,19.7,3968295,0
2014-11-18,19.71,20.22,19.66,20.17,5194312,0
2014-11-19,20.1,20.16,19.8,20.01,6007542,0
2014-11-20,19.87,20.36,19.81,20.34,5524226,0
2014-11-21,20.52,20.55,20.28,20.46,4974441,0
2014-11-24,20.5,20.67,20.42,20.58,3400125,0
2014-11-25,20.54,20.72,20.5,20.57,4756021,0
2014-11-26,20.45,20.94,20.44,20.92,5481634,0
2014-11-28,20.99,21.09,20.8,20.97,3120781,0
2014-12-01,20.88,21,20.55,20.58,4751507,0
2014-12-02,20.56,20.7,20.37,20.61,6148798,0
2014-12-03,20.71,21.15,20.65,21.14,7111426,0
2014-12-04,21.11,21.19,20.81,20.95,4665777,0
2014-12-05,20.96,21.18,20.95,21.07,4142028,0
2014-12-08,21.04,21.25,20.63,20.8,5676710,0
2014-12-09,20.67,20.78,20.36,20.73,5986188,0
2014-12-10,20.67,20.75,20.24,20.27,5117856,0
2014-12-11,20.39,20.53,20.22,20.26,3391302,0
2014-12-12,19.99,20.17,19.61,19.63,8103662,0
2014-12-15,19.86,20.22,19.51,19.57,6367418,0
2014-12-16,19.55,19.86,19.34,19.34,4632726,0
2014-12-17,19.74,20.17,19.1,20.14,8639935,0
2014-12-18,20.39,20.63,20.03,20.22,5653939,0
2014-12-19,20.36,20.5,20.17,20.42,8138230,0
2014-12-22,20.4,20.78,20.33,20.78,3724357,0
2014-12-23,20.94,21.04,20.62,20.65,2731983,0
2014-12-24,20.7,20.72,20.55,20.57,1141128,0
2014-12-26,20.57,20.7,20.52,20.59,1316100,0
2014-12-29,20.53,20.7,20.43,20.56,2083128,0
2014-12-30,20.42,20.52,20.34,20.37,2803010,0
2014-12-31,20.4,20.51,19.99,20.05,4157958,0
2015-01-02,20.13,20.28,19.81,20.13,2842012,0
2015-01-05,20.13,20.19,19.7,19.79,4948799,0
2015-01-06,19.82,19.84,19.17,19.19,4944121,0
2015-01-07,19.33,19.5,19.08,19.14,8045186,0
2015-01-08,19.36,19.98,19.35,19.86,7094534,0
2015-01-09,19.93,20.09,19.66,19.94,5238601,0
2015-01-12,19.99,20,19.51,19.69,4768307,0
2015-01-13,19.84,20.24,19.52,19.66,5917960,0
2015-01-14,19.45,19.8,19.4,19.74,3881531,0
2015-01-15,19.88,20,19.59,19.6,4723757,0
2015-01-16,19.57,19.98,19.51,19.96,4537800,0
2015-01-20,20.1,20.21,19.77,20.02,3507719,0
2015-01-21,19.91,20.35,19.77,20.3,3619494,0
2015-01-22,20.34,20.7,20.13,20.65,3992810,0
2015-01-23,20.67,20.74,20.5,20.71,3010389,0
2015-01-26,20.62,20.72,20.49,20.62,3331008,0
2015-01-27,20.3,20.32,19.59,19.63,8948721,0
2015-01-28,19.87,19.95,19.3,19.31,6818214,0
2015-01-29,19.32,19.89,19.23,19.78,5883531,0
2015-01-30,19.64,19.87,19.17,19.2,7454968,0
2015-02-02,19.32,19.7,18.94,19.62,6490149,0
2015-02-03,19.76,20.13,19.66,20.11,4586670,0
2015-02-04,20.05,20.38,19.98,20.16,4537872,0
2015-02-05,20.18,20.5,20.16,20.48,3511195,0
2015-02-06,20.47,20.71,20.31,20.4,5263073,0
2015-02-09,20.28,20.44,20.15,20.38,6849193,0
2015-02-10,20.4,20.96,20.31,20.95,5655113,0
2015-02-11,21,21,20.67,20.81,8020778,0
2015-02-12,22,22.5,21.87,22.3,16922588,0
2015-02-13,22.25,22.34,21.91,22.31,7752149,0
2015-02-17,22.27,22.49,22.13,22.38,5083466,0
2015-02-18,22.35,22.39,22.08,22.12,4273997,0
2015-02-19,22.4,22.44,22.08,22.18,4235760,0
2015-02-20,22.16,22.35,22,22.34,3943820,0
2015-02-23,22.33,22.33,22.05,22.16,3125918,0
2015-02-24,22.16,22.31,21.96,22.31,3733318,0
2015-02-25,22.22,22.32,22.04,22.14,3095526,0
2015-02-26,22.16,22.32,22.02,22.2,3821597,0
2015-02-27,22.14,22.19,21.98,22.06,3937273,0
2015-03-02,22,22.72,21.97,22.6,7537781,0
2015-03-03,22.43,22.54,22.11,22.18,4008638,0
2015-03-04,22.1,22.48,22.01,22.43,5670997,0
2015-03-05,22.43,22.9,22.37,22.86,8076425,0
2015-03-06,22.73,22.84,22.52,22.55,6434807,0
2015-03-09,22.56,22.78,22.51,22.61,5559693,0
2015-03-10,22.71,23.15,22.67,23,13180267,0
2015-03-11,23,23.3,22.82,22.88,6552965,0
2015-03-12,22.66,22.83,22.24,22.67,10174260,0
2015-03-13,22.56,22.76,22.25,22.7,8982188,0
2015-03-16,22.88,23.11,22.73,22.97,5923864,0
2015-03-17,22.92,23.26,22.76,23.25,7498556,0
2015-03-18,23.25,23.37,22.66,22.87,10346084,0
2015-03-19,22.95,23.3,22.78,23.22,7768859,0
2015-03-20,23.41,23.6,23.19,23.47,11552119,0
2015-03-23,22.77,23.07,22.7,22.71,10650277,0
2015-03-24,22.64,22.8,22.3,22.4,8262025,0
2015-03-25,22.39,22.39,20.97,21.04,13563840,0
2015-03-26,20.61,21.06,20.46,20.96,7797997,0
2015-03-27,21.09,21.46,20.75,21.38,7957152,0
2015-03-30,21.48,21.58,21.2,21.47,6331256,0
2015-03-31,21.41,21.43,20.91,20.92,8931942,0
2015-04-01,21.01,21.08,20.65,21.01,8269223,0
2015-04-02,21.13,21.19,20.88,21.06,4805086,0
2015-04-06,20.97,21.74,20.75,21.66,12896584,0
2015-04-07,21.67,22.1,21.55,21.86,10349069,0
2015-04-08,21.88,22.1,21.67,22.02,9160786,0
2015-04-09,21.85,22.6,21.84,22.52,9485827,0
2015-04-10,22.55,22.77,22.47,22.76,6468219,0
2015-04-13,22.71,22.84,22.45,22.55,5918106,0
2015-04-14,22.46,22.55,22.14,22.36,5506852,0
2015-04-15,22.42,22.8,22.31,22.63,6088960,0
2015-04-16,22.5,22.69,22.33,22.49,3882058,0
2015-04-17,22.02,22.42,22.01,22.2,7340917,0
2015-04-20,22.3,22.44,22.05,22.09,5790646,0
2015-04-21,22.36,22.36,21.95,22.06,5761365,0
2015-04-22,22.19,22.34,21.85,22.31,5185481,0
2015-04-23,21.9,22.43,21.65,22.22,6484469,0
2015-04-24,22.21,22.22,21.78,22.03,6023972,0
2015-04-27,22.1,22.59,21.91,22.2,6211356,0
2015-04-28,22.16,22.38,21.95,22.3,5862106,0
2015-04-29,22.15,22.37,22.05,22.14,4878919,0
2015-04-30,22.03,22.3,21.98,22.2,5471083,0
2015-05-01,22.38,22.82,22.28,22.75,6424185,0
2015-05-04,22.73,22.88,22.54,22.61,5018024,0
2015-05-05,22.53,22.56,21.93,22.03,7323195,0
2015-05-06,22.15,22.36,21.81,22.1,7912111,0
2015-05-07,22.01,22.56,21.94,22.49,13364077,0
2015-05-08,21.01,21.84,20.49,20.82,28663778,0
2015-05-11,20.54,20.84,20.38,20.63,13603644,0
2015-05-12,20.48,21,20.47,20.83,9719994,0
2015-05-13,20.98,21.14,20.75,20.95,7713070,0
2015-05-14,21.01,21.4,20.96,21.29,7326280,0
2015-05-15,21.38,21.48,21.17,21.3,5395619,0
2015-05-18,21.25,21.4,21.15,21.27,8124292,0
2015-05-19,21.2,21.27,21,21.04,6345222,0
2015-05-20,21.05,21.3,21.02,21.04,4920581,0
2015-05-21,21.05,21.14,20.87,20.89,5992250,0
2015-05-22,20.94,21.02,20.81,20.86,5315282,0
2015-05-26,20.76,20.9,20.57,20.73,6493277,0
2015-05-27,20.87,21.94,20.8,21.84,10808271,0
2015-05-28,21.84,22.21,21.8,22.14,8191431,0
2015-05-29,22.14,22.28,22.1,22.13,8379244,0
2015-06-01,22.27,22.6,22.13,22.38,9316504,0
2015-06-02,22.24,22.36,21.92,21.94,5607582,0
2015-06-03,22,22.17,21.66,21.7,6269692,0
2015-06-04,21.57,22.16,21.57,22.09,8092765,0
2015-06-05,22.02,22.36,21.79,22.26,7833001,0
2015-06-08,22.19,22.34,21.5,21.75,8570301,0
2015-06-09,21.77,22.02,21.73,21.86,6422222,0
2015-06-10,21.6,21.74,21.35,21.47,13236526,0
2015-06-11,21.47,21.85,21.47,21.7,7076296,0
2015-06-12,21.56,21.69,21.06,21.11,8093164,0
2015-06-15,21,21.16,20.84,21.07,7663673,0
2015-06-16,21.03,21.36,20.82,21.33,6422253,0
2015-06-17,21.32,21.7,21.27,21.58,5838648,0
2015-06-18,21.76,22.08,21.7,21.94,7485090,0
2015-06-19,21.94,22.12,21.67,21.87,8891427,0
2015-06-22,21.91,22.03,21.45,21.78,12855929,0
2015-06-23,21.82,21.99,21.05,21.22,10351627,0
2015-06-24,21.19,21.3,20.91,21.01,6334204,0
2015-06-25,21.01,21.3,21.01,21.17,8761548,0
2015-06-26,21,21.17,20.65,20.74,10532373,0
2015-06-29,20.5,20.71,20.09,20.12,9793096,0
2015-06-30,20.24,20.33,19.97,20.11,7897857,0
2015-07-01,20.61,20.9,20.22,20.4,7573001,0
2015-07-02,20.39,20.55,20.29,20.42,3644115,0
2015-07-06,20.25,20.53,20.02,20.17,5369413,0
2015-07-07,20.05,20.13,19.16,19.79,14856327,0
2015-07-08,19.68,19.8,19.49,19.65,8312287,0
2015-07-09,19.96,20.05,19.29,19.41,8939745,0
2015-07-10,19.66,19.93,19.61,19.75,5417717,0
2015-07-13,19.95,19.99,19.74,19.88,5311791,0
2015-07-14,19.91,19.93,19.63,19.89,6230429,0
2015-07-15,19.84,19.97,19.57,19.75,6643348,0
2015-07-16,19.87,20.19,19.8,20.19,7072291,0
2015-07-17,20.12,20.14,19.81,20.07,5509308,0
2015-07-20,20.07,20.15,19.65,19.7,4710259,0
2015-07-21,19.66,20.07,19.66,19.79,3743010,0
2015-07-22,19.65,19.65,19.17,19.4,8911819,0
2015-07-23,19.45,19.94,19.41,19.65,4247872,0
2015-07-24,19.79,19.81,19.34,19.42,4721099,0
2015-07-27,19.25,19.53,19.09,19.31,4810520,0
2015-07-28,19.36,19.86,19.16,19.73,4957733,0
2015-07-29,19.69,20.13,19.61,19.97,5817033,0
2015-07-30,19.92,20.22,19.92,20.02,4754479,0
2015-07-31,20.1,20.11,19.83,19.95,5459211,0
2015-08-03,20.11,20.31,19.85,20.29,9928278,0
2015-08-04,20.22,20.43,20.14,20.37,6502514,0
2015-08-05,20.87,20.89,20.54,20.58,5865652,0
2015-08-06,20.53,20.68,20.11,20.45,16391890,0
2015-08-07,22.46,23.37,21.88,22.98,35131171,0
2015-08-10,22.82,23.95,22.68,23.78,16557636,0
2015-08-11,23.43,23.89,23.43,23.66,10875209,0
2015-08-12,23.28,23.89,23.28,23.72,9602012,0
2015-08-13,23.75,23.8,23.46,23.52,6922146,0
2015-08-14,23.5,23.68,23.36,23.54,5366261,0
2015-08-17,23.5,23.5,23.1,23.39,6846973,0
2015-08-18,23.22,23.38,22.9,23.08,7177055,0
2015-08-19,23.05,23.3,22.74,22.99,6231842,0
2015-08-20,22.73,22.84,22.05,22.16,10638943,0
2015-08-21,22,22.37,21.45,21.47,9506756,0
2015-08-24,20.27,21.83,20,20.71,17016414,0
2015-08-25,21.62,21.7,20.28,20.28,15531089,0
2015-08-26,20.94,21.83,20.78,21.81,15283021,0
2015-08-27,22.04,22.64,21.91,22.63,11551930,0
2015-08-28,22.63,22.87,22.46,22.73,8009538,0
2015-08-31,22.62,22.78,22.38,22.48,5459384,0
2015-09-01,21.83,22.2,21.4,21.56,8733351,0
2015-09-02,22.15,22.22,21.78,22.21,8511951,0
2015-09-03,22.54,22.65,22.23,22.27,6554478,0
2015-09-04,21.89,22.24,21.74,21.75,7183388,0
2015-09-08,22.28,22.77,22.19,22.68,5933662,0
2015-09-09,22.75,22.94,22.18,22.23,7226508,0
2015-09-10,22.1,22.86,22,22.58,8921920,0
2015-09-11,22.33,22.8,22.24,22.65,7485827,0
2015-09-14,22.76,22.83,22.57,22.69,4811456,0
2015-09-15,22.7,23.06,22.63,22.94,8177926,0
2015-09-16,22.9,23.23,22.72,23.1,4332792,0
2015-09-17,23.5,23.71,23.26,23.31,6691741,0
2015-09-18,22.99,23.49,22.85,23.29,8123940,0
2015-09-21,23.32,23.58,23.2,23.53,7045984,0
2015-09-22,23.02,23.18,22.76,22.89,5623340,0
2015-09-23,22.91,23.14,22.82,23,4023474,0
2015-09-24,22.86,23.68,22.5,23.44,9545241,0
2015-09-25,23.73,24.07,23.38,23.61,9234997,0
2015-09-28,23.61,23.76,23.15,23.3,9797501,0
2015-09-29,23.55,23.75,23.22,23.71,9514850,0
2015-09-30,23.93,24.68,23.79,24.65,13859844,0
2015-10-01,24.65,24.72,23.47,24.17,12206381,0
2015-10-02,24.04,24.8,23.79,24.8,9604832,0
2015-10-05,24.96,25.73,24.83,25.42,12011947,0
2015-10-06,25.15,25.86,25.05,25.75,11330424,0
2015-10-07,25.81,26.28,25.39,26.02,7720463,0
2015-10-08,25.91,26.24,25.47,26.17,11492610,0
2015-10-09,26.03,26.28,25.58,26.07,10559527,0
2015-10-12,26.1,26.5,25.9,26.35,5685687,0
2015-10-13,26.14,26.56,26.05,26.4,7434291,0
2015-10-14,26.43,27.78,26.4,27.36,15303697,0
2015-10-15,27.41,27.99,27.13,27.43,13146529,0
2015-10-16,27.52,28.12,27.45,27.86,11184459,0
2015-10-19,27.95,28.08,27.49,27.81,7367780,0
2015-10-20,27.54,27.9,27.48,27.77,6610693,0
2015-10-21,27.94,28.11,27.36,27.41,9657006,0
2015-10-22,27.73,28.49,27.69,28.4,7658201,0
2015-10-23,28.65,28.78,28.22,28.59,9523346,0
2015-10-26,28.61,28.68,28.2,28.46,6097555,0
2015-10-27,28.32,28.62,28.3,28.44,5199571,0
2015-10-28,28.62,28.67,28.2,28.67,5422280,0
2015-10-29,28.21,28.5,27.63,27.68,8176344,0
2015-10-30,27.98,28.57,27.77,28.37,7508091,0
2015-11-02,28.46,28.73,28.29,28.7,4723360,0
2015-11-03,28.53,28.69,28.18,28.5,9410339,0
2015-11-04,28.42,28.63,27.9,28.03,11050167,0
2015-11-05,28.17,28.24,27.63,27.71,11513691,0
2015-11-06,30.45,31.94,29.82,31.55,29267955,0
2015-11-09,31.24,31.5,30.97,31.41,12311145,0
2015-11-10,31,31.17,30.15,30.81,13747118,0
2015-11-11,30.83,31.05,30.4,30.51,15497382,0
2015-11-12,30.44,30.72,30.27,30.4,7140739,0
2015-11-13,30.43,30.56,29.65,29.8,7308834,0
2015-11-16,30.19,30.42,29.95,30.4,8557489,0
2015-11-17,30.48,30.66,30.27,30.4,6396702,0
2015-11-18,30.41,31.07,30.08,31.03,8714619,0
2015-11-19,31.14,31.43,30.89,31.12,6348230,0
2015-11-20,31.35,31.57,31.16,31.39,5988389,0
2015-11-23,31.65,31.65,30.8,30.92,6045467,0
2015-11-24,30.92,31.44,30.78,31.17,4870136,0
2015-11-25,31.11,31.48,31.02,31.13,3457476,0
2015-11-27,31.19,31.49,31.03,31.39,2175202,0
2015-11-30,31.42,31.86,31.39,31.72,7924913,0
2015-12-01,32,32.78,31.97,32.75,10219062,0
2015-12-02,32.8,33.14,32.43,32.5,7348275,0
2015-12-03,32.76,33.1,32.27,32.43,6166405,0
2015-12-04,32.43,33.81,32.43,33.75,11468924,0
2015-12-07,33.74,33.74,33.01,33.11,8339679,0
2015-12-08,32.7,33.7,32.49,33.56,7862233,0
2015-12-09,33.55,33.75,32.37,32.71,9316871,0
2015-12-10,32.81,33.16,32.7,32.98,5914923,0
2015-12-11,32.65,32.88,32.42,32.49,5683038,0
2015-12-14,32.52,32.75,32.18,32.57,6897348,0
2015-12-15,32.94,33.2,32.76,32.97,7682354,0
2015-12-16,33.04,33.28,32.75,33.17,5908874,0
2015-12-17,33.22,33.56,32.65,32.67,6354044,0
2015-12-18,32.44,32.77,32.1,32.14,9897424,0
2015-12-21,32.49,32.93,32.2,32.9,7105373,0
2015-12-22,33,33.26,32.73,32.93,3250269,0
2015-12-23,32.98,33.18,32.92,33.06,3063139,0
2015-12-24,32.96,33.25,32.91,33.17,1311231,0
2015-12-28,32.82,33.14,32.36,33.14,3550703,0
2015-12-29,33.16,33.78,33.07,33.68,5091512,0
2015-12-30,33.65,33.94,33.38,33.39,4508570,0
2015-12-31,33.34,33.49,32.96,32.96,3713202,0
2016-01-04,32.29,32.58,32.04,32.37,8908292,0
2016-01-05,32.98,33.44,32.5,32.89,12256814,0
2016-01-06,32.35,32.5,31.16,31.53,11233604,0
2016-01-07,30.74,30.95,29.88,30.28,16132575,0
2016-01-08,30.67,30.7,29.56,29.63,9961782,0
2016-01-11,29.66,29.89,29.15,29.68,10235095,0
2016-01-12,30.21,30.62,29.97,30.18,11733893,0
2016-01-13,30.41,30.61,29.23,29.26,11955635,0
2016-01-14,28.66,29,27.82,28.67,14981799,0
2016-01-15,27.52,27.85,26.64,27.11,20981136,0
2016-01-19,27.67,28.45,27.22,27.33,11265058,0
2016-01-20,26.81,27.83,26.45,27.48,12002091,0
2016-01-21,27.78,28.23,27.21,27.8,12033833,0
2016-01-22,28.33,28.64,28.27,28.45,6449854,0
2016-01-25,28.44,28.76,28.36,28.42,6745174,0
2016-01-26,28.48,28.82,28.18,28.7,5698599,0
2016-01-27,28.66,28.74,27.82,28.36,5759612,0
2016-01-28,28.59,28.69,27.5,28.05,6919436,0
2016-01-29,28.29,29.34,28.18,29.29,7727534,0
2016-02-01,29.26,29.45,29.01,29.3,7226290,0
2016-02-02,29,29.15,27.86,28.06,8498235,0
2016-02-03,28.28,28.45,27.55,28.2,8169251,0
2016-02-04,28.24,28.85,27.93,28.21,8684591,0
2016-02-05,28.02,28.33,26.35,26.43,14921402,0
2016-02-08,26.03,26.16,24.85,25.22,15184526,0
2016-02-09,24.92,26.55,24.8,25.49,10572721,0
2016-02-10,25.65,26.39,25.29,25.43,8385313,0
2016-02-11,24.78,25.56,24.78,25.3,8479059,0
2016-02-12,25.7,25.78,24.75,25.73,8624136,0
2016-02-16,26.1,27.03,26.02,26.99,11359221,0
2016-02-17,27.33,27.92,27.22,27.66,17886519,0
2016-02-18,29.93,30.98,29.9,30.04,26680920,0
2016-02-19,29.88,30.71,29.65,30.44,13130969,0
2016-02-22,30.88,31.87,30.82,31.52,11230687,0
2016-02-23,31.27,31.9,31.12,31.6,9215096,0
2016-02-24,31.47,31.87,30.6,31.82,8416834,0
2016-02-25,31.94,32.05,31.32,31.89,8727851,0
2016-02-26,32.04,32.12,31.36,31.68,8991138,0
2016-02-29,31.61,32.02,31.34,31.36,8069592,0
2016-03-01,31.44,32.75,31.39,32.75,8704970,0
2016-03-02,32.57,33.06,32.51,32.94,5845254,0
2016-03-03,32.9,33.04,32.21,32.65,7544389,0
2016-03-04,32.9,32.93,32.3,32.55,4371182,0
2016-03-07,32.37,32.59,31.92,32.34,5999169,0
2016-03-08,32.01,32.2,31.64,31.75,6710807,0
2016-03-09,32.03,32.08,31.32,31.73,5562261,0
2016-03-10,31.92,32.1,31.04,31.68,7135555,0
2016-03-11,32.15,32.23,31.77,32.22,6932335,0
2016-03-14,32.07,32.43,31.92,32.3,4757764,0
2016-03-15,32.13,32.34,31.57,32.14,5655420,0
2016-03-16,31.9,33.21,31.75,33.1,9061899,0
2016-03-17,32.98,33.14,32.37,32.82,8836179,0
2016-03-18,33.21,34.25,33,33.81,13615437,0
2016-03-21,33.51,33.92,33.15,33.91,8438917,0
2016-03-22,33.8,34.08,33.43,33.85,6042927,0
2016-03-23,34,34.68,33.85,34.43,10699146,0
2016-03-24,34.12,34.54,34.01,34.48,6117136,0
2016-03-28,34.42,34.98,34.38,34.83,6274789,0
2016-03-29,34.68,35.47,34.6,35.39,6543353,0
2016-03-30,35.52,36.25,35.5,35.76,9404684,0
2016-03-31,35.92,36,35.35,35.63,9467053,0
2016-04-01,35.41,36.17,35.14,36.15,8696260,0
2016-04-04,36.45,36.64,35.66,35.8,9844571,0
2016-04-05,35.48,36.08,35.34,35.75,8482659,0
2016-04-06,35.3,35.82,34.63,35.8,11321227,0
2016-04-07,35.57,35.89,35.28,35.43,9357024,0
2016-04-08,35.72,35.95,35.3,35.66,6394370,0
2016-04-11,35.87,36.47,35.76,35.88,9688098,0
2016-04-12,36,36.05,35.14,35.84,7313569,0
2016-04-13,36,36.75,36,36.74,8763641,0
2016-04-14,36.64,37,36.49,36.84,10409771,0
2016-04-15,36.83,37.46,36.71,37.13,10914835,0
2016-04-18,37.06,37.06,36.61,36.97,7680574,0
2016-04-19,37.11,37.18,36.08,36.31,7718858,0
2016-04-20,36.25,36.67,36.21,36.45,5004273,0
2016-04-21,36.46,36.63,36.25,36.41,4447613,0
2016-04-22,36.53,36.78,36.14,36.27,5575547,0
2016-04-25,36.28,36.65,36.18,36.45,4799339,0
2016-04-26,36.67,37.09,36.32,36.48,5354104,0
2016-04-27,36.39,37.33,36.32,37.31,8804008,0
2016-04-28,37.08,37.3,36.11,36.2,9528878,0
2016-04-29,36.05,36.13,35.14,35.53,8022750,0
2016-05-02,35.87,36.22,35.7,36,6396047,0
2016-05-03,35.59,35.74,35.26,35.57,5588254,0
2016-05-04,35.14,35.17,34.4,34.76,13133115,0
2016-05-05,35.05,35.38,34.71,34.97,6160567,0
2016-05-06,34.91,35.42,34.84,35.33,4576107,0
2016-05-09,35.42,35.57,34.99,35.28,8311957,0
2016-05-10,35.5,36.02,35.16,35.96,6712128,0
2016-05-11,36.07,36.46,35.87,36.06,8163478,0
2016-05-12,36.32,36.48,34.93,35.57,15802258,0
2016-05-13,39.19,41,39,40.98,52726259,0
2016-05-16,40.67,42.8,40.54,42.19,24296913,0
2016-05-17,42,42.58,41.46,42.28,15308935,0
2016-05-18,42,43.85,42,43.36,13518718,0
2016-05-19,43.19,43.86,43.13,43.55,9967211,0
2016-05-20,43.82,44.51,43.75,44.33,9762966,0
2016-05-23,44.52,44.69,44.13,44.4,10324111,0
2016-05-24,44.42,45.5,44.3,45.36,10361854,0
2016-05-25,45.5,45.69,44.81,45.17,11451891,0
2016-05-26,45.25,45.98,45.12,45.65,7726229,0
2016-05-27,45.7,45.97,45.55,45.9,6931835,0
2016-05-31,46.1,46.82,46.07,46.72,10313131,0
2016-06-01,46.5,47.26,46.36,46.81,9678267,0
2016-06-02,47.06,47.54,46.6,47.14,8230202,0
2016-06-03,46.68,46.74,45.66,46.48,11526864,0
2016-06-06,46.6,46.96,46,46.24,8062841,0
2016-06-07,46.52,46.78,46.31,46.33,4835017,0
2016-06-08,46.34,46.51,45.8,46.18,5865431,0
2016-06-09,46.02,47.45,45.92,47.38,11804167,0
2016-06-10,46.82,47.24,46.14,46.2,10000592,0
2016-06-13,46.25,47.7,46.25,46.79,11889674,0
2016-06-14,46.68,47.1,46.16,46.88,7458639,0
2016-06-15,47.27,47.77,46.75,47.36,7525868,0
2016-06-16,47.01,47.63,46.55,47.55,6161428,0
2016-06-17,47.61,47.62,46.53,46.72,11775048,0
2016-06-20,47.47,48.17,47.44,47.56,7344230,0
2016-06-21,47.76,47.89,47.2,47.27,5312661,0
2016-06-22,47.37,47.68,47.15,47.23,5065516,0
2016-06-23,47.68,48.54,47.65,48.49,7446994,0
2016-06-24,46.5,47.36,45.3,45.73,25442111,0
2016-06-27,45.35,45.7,44.57,45.24,11258487,0
2016-06-28,46.1,46.15,45.27,45.9,9547980,0
2016-06-29,46.3,47.01,46.18,46.65,7973264,0
2016-06-30,46.73,47.3,46.35,47.01,10773475,0
2016-07-01,46.75,47.36,46.5,46.66,5462198,0
2016-07-05,46.4,47.43,46.03,47.35,9277061,0
2016-07-06,47.02,47.92,46.78,47.65,6827594,0
2016-07-07,47.97,49.06,47.75,48.89,9884992,0
2016-07-08,49.41,51.09,49.22,50.85,12048273,0
2016-07-11,51.58,52.4,51.52,52.02,11219437,0
2016-07-12,52.6,53.28,51.94,52.8,10919045,0
2016-07-13,52.9,53.2,52.7,52.78,8115130,0
2016-07-14,53.06,53.8,52.62,53.32,7922283,0
2016-07-15,52.64,52.94,51.84,52.7,10715357,0
2016-07-18,53.35,53.43,52.77,52.97,6324838,0
2016-07-19,52.94,53.73,52.84,53.52,9566250,0
2016-07-20,53.7,54.5,53.48,54.22,7411502,0
2016-07-21,54.1,54.27,53.04,53.22,9032697,0
2016-07-22,53.41,54.67,53.02,54.67,7894165,0
2016-07-25,55,55.81,54.76,55.68,7813211,0
2016-07-26,56.17,56.92,56.09,56.63,12862739,0
2016-07-27,57.12,57.22,55.72,56.06,11166886,0
2016-07-28,56.19,56.6,56.01,56.18,5547934,0
2016-07-29,56.39,57.25,55.38,57.1,10239664,0
2016-08-01,57.34,57.55,56.36,56.73,7527970,0
2016-08-02,57,57.03,55.5,56.04,7068720,0
2016-08-03,55.97,56.3,55.66,56.19,7495709,0
2016-08-04,56.46,57.49,56.35,57.23,6817803,0
2016-08-05,57.89,58.23,57.61,58.2,9289735,0
2016-08-08,59,59.14,58.12,58.74,7626603,0
2016-08-09,59.03,59.46,58.74,58.89,9308559,0
2016-08-10,59.41,59.5,58.32,58.51,9393453,0
2016-08-11,58.82,59.95,58.7,59.7,17026556,0
2016-08-12,61.9,63.38,60.63,63.04,35643642,0
2016-08-15,63.11,63.5,62.13,62.98,14332617,0
2016-08-16,62.89,62.99,62.41,62.6,7191345,0
2016-08-17,62.6,62.74,60.66,61.15,14880304,0
2016-08-18,61.06,62.2,60.82,62.1,8292095,0
2016-08-19,62.07,62.73,61.8,62.26,7288978,0
2016-08-22,62.45,62.61,61.71,62.52,6118683,0
2016-08-23,63.04,63.32,62.73,62.91,8494058,0
2016-08-24,63.13,63.16,61.65,61.94,7461244,0
2016-08-25,61.96,61.99,60.76,61.53,10150783,0
2016-08-26,61.69,62.38,61.2,62.03,7500624,0
2016-08-29,62.28,62.53,61.88,61.99,6866279,0
2016-08-30,61.91,62.24,61.46,61.63,7138622,0
2016-08-31,61.75,61.92,61.16,61.34,9713642,0
2016-09-01,61.39,63.38,61.34,63.15,10712305,0
2016-09-02,63.28,63.35,61.82,62.53,8078742,0
2016-09-06,62.75,63.12,62.43,63.12,7670320,0
2016-09-07,62.92,63.23,61.83,62.19,9949700,0
2016-09-08,62.13,62.74,61.42,62.64,7895219,0
2016-09-09,61.95,62.3,59,59.52,17443966,0
2016-09-12,58.73,60.86,57.32,60.75,14956524,0
2016-09-13,60.6,61.3,59.53,59.87,11794183,0
2016-09-14,60.01,60.6,59.51,60.4,7984326,0
2016-09-15,60.5,62.76,60.36,62.69,12884799,0
2016-09-16,62.91,63.25,62.12,62.84,22561149,0
2016-09-19,63.5,65.26,63.21,63.67,10428207,0
2016-09-20,64.4,64.4,62.74,63.09,8277832,0
2016-09-21,63.28,64.98,63.27,64.86,8405337,0
2016-09-22,65.24,65.44,64.65,65.02,7718287,0
2016-09-23,65.1,65.29,64.66,64.95,6903344,0
2016-09-26,64.21,64.6,63.53,64.34,5751035,0
2016-09-27,64.09,66.64,64.06,66.54,10068769,0
2016-09-28,66.64,66.83,65.93,66.78,7994701,0
2016-09-29,66.67,67.61,66.05,67.4,8417136,0
2016-09-30,67.77,69.19,67.37,68.52,10748304,0
2016-10-03,68.52,69.51,68.33,68.45,6064853,0
2016-10-04,68.55,69.7,67.79,68.3,7040645,0
2016-10-05,68.88,69.58,68.02,68.23,7636009,0
2016-10-06,67.41,67.83,66.26,67.34,9005317,0
2016-10-07,67.79,67.97,66.66,66.85,7156502,0
2016-10-10,67.2,67.56,66.47,67.1,7196868,0
2016-10-11,66.88,66.98,65.62,66.13,9713476,0
2016-10-12,65.86,66.78,65.31,66.43,10498025,0
2016-10-13,65.65,65.8,63.7,65.35,9752910,0
2016-10-14,66.15,66.6,65.6,65.99,8265851,0
2016-10-17,65.98,66.6,65.52,65.61,4883160,0
2016-10-18,66.52,66.99,66.25,66.61,6734274,0
2016-10-19,66.16,66.78,65.82,66.47,4976462,0
2016-10-20,67.25,67.95,66.3,67.73,7802072,0
2016-10-21,67.49,67.66,66.9,67.54,6987654,0
2016-10-24,68,70.79,67.99,70.71,8495946,0
2016-10-25,70.59,72.3,70.25,71.87,9936532,0
2016-10-26,71.27,72.95,71.2,72.16,8344781,0
2016-10-27,72.71,72.85,70.38,70.68,9716622,0
2016-10-28,71.02,72.1,70.43,70.56,7271374,0
2016-10-31,70.79,71.62,70.75,71.16,6309718,0
2016-11-01,71.42,71.81,68.29,69.05,11830629,0
2016-11-02,69.58,70.52,68.64,68.76,7396231,0
2016-11-03,69.08,69.14,66.64,67.96,7741593,0
2016-11-04,67.51,68.73,66.58,67.57,8219490,0
2016-11-07,69.55,71.72,69.5,71.27,12189524,0
2016-11-08,71.54,71.77,70.5,71.16,10747107,0
2016-11-09,69.23,70.9,68.72,69.96,11413254,0
2016-11-10,71.49,71.5,66.76,67.77,21732039,0
2016-11-11,79.51,88.77,78.5,87.97,54383633,0
2016-11-14,88.09,88.19,83.62,83.64,33719913,0
2016-11-15,84.29,87.45,83.93,86.19,15652258,0
2016-11-16,87.34,92.56,86.35,91.63,24699644,0
2016-11-17,92.31,94.79,90.65,92.39,20824744,0
2016-11-18,92.39,94.33,91.8,93.36,14401499,0
