Date,Open,High,Low,Settle
2007-05-11,840,840,840,840
2007-05-14,837.95,837.95,837.95,837.95
2007-05-15,837.5,837.5,837.5,837.5
2007-05-16,842.25,842.25,842.25,842.25
2007-05-17,840.5,840.5,840.5,840.5
2007-05-18,847,847,847,847
2007-05-21,847.75,847.75,847.75,847.75
2007-05-22,848.5,848.5,848.5,848.5
2007-05-23,846.9,846.9,846.9,846.9
2007-05-24,840.25,840.25,840.25,840.25
2007-05-25,843.75,843.75,843.75,843.75
2007-05-28,843.75,843.75,843.75,843.75
2007-05-29,847,847,847,847
2007-05-30,853,853,853,853
2007-05-31,852.9,852.9,852.9,852.9
2007-06-01,856.75,856.75,856.75,856.75
2007-06-04,857.55,857.55,857.55,857.55
2007-06-05,853.8,853.8,853.8,853.8
2007-06-06,843.7,843.7,843.7,843.7
2007-06-07,828.9,828.9,828.9,828.9
2007-06-08,838.15,838.15,838.15,838.15
2007-06-11,840.2,840.2,840.2,840.2
2007-06-12,830.3,830.3,830.3,830.3
2007-06-13,841.65,841.65,841.65,841.65
2007-06-14,846.55,846.55,846.55,846.55
2007-06-15,851.3,851.3,851.3,851.3
2007-06-18,850.1,850.1,850.1,850.1
2007-06-19,851.8,851.8,851.8,851.8
2007-06-20,840,840,840,840
2007-06-21,844.55,844.55,844.55,844.55
2007-06-22,835.55,835.55,835.55,835.55
2007-06-25,831.05,831.05,831.05,831.05
2007-06-26,822.8,822.8,822.8,822.8
2007-06-27,834.3,834.3,834.3,834.3
2007-06-28,833.55,833.55,833.55,833.55
2007-06-29,833,833,833,833
2007-07-02,841.25,841.25,841.25,841.25
2007-07-03,844,844,844,844
2007-07-04,844,844,844,844
2007-07-05,843.5,843.5,843.5,843.5
2007-07-06,848.6,848.6,848.6,848.6
2007-07-09,848.5,848.5,848.5,848.5
2007-07-10,836.5,836.5,836.5,836.5
2007-07-11,842,842,842,842
2007-07-12,855.5,855.5,855.5,855.5
2007-07-13,857.5,857.5,857.5,857.5
2007-07-16,857,857,857,857
2007-07-17,856.45,856.45,856.45,856.45
2007-07-18,854.25,854.25,854.25,854.25
2007-07-19,857.25,857.25,857.25,857.25
2007-07-20,848.75,848.75,848.75,848.75
2007-07-23,851,851,851,851
2007-07-24,836.5,836.5,836.5,836.5
2007-07-25,836.6,836.6,836.6,836.6
2007-07-26,816.5,816.5,816.5,816.5
2007-07-27,800.75,800.75,800.75,800.75
2007-07-30,813.25,813.25,813.25,813.25
2007-07-31,802.75,802.75,802.75,802.75
2007-08-01,806.5,806.5,806.5,806.5
2007-08-02,813,813,813,813
2007-08-03,792.25,792.25,792.25,792.25
2007-08-06,803.75,803.75,803.75,803.75
2007-08-07,812.25,812.25,812.25,812.25
2007-08-08,823.5,823.5,823.5,823.5
2007-08-09,799,799,799,799
2007-08-10,795.5,795.5,795.5,795.5
2007-08-13,798,798,798,798
2007-08-14,786.5,786.5,786.5,786.5
2007-08-15,774.75,786.55,772.7,774.75
2007-08-16,778.75,778.75,778.75,778.75
2007-08-17,778.75,778.75,778.75,778.75
2007-08-20,792.25,792.25,792.25,792.25
2007-08-21,793.2,793.2,793.2,793.2
2007-08-22,803.6,803.6,803.6,803.6
2007-08-23,803.3,803.3,803.3,803.3
2007-08-24,813.05,813.05,813.05,813.05
2007-08-27,805.4,805.4,805.4,805.4
2007-08-28,788.2,788.2,788.2,788.2
2007-08-29,802.85,802.85,802.85,802.85
2007-08-30,801.15,801.15,801.15,801.15
2007-08-31,809.8,809.8,809.8,809.8
2007-09-03,809.8,809.8,809.8,809.8
2007-09-04,817.7,817.7,817.7,817.7
2007-09-05,811,811,811,811
2007-09-06,812.45,812.45,812.45,812.45
2007-09-07,801.6,801.6,801.6,801.6
2007-09-10,799.1,799.1,799.1,799.1
2007-09-11,808.3,808.3,808.3,808.3
2007-09-12,810.25,810.25,810.25,810.25
2007-09-13,814.4,817.6,810.8,814.4
2007-09-14,814.75,815.1,808.6,814.75
2007-09-17,809.95,813.5,808.55,809.95
2007-09-18,833.25,833.25,812.35,833.25
2007-09-19,838.25,843.8,835.3,838.25
2007-09-20,832.3,838,831,832.3
2007-09-21,833.9,838.75,835.6,833.9
2007-09-24,832.4,837.85,830.2,832.4
2007-09-25,830.85,831.75,825.45,830.85
2007-09-26,840.4,840.4,840.4,840.4
2007-09-27,846.35,846.35,846.35,846.35
2007-09-28,843.3,843.3,843.3,843.3
2007-10-01,853.3,853.3,853.3,853.3
2007-10-02,852.25,852.25,852.25,852.25
2007-10-03,850.3,850.3,850.3,850.3
2007-10-04,851.3,851.3,851.3,851.3
2007-10-05,861.2,861.2,861.2,861.2
2007-10-08,857.1,857.1,857.1,857.1
2007-10-09,864.85,864.85,864.85,864.85
2007-10-10,863.4,863.4,863.4,863.4
2007-10-11,859.3,859.3,859.3,859.3
2007-10-12,864.15,864.15,864.15,864.15
2007-10-15,856.3,856.3,856.3,856.3
2007-10-16,849,849,849,849
2007-10-17,852.2,852.2,852.2,852.2
2007-10-18,849,849,849,849
2007-10-19,827.4,827.4,827.4,827.4
2007-10-22,831.45,831.45,831.45,831.45
2007-10-23,837.8,837.8,837.8,837.8
2007-10-24,836.15,836.15,836.15,836.15
2007-10-25,836.95,836.95,836.95,836.95
2007-10-26,846.3,846.3,846.3,846.3
2007-10-29,849.15,849.15,849.15,849.15
2007-10-30,843.2,843.2,843.2,843.2
2007-10-31,853.7,853.7,853.7,853.7
2007-11-01,832.9,832.9,832.9,832.9
2007-11-02,832.8,832.8,832.8,832.8
2007-11-05,825.7,825.7,825.7,825.7
2007-11-06,836.55,836.55,836.55,836.55
2007-11-07,815,815,815,815
2007-11-08,811,811,811,811
2007-11-09,799.45,799.45,799.45,799.45
2007-11-12,790.45,790.45,790.45,790.45
2007-11-13,813.3,813.3,813.3,813.3
2007-11-14,811.2,811.2,811.2,811.2
2007-11-15,799.8,799.8,799.8,799.8
2007-11-16,801.3,801.3,801.3,801.3
2007-11-19,789.15,789.15,789.15,789.15
2007-11-20,792.95,792.95,792.95,792.95
2007-11-21,780.95,780.95,780.95,780.95
2007-11-22,780.95,780.95,780.95,780.95
2007-11-23,789.95,789.95,789.95,789.95
2007-11-26,773.85,773.85,773.85,773.85
2007-11-27,782.75,782.75,782.75,782.75
2007-11-28,806.35,806.35,806.35,806.35
2007-11-29,806.9,806.9,806.9,806.9
2007-11-30,813.8,813.8,813.8,813.8
2007-12-03,808.9,808.9,808.9,808.9
2007-12-04,802.9,802.9,802.9,802.9
2007-12-05,814.8,814.8,814.8,814.8
2007-12-06,826.55,826.55,826.55,826.55
2007-12-07,826.85,826.85,826.85,826.85
2007-12-10,833.55,833.55,833.55,833.55
2007-12-11,810.8,810.8,810.8,810.8
2007-12-12,816.7,817.3,811.5,816.7
2007-12-13,816.3,810.25,808.8,816.3
2007-12-14,805.1,814.75,805.55,805.1
2007-12-17,793.05,803.2,792.5,793.05
2007-12-18,798.2,800.1,787.05,798.2
2007-12-19,797,802.05,792.7,797
2007-12-20,803.5,802.05,794.3,803.5
2007-12-21,815.95,814.5,808.65,815.95
2007-12-24,821.9,821.8,817.1,821.9
2007-12-25,821.9,821.8,817.1,821.9
2007-12-26,822,822,817,822
2007-12-27,818.25,818.25,818.25,818.25
2007-12-28,816.2,816.2,816.2,816.2
2007-12-31,811.85,811.85,811.85,811.85
2008-01-01,811.85,811.85,811.85,811.85
2008-01-02,802.05,802.05,802.05,802.05
2008-01-03,801.1,801.1,801.1,801.1
2008-01-04,780.9,780.9,780.9,780.9
2008-01-07,779.15,779.15,779.15,779.15
2008-01-08,765.9,765.9,765.9,765.9
2008-01-09,773.55,773.55,773.55,773.55
2008-01-10,776.65,776.65,776.65,776.65
2008-01-11,770.45,770.45,770.45,770.45
2008-01-14,776.95,776.95,776.95,776.95
2008-01-15,759.4,759.4,759.4,759.4
2008-01-16,752.6,752.6,752.6,752.6
2008-01-17,733.1,733.1,733.1,733.1
2008-01-18,725.65,725.65,725.65,725.65
2008-01-21,688.8,688.8,688.8,688.8
2008-01-22,717.3,717.3,717.3,717.3
2008-01-23,731.25,731.25,731.25,731.25
2008-01-24,736.8,736.8,736.8,736.8
2008-01-25,727.7,727.7,727.7,727.7
2008-01-28,739.3,739.3,739.3,739.3
2008-01-29,743.85,743.85,743.85,743.85
2008-01-30,739.4,739.4,739.4,739.4
2008-01-31,753.7,753.7,753.7,753.7
2008-02-01,764.1,764.1,764.1,764.1
2008-02-04,754.45,754.45,754.45,754.45
2008-02-05,735.1,735.1,735.1,735.1
2008-02-06,727.4,727.4,727.4,727.4
2008-02-07,733.25,733.25,733.25,733.25
2008-02-08,728.7,728.7,728.7,728.7
2008-02-11,732.5,732.5,732.5,732.5
2008-02-12,738.6,738.6,738.6,738.6
2008-02-13,746.4,746.4,746.4,746.4
2008-02-14,739.35,739.35,739.35,739.35
2008-02-15,739.15,739.15,739.15,739.15
2008-02-18,739.15,739.15,739.15,739.15
2008-02-19,741.7,741.7,741.7,741.7
2008-02-20,743.6,743.6,743.6,743.6
2008-02-21,736.8,736.8,736.8,736.8
2008-02-22,741,741,741,741
2008-02-25,751.35,751.35,751.35,751.35
2008-02-26,757.1,757.1,757.1,757.1
2008-02-27,755.2,755.2,755.2,755.2
2008-02-28,747.5,747.5,747.5,747.5
2008-02-29,728.3,728.3,728.3,728.3
2008-03-03,728.3,728.3,728.3,728.3
2008-03-04,725,725,725,725
2008-03-05,723.9,729.8,723.9,730.1
2008-03-06,722.2,722.2,714.2,715.05
2008-03-07,713.35,713.35,701.95,706.9
2008-03-10,696.15,696.15,696.15,696.45
2008-03-11,706.15,714.35,706.1,721.75
2008-03-12,718.85,725.85,713.75,714.55
2008-03-13,703.65,721.4,700.55,717.1
2008-03-14,719.75,719.95,696.85,704.65
2008-03-17,689.05,701.8,686.7,693.5
2008-03-18,710,725.7,706.25,725.6
2008-03-19,728.75,730.75,706.95,706.25
2008-03-20,708.7,721.9,704.15,719
2008-03-21,708.7,721.9,704.15,719
2008-03-24,726.55,740.4,726.4,735.1
2008-03-25,738,738,738,738
2008-03-26,728.95,728.95,728.95,728.95
2008-03-27,726.45,726.45,726.45,726.45
2008-03-28,720,720,720,720
2008-03-31,723.4,723.4,723.4,723.4
2008-04-01,747.5,747.5,747.5,747.5
2008-04-02,748.2,748.2,748.2,748.2
2008-04-03,749.95,749.95,749.95,749.95
2008-04-04,750.15,750.15,750.15,750.15
2008-04-07,750.2,750.2,750.2,750.2
2008-04-08,749.9,749.9,749.9,749.9
2008-04-09,743.35,743.35,743.35,743.35
2008-04-10,745.15,745.15,745.15,745.15
2008-04-11,730.7,730.7,730.7,730.7
2008-04-14,728.3,728.3,728.3,728.3
2008-04-15,730.9,730.9,730.9,730.9
2008-04-16,749.95,749.95,749.95,749.95
2008-04-17,750.8,750.8,750.8,750.8
2008-04-18,759,759,759,759
2008-04-21,759.8,759.8,759.8,759.8
2008-04-22,755.2,755.2,755.2,755.2
2008-04-23,754.6,754.6,754.6,754.6
2008-04-24,757.85,757.85,757.85,757.85
2008-04-25,764.65,764.65,764.65,764.65
2008-04-28,764.55,764.55,764.55,764.55
2008-04-29,761.05,761.05,761.05,761.05
2008-04-30,758.6,758.6,758.6,758.6
2008-05-01,771.6,771.6,771.6,771.6
2008-05-02,774.05,774.05,774.05,774.05
2008-05-05,770.65,770.65,770.65,770.65
2008-05-06,776.45,776.45,776.45,776.45
2008-05-07,762.9,762.9,762.9,762.9
2008-05-08,762.1,762.1,762.1,762.1
2008-05-09,761,761,761,761
2008-05-12,769.55,769.55,769.55,769.55
2008-05-13,770.2,770.2,770.2,770.2
2008-05-14,771.8,771.8,771.8,771.8
2008-05-15,781.45,781.45,781.45,781.45
2008-05-16,782.25,782.25,782.25,782.25
2008-05-19,784,784,784,784
2008-05-20,777.55,777.55,777.55,777.55
2008-05-21,764.95,764.95,764.95,764.95
2008-05-22,764.5,764.5,764.5,764.5
2008-05-23,754.7,754.7,754.7,754.7
2008-05-26,754.7,754.7,754.7,754.7
2008-05-27,760.2,760.2,760.2,760.2
2008-05-28,763.9,763.9,763.9,763.9
2008-05-29,767.3,767.3,767.3,767.3
2008-05-30,770.2,770.2,770.2,770.2
2008-06-02,761.7,761.7,761.7,761.7
2008-06-03,758.1,758.1,758.1,758.1
2008-06-04,757.5,757.5,757.5,757.5
2008-06-05,765.6,768.5,765.6,772.35
2008-06-06,749,749,749,749
2008-06-09,750.7,750.7,750.7,750.7
2008-06-10,745.9,745.9,745.9,745.9
2008-06-11,737.9,738.25,737.9,736.5
2008-06-12,741.2,741.2,733.8,737.35
2008-06-13,742.05,748.6,739.4,746.4
2008-06-16,743.3,751.3,743.25,748.05
2008-06-17,752.9,752.95,744.3,744.5
2008-06-18,740.2,740.8,734.85,736.85
2008-06-19,736.65,742.5,733.4,738.4
2008-06-20,734,734.15,725.75,725.85
2008-06-23,729.3,729.3,724.6,724.6
2008-06-24,723.95,723.95,723.95,723.95
2008-06-25,728.3,728.3,728.3,728.3
2008-06-26,707.75,707.75,707.75,707.75
2008-06-27,705.5,705.5,705.5,705.5
2008-06-30,706.3,706.3,706.3,706.3
2008-07-01,708,708,708,708
2008-07-02,694.3,694.3,694.3,694.3
2008-07-03,694.5,694.5,694.5,694.5
2008-07-04,694.5,694.5,694.5,694.5
2008-07-07,686.4,686.4,686.4,686.4
2008-07-08,698.5,698.5,698.5,698.5
2008-07-09,685.35,685.35,685.35,685.35
2008-07-10,689.6,689.6,689.6,689.6
2008-07-11,681.4,681.4,681.4,681.4
2008-07-14,675.1,675.1,675.1,675.1
2008-07-15,666.05,666.05,666.05,666.05
2008-07-16,681.8,681.8,681.8,681.8
2008-07-17,687.9,687.9,687.9,687.9
2008-07-18,692.1,692.1,692.1,692.1
2008-07-21,693.6,693.6,693.6,693.6
2008-07-22,700.5,700.5,700.5,700.5
2008-07-23,704.2,704.2,704.2,704.2
2008-07-24,687.75,687.75,687.75,687.75
2008-07-25,688.35,688.35,688.35,688.35
2008-07-28,678,678,678,678
2008-07-29,692.45,692.45,692.45,692.45
2008-07-30,705.15,705.15,705.15,705.15
2008-07-31,695.9,695.9,695.9,695.9
2008-08-01,691.65,691.65,691.65,691.65
2008-08-04,684.4,684.4,684.4,684.4
2008-08-05,701.7,701.7,701.7,701.7
2008-08-06,705.5,705.5,705.5,705.5
2008-08-07,694.7,694.7,694.7,694.7
2008-08-08,707.45,707.45,707.45,707.45
2008-08-11,713.8,713.8,713.8,713.8
2008-08-12,707.15,707.15,707.15,707.15
2008-08-13,704,704,704,704
2008-08-14,709.15,709.15,709.15,709.15
2008-08-15,712.1,712.1,712.1,712.1
2008-08-18,702.6,702.6,702.6,702.6
2008-08-19,695.2,695.2,695.2,695.2
2008-08-20,698.25,698.25,698.25,698.25
2008-08-21,699.7,699.7,699.7,699.7
2008-08-22,707.6,707.6,707.6,707.6
2008-08-25,693.95,693.95,693.95,693.95
2008-08-26,696.35,696.35,696.35,696.35
2008-08-27,702.8,702.8,702.8,702.8
2008-08-28,710.9,710.9,710.9,710.9
2008-08-29,703,703,703,703
2008-09-01,703,703,703,703
2008-09-02,704.8,704.8,704.8,698.6
2008-09-03,697.15,697.15,697.15,697.15
2008-09-04,683.1,683.1,683.1,676.4
2008-09-05,677.1,677.1,677.1,677.1
2008-09-08,691.5,691.5,691.5,691.5
2008-09-09,668.15,668.15,668.15,668.15
2008-09-10,672,672,672,672
2008-09-11,664.85,672.1,664.85,682.55
2008-09-12,675.75,685.3,674.2,686.15
2008-09-15,663.55,673.15,653.35,652.5
2008-09-16,642,664.9,637,667
2008-09-17,651.3,657.05,629.85,631.2
2008-09-18,642.5,662.3,620.5,680.4
2008-09-19,695.5,695.5,675.55,680.4
2008-09-22,682.5,682.9,661,664.25
2008-09-23,649.35,649.35,649.35,649.35
2008-09-24,651.2,651.2,651.2,651.2
2008-09-25,663,663,663,663
2008-09-26,662.75,662.75,662.75,662.75
2008-09-29,609,609,609,609
2008-09-30,636.2,636.2,636.2,636.2
2008-10-01,634.4,634.4,634.4,634.4
2008-10-02,610.45,610.45,610.45,610.45
2008-10-03,601.35,601.35,601.35,601.35
2008-10-06,571.3,571.3,571.3,571.3
2008-10-07,545.35,545.35,545.35,545.35
2008-10-08,532.7,532.7,532.7,532.7
2008-10-09,494.1,494.1,494.1,494.1
2008-10-10,485.65,485.65,485.65,485.65
2008-10-13,550,550,550,550
2008-10-14,541,541,541,541
2008-10-15,489.45,489.45,489.45,489.45
2008-10-16,506.85,506.85,506.85,506.85
2008-10-17,506.3,506.3,506.3,506.3
2008-10-20,537.2,537.2,537.2,537.2
2008-10-21,520.2,520.2,520.2,520.2
2008-10-22,488.6,488.6,488.6,488.6
2008-10-23,495.35,495.35,495.35,495.35
2008-10-24,467.5,467.5,467.5,467.5
2008-10-27,451.5,451.5,451.5,451.5
2008-10-28,506.6,506.6,506.6,506.6
2008-10-29,500.6,500.6,500.6,500.6
2008-10-30,519.4,519.4,519.4,519.4
2008-10-31,523.1,523.1,523.1,523.1
2008-11-03,523.9,523.9,523.9,523.9
2008-11-04,541.9,541.9,541.9,541.9
2008-11-05,517.4,517.4,517.4,517.4
2008-11-06,489.6,489.6,489.6,489.6
2008-11-07,507.5,507.5,507.5,507.5
2008-11-10,498.55,498.55,498.55,498.55
2008-11-11,481.8,481.8,481.8,481.8
2008-11-12,460.15,460.15,460.15,460.15
2008-11-13,489.9,489.9,489.9,489.9
2008-11-14,463.9,463.9,463.9,463.9
2008-11-17,458.9,458.9,458.9,458.9
2008-11-18,471.8,471.8,471.8,471.8
2008-11-19,438.3,438.3,438.3,438.3
2008-11-20,403.1,403.1,403.1,403.1
2008-11-21,425.4,425.4,425.4,425.4
2008-11-24,454.6,454.6,454.6,454.6
2008-11-25,458,458,458,458
2008-11-26,477.6,477.6,477.6,477.6
2008-11-27,477.6,477.6,477.6,477.6
2008-11-28,482.5,482.5,482.5,482.5
2008-12-01,438,438,438,438
2008-12-02,455.5,455.5,455.5,455.5
2008-12-03,465.7,465.7,465.7,465.7
2008-12-04,454.65,454.65,454.65,454.65
2008-12-05,466.8,466.8,466.8,466.8
2008-12-08,485.7,485.7,485.7,485.7
2008-12-09,477.7,477.7,477.7,477.7
2008-12-10,481.6,481.6,481.6,481.6
2008-12-11,483.65,484.95,469.45,470.1
2008-12-12,463.15,475.7,463.15,476.6
2008-12-15,474.75,475.35,461.25,469
2008-12-16,474,492.2,471.3,491.05
2008-12-17,485.65,494.2,482.1,486.65
2008-12-18,492.9,492.9,472.2,480.9
2008-12-19,480,486.55,472.25,474.85
2008-12-22,476.45,476.65,459.3,468.35
2008-12-23,462,462,462,462
2008-12-24,464.35,464.35,464.35,464.35
2008-12-25,464.35,464.35,464.35,464.35
2008-12-26,466.75,466.75,466.75,466.75
2008-12-29,468.15,468.15,468.15,468.15
2008-12-30,477.95,477.95,477.95,477.95
2008-12-31,484.85,484.85,484.85,484.85
2009-01-01,484.85,484.85,484.85,484.85
2009-01-02,498.95,498.95,498.95,498.95
2009-01-05,500.45,500.45,500.45,500.45
2009-01-06,502.8,502.8,502.8,502.8
2009-01-07,489.6,489.6,489.6,489.6
2009-01-08,491.15,491.15,491.15,491.15
2009-01-09,479.55,479.55,479.55,479.55
2009-01-12,469.85,469.85,469.85,469.85
2009-01-13,470.5,470.5,470.5,470.5
2009-01-14,454.35,454.35,454.35,454.35
2009-01-15,455.15,455.15,455.15,455.15
2009-01-16,459.95,459.95,459.95,459.95
2009-01-19,459.95,459.95,459.95,459.95
2009-01-20,437.5,437.5,437.5,437.5
2009-01-21,452.5,452.5,452.5,452.5
2009-01-22,446.2,446.2,446.2,446.2
2009-01-23,445.1,445.1,445.1,445.1
2009-01-26,449.2,449.2,449.2,449.2
2009-01-27,453.5,453.5,453.5,453.5
2009-01-28,470.8,470.8,470.8,470.8
2009-01-29,455.4,455.4,455.4,455.4
2009-01-30,444.6,444.6,444.6,444.6
2009-02-02,443.8,443.8,443.8,443.8
2009-02-03,449.25,449.25,449.25,449.25
2009-02-04,448.5,448.5,448.5,448.5
2009-02-05,454.5,454.5,454.5,454.5
2009-02-06,470.2,470.2,470.2,470.2
2009-02-09,468.35,468.35,468.35,468.35
2009-02-10,448.15,448.15,448.15,448.15
2009-02-11,450,450,450,450
2009-02-12,452.85,452.85,452.85,452.85
2009-02-13,443.7,443.7,443.7,443.7
2009-02-16,443.7,443.7,443.7,443.7
2009-02-17,426.05,426.05,426.05,426.05
2009-02-18,422.3,422.3,422.3,422.3
2009-02-19,421.8,421.8,421.8,421.8
2009-02-20,417.45,417.45,417.45,417.45
2009-02-23,403.4,403.4,403.4,403.4
2009-02-24,416.1,416.1,416.1,416.1
2009-02-25,412.2,412.2,412.2,412.2
2009-02-26,406.9,406.9,406.9,406.9
2009-02-27,398.1,398.1,398.1,398.1
2009-03-02,382.05,382.05,382.05,382.05
2009-03-03,373,373,373,373
2009-03-04,383.4,383.4,383.4,383.4
2009-03-05,371.8,371.8,371.8,371.8
2009-03-06,372.3,372.3,372.3,372.3
2009-03-09,370.7,370.95,370.55,365.8
2009-03-10,383.45,385.4,383.45,388.1
2009-03-11,391.75,391.75,391.75,390.05
2009-03-12,394.8,405.6,394.1,406.65
2009-03-13,407.95,410.45,402.6,410.45
2009-03-16,413.1,418.2,406.95,408.7
2009-03-17,407.4,420.4,405.55,420.9
2009-03-18,417.4,433.5,413.55,430
2009-03-19,433.5,434.4,423.7,424.1
2009-03-20,426.6,427,414.75,415.45
2009-03-23,425.15,445.7,424.9,444.25
2009-03-24,434.4,434.4,434.4,434.4
2009-03-25,437.35,437.35,437.35,437.35
2009-03-26,448.2,448.2,448.2,448.2
2009-03-27,441.3,441.3,441.3,441.3
2009-03-30,424.7,424.7,424.7,424.7
2009-03-31,429.7,429.7,429.7,429.7
2009-04-01,437.85,437.85,437.85,437.85
2009-04-02,452.65,452.65,452.65,452.65
2009-04-03,456,456,456,456
2009-04-06,450.5,450.5,450.5,450.5
2009-04-07,440.65,440.65,440.65,440.65
2009-04-08,445.7,445.7,445.7,445.7
2009-04-09,462.35,462.35,462.35,462.35
2009-04-10,462.35,462.35,462.35,462.35
2009-04-13,462.95,462.95,462.95,462.95
2009-04-14,455.85,455.85,455.85,455.85
2009-04-15,460.35,460.35,460.35,460.35
2009-04-16,467.95,467.95,467.95,467.95
2009-04-17,470.85,470.85,470.85,470.85
2009-04-20,451.85,451.85,451.85,451.85
2009-04-21,460.1,460.1,460.1,460.1
2009-04-22,454.8,454.8,454.8,454.8
2009-04-23,460.7,460.7,460.7,460.7
2009-04-24,470.65,470.65,470.65,470.65
2009-04-27,465.3,465.3,465.3,465.3
2009-04-28,462.45,462.45,462.45,462.45
2009-04-29,472.4,472.4,472.4,472.4
2009-04-30,473.3,473.3,473.3,473.3
2009-05-01,476.75,476.75,476.75,476.75
2009-05-04,491.7,491.7,491.7,491.7
2009-05-05,491.9,491.9,491.9,491.9
2009-05-06,498.85,498.85,498.85,498.85
2009-05-07,493.05,493.05,493.05,493.05
2009-05-08,502.45,502.45,502.45,502.45
2009-05-11,494.45,494.45,494.45,494.45
2009-05-12,492.65,492.65,492.65,492.65
2009-05-13,480.05,480.05,480.05,480.05
2009-05-14,482.5,482.5,482.5,482.5
2009-05-15,479.1,479.1,479.1,479.1
2009-05-18,493.1,493.1,493.1,493.1
2009-05-19,492.6,492.6,492.6,492.6
2009-05-20,489.4,489.4,489.4,489.4
2009-05-21,483.05,483.05,483.05,483.05
2009-05-22,480.9,480.9,480.9,480.9
2009-05-25,480.9,480.9,480.9,480.9
2009-05-26,494.05,494.05,494.05,494.05
2009-05-27,485.3,485.3,485.3,485.3
2009-05-28,492.15,492.15,492.15,492.15
2009-05-29,499.3,499.3,499.3,499.3
2009-06-01,511.1,511.1,511.1,511.1
2009-06-02,512.5,512.5,512.5,512.5
2009-06-03,506.1,506.1,506.1,506.1
2009-06-04,512,512,512,512
2009-06-05,511.5,511.5,511.5,511.5
2009-06-08,510.35,510.35,510.35,510.35
2009-06-09,512.55,515.15,509.2,511.45
2009-06-10,516.8,517.65,505.45,512.05
2009-06-11,513.25,520.35,512.85,513.05
2009-06-12,511.85,514.95,508.95,514.05
2009-06-15,508.65,508.65,500.25,502.4
2009-06-16,504.45,505.05,495.4,495.9
2009-06-17,495.7,499.15,491,494.25
2009-06-18,495.95,500.3,493.3,498.45
2009-06-19,503.1,503.65,496.85,500.05
2009-06-22,494.75,495.35,484.4,484.7
2009-06-23,485.2,485.2,485.2,485.2
2009-06-24,490.2,490.2,490.2,490.2
2009-06-25,500.35,500.35,500.35,500.35
2009-06-26,499.25,499.25,499.25,499.25
2009-06-29,502.3,502.3,502.3,502.3
2009-06-30,499.35,499.35,499.35,499.35
2009-07-01,501.35,501.35,501.35,501.35
2009-07-02,487.2,487.2,487.2,487.2
2009-07-03,487.2,487.2,487.2,487.2
2009-07-06,488.25,488.25,488.25,488.25
2009-07-07,479.1,479.1,479.1,479.1
2009-07-08,475.4,475.4,475.4,475.4
2009-07-09,478.95,478.95,478.95,478.95
2009-07-10,476.2,476.2,476.2,476.2
2009-07-13,487.5,487.5,487.5,487.5
2009-07-14,490.9,490.9,490.9,490.9
2009-07-15,505.2,505.2,505.2,505.2
2009-07-16,509.7,509.7,509.7,509.7
2009-07-17,510.25,510.25,510.25,510.25
2009-07-20,517.45,517.45,517.45,517.45
2009-07-21,520.3,520.3,520.3,520.3
2009-07-22,519,519,519,519
2009-07-23,528.75,528.75,528.75,528.75
2009-07-24,534.05,534.05,534.05,534.05
2009-07-27,535.05,535.05,535.05,535.05
2009-07-28,532.9,532.9,532.9,532.9
2009-07-29,532,532,532,532
2009-07-30,536.15,536.15,536.15,536.15
2009-07-31,537.3,537.3,537.3,537.3
2009-08-03,546.9,546.9,546.9,546.9
2009-08-04,549.25,549.25,549.25,549.25
2009-08-05,546.7,546.7,546.7,546.7
2009-08-06,543.6,543.6,543.6,543.6
2009-08-07,549.95,549.95,549.95,549.95
2009-08-10,550.8,550.8,550.8,550.8
2009-08-11,542.65,542.65,542.65,542.65
2009-08-12,547.75,547.75,547.75,547.75
2009-08-13,554,554,554,554
2009-08-14,549.75,549.75,549.75,549.75
2009-08-17,534.3,534.3,534.3,534.3
2009-08-18,540.55,540.55,540.55,540.55
2009-08-19,544.35,544.35,544.35,544.35
2009-08-20,547.8,547.8,547.8,547.8
2009-08-21,558.05,558.05,558.05,558.05
2009-08-24,558,558,558,558
2009-08-25,558.95,558.95,558.95,558.95
2009-08-26,559.3,559.3,559.3,559.3
2009-08-27,560.55,560.55,560.55,560.55
2009-08-28,559.85,559.85,559.85,559.85
2009-08-31,555.45,555.45,555.45,555.45
2009-09-01,542.9,542.9,542.9,542.9
2009-09-02,541.45,541.45,541.45,541.45
2009-09-03,546.1,546.1,546.1,546.1
2009-09-04,552.7,552.7,552.7,552.7
2009-09-07,552.7,552.7,552.7,552.7
2009-09-08,557.45,558.9,557.45,559.1
2009-09-09,558.7,564.95,558.35,563.65
2009-09-10,562.95,569.65,562.95,568.75
2009-09-11,570.35,572.25,567.4,568.9
2009-09-14,566.3,573.7,565.85,572.7
2009-09-15,574.75,577.55,570.5,574.55
2009-09-16,578,584.4,577.15,584.5
2009-09-17,583.65,588.5,580.4,583.85
2009-09-18,585.25,586,581.9,582.5
2009-09-21,579.3,583.35,577.8,582.5
2009-09-22,584.35,584.35,584.35,584.35
2009-09-23,579.15,579.15,579.15,579.15
2009-09-24,570.9,570.9,570.9,570.9
2009-09-25,569.15,569.15,569.15,569.15
2009-09-28,579.25,579.25,579.25,579.25
2009-09-29,576.7,576.7,576.7,576.7
2009-09-30,575.7,575.7,575.7,575.7
2009-10-01,561.5,561.5,561.5,561.5
2009-10-02,558.3,558.3,558.3,558.3
2009-10-05,566.65,566.65,566.65,566.65
2009-10-06,573.1,573.1,573.1,573.1
2009-10-07,575.95,575.95,575.95,575.95
2009-10-08,581.8,581.8,581.8,581.8
2009-10-09,584.35,584.35,584.35,584.35
2009-10-12,586.05,586.05,586.05,586.05
2009-10-13,584.35,584.35,584.35,584.35
2009-10-14,595,595,595,595
2009-10-15,596.2,596.2,596.2,596.2
2009-10-16,591.95,591.95,591.95,591.95
2009-10-19,596.55,596.55,596.55,596.55
2009-10-20,595.5,595.5,595.5,595.5
2009-10-21,589.25,589.25,589.25,589.25
2009-10-22,596.15,596.15,596.15,596.15
2009-10-23,588.25,588.25,588.25,588.25
2009-10-26,582.55,582.55,582.55,582.55
2009-10-27,578.6,578.6,578.6,578.6
2009-10-28,565.65,565.65,565.65,565.65
2009-10-29,578.4,578.4,578.4,578.4
2009-10-30,562.7,562.7,562.7,562.7
2009-11-02,565.95,565.95,565.95,565.95
2009-11-03,567.25,567.25,567.25,567.25
2009-11-04,569.35,569.35,569.35,569.35
2009-11-05,579.9,579.9,579.9,579.9
2009-11-06,581.15,581.15,581.15,581.15
2009-11-09,595.2,595.2,595.2,595.2
2009-11-10,594.75,594.75,594.75,594.75
2009-11-11,598.05,598.05,598.05,598.05
2009-11-12,592.85,592.85,592.85,592.85
2009-11-13,595.1,595.1,595.1,595.1
2009-11-16,603.35,603.35,603.35,603.35
2009-11-17,603.8,603.8,603.8,603.8
2009-11-18,603.9,603.9,603.9,603.9
2009-11-19,596.05,596.05,596.05,596.05
2009-11-20,593.75,593.75,593.75,593.75
2009-11-23,600.7,600.7,600.7,600.7
2009-11-24,600.3,600.3,600.3,600.3
2009-11-25,603.6,603.6,603.6,603.6
2009-11-26,603.6,603.6,603.6,603.6
2009-11-27,592.6,592.6,592.6,592.6
2009-11-30,595.85,595.85,595.85,595.85
2009-12-01,603.1,603.1,603.1,603.1
2009-12-02,603.05,603.05,603.05,603.05
2009-12-03,597.6,597.6,597.6,597.6
2009-12-04,603.7,603.7,603.7,603.7
2009-12-07,601.25,601.25,601.25,601.25
2009-12-08,595.05,595.05,595.05,594.1
2009-12-09,597,597,597,597
2009-12-10,602.4,603.7,599.95,601
2009-12-11,602.75,604.1,601.4,604.2
2009-12-14,607.15,607.85,605.25,607.6
2009-12-15,604.9,607.15,603.25,605.15
2009-12-16,607.75,609.45,605.3,606.5
2009-12-17,601.25,603,598.7,600.6
2009-12-18,602.4,602.95,598,602.45
2009-12-21,605.6,609.8,605.6,607.85
2009-12-22,604.85,604.85,604.85,604.85
2009-12-23,606.4,606.4,606.4,606.4
2009-12-24,609.95,609.95,609.95,609.95
2009-12-25,609.95,609.95,609.95,609.95
2009-12-28,613.3,613.3,613.3,613.3
2009-12-29,612.5,612.5,612.5,612.5
2009-12-30,612.8,612.8,612.8,612.8
2009-12-31,606.65,606.65,606.65,606.65
2010-01-01,606.65,606.65,606.65,606.65
2010-01-04,616.45,616.45,616.45,616.45
2010-01-05,618.45,618.45,618.45,618.45
2010-01-06,618.95,618.95,618.95,618.95
2010-01-07,621.6,621.6,621.6,621.6
2010-01-08,624,624,624,624
2010-01-11,624.75,624.75,624.75,624.75
2010-01-12,619.5,619.5,619.5,619.5
2010-01-13,623.75,623.75,623.75,623.75
2010-01-14,625.7,625.7,625.7,625.7
2010-01-15,618.5,618.5,618.5,618.5
2010-01-18,618.5,618.5,618.5,618.5
2010-01-19,625.55,625.55,625.55,625.55
2010-01-20,619.65,619.65,619.65,619.65
2010-01-21,608.4,608.4,608.4,608.4
2010-01-22,596.8,596.8,596.8,596.8
2010-01-25,596.65,596.65,596.65,596.65
2010-01-26,595.1,595.1,595.1,595.1
2010-01-27,597.3,597.3,597.3,597.3
2010-01-28,588.45,588.45,588.45,588.45
2010-01-29,583.6,583.6,583.6,583.6
2010-02-01,592.55,592.55,592.55,592.55
2010-02-02,598.55,598.55,598.55,598.55
2010-02-03,598.25,598.25,598.25,598.25
2010-02-04,578.8,578.8,578.8,578.8
2010-02-05,579,579,579,579
2010-02-08,577.3,577.3,577.3,577.3
2010-02-09,582.7,582.7,582.7,582.7
2010-02-10,580.9,580.9,580.9,580.9
2010-02-11,588.9,588.9,588.9,588.9
2010-02-12,590.5,590.5,590.5,590.5
2010-02-15,590.5,590.5,590.5,590.5
2010-02-16,598.35,598.35,598.35,598.35
2010-02-17,602,602,602,602
2010-02-18,605.2,605.2,605.2,605.2
2010-02-19,605.8,605.8,605.8,605.8
2010-02-22,606.5,606.5,606.5,606.5
2010-02-23,600.4,600.4,600.4,600.4
2010-02-24,603.8,603.8,603.8,603.8
2010-02-25,603.25,603.25,603.25,603.25
2010-02-26,604.1,604.1,604.1,604.1
2010-03-01,610.6,610.6,610.6,610.6
2010-03-02,612.6,612.6,612.6,612.6
2010-03-03,613.2,613.2,613.2,613.2
2010-03-04,615.5,615.65,613.45,615.8
2010-03-05,620,620.2,619.35,623.3
2010-03-08,624.05,624.4,623.75,623.7
2010-03-09,627.25,627.8,624.25,625.65
2010-03-10,625.75,628.85,625.75,628.6
2010-03-11,626.4,631,625.65,631.3
2010-03-12,631.9,632.6,629.2,631.75
2010-03-15,630.05,631.3,626.2,631
2010-03-16,632.1,636.8,631.1,636.5
2010-03-17,638.1,642.2,638.1,639.8
2010-03-18,640.4,641,637.15,639.8
2010-03-19,640.75,641.4,633.5,636.4
2010-03-22,641.05,641.05,632,639.8
2010-03-23,641.7,641.7,641.7,641.7
2010-03-24,639.15,639.15,639.15,639.15
2010-03-25,637.6,637.6,637.6,637.6
2010-03-26,637.95,637.95,637.95,637.95
2010-03-29,640.9,640.9,640.9,640.9
2010-03-30,641.5,641.5,641.5,641.5
2010-03-31,639.1,639.1,639.1,639.1
2010-04-01,643.8,643.8,643.8,643.8
2010-04-02,643.8,643.8,643.8,643.8
2010-04-05,649.65,649.65,649.65,649.65
2010-04-06,651.25,651.25,651.25,651.25
2010-04-07,647.4,647.4,647.4,647.4
2010-04-08,649.85,649.85,649.85,649.85
2010-04-09,652.45,652.45,652.45,654.65
2010-04-12,654.7,654.7,654.7,654.7
2010-04-13,655,655,655,655
2010-04-14,662.8,662.8,662.8,662.8
2010-04-15,663.85,663.85,663.85,663.85
2010-04-16,653.85,653.85,653.85,653.85
2010-04-19,656.7,656.7,656.7,656.7
2010-04-20,662,662,662,662
2010-04-21,659.15,659.15,659.15,659.15
2010-04-22,661.1,661.1,661.1,661.1
2010-04-23,667.3,667.3,667.3,667.3
2010-04-26,664.95,664.95,664.95,664.95
2010-04-27,649.65,649.65,649.65,649.65
2010-04-28,654.55,654.55,654.55,654.55
2010-04-29,663.2,663.2,663.2,663.2
2010-04-30,650.9,650.9,650.9,650.9
2010-05-03,659.2,659.2,659.2,659.2
2010-05-04,644.6,644.6,644.6,644.6
2010-05-05,639.6,639.6,639.6,639.6
2010-05-06,639.5,639.5,585.1,616.6
2010-05-07,619.7,619.7,618,607.3
2010-05-10,634.9,634.9,634.9,634.9
2010-05-11,632.5,632.5,632.5,632.5
2010-05-12,642.9,642.9,642.9,642.9
2010-05-13,635.9,635.9,635.9,635.9
2010-05-14,623.8,623.8,623.8,623.8
2010-05-17,623.3,623.3,623.3,623.3
2010-05-18,614.3,614.3,614.3,614.3
2010-05-19,609.3,609.3,609.3,609.3
2010-05-20,587.1,587.1,587.1,587.1
2010-05-21,594.9,594.9,594.9,594.9
2010-05-24,588.2,588.2,588.2,588.2
2010-05-25,589.1,589.1,589.1,589.1
2010-05-26,583.3,583.3,583.3,583.3
2010-05-27,605.4,605.4,605.4,605.4
2010-05-28,598.9,598.9,598.9,598.9
2010-05-31,598.9,598.9,598.9,598.9
2010-06-01,587.5,587.5,587.5,587.5
2010-06-02,602.3,602.3,602.3,602.3
2010-06-03,607.1,607.1,607.1,607.1
2010-06-04,586.3,586.3,586.3,586.3
2010-06-07,575.8,575.8,575.8,575.8
2010-06-08,581.7,581.7,581.7,581.7
2010-06-09,580.3,580.3,580.3,580.3
2010-06-10,592.4,596.6,589.7,595.8
2010-06-11,595,600.6,593.1,599.1
2010-06-14,604.8,608.4,599.4,599.9
2010-06-15,603.6,613.6,602.7,612.7
2010-06-16,610,615.5,608.9,612.8
2010-06-17,615,615,607.8,613.7
2010-06-18,615,616.1,612.3,612.3
2010-06-21,621.7,621.8,608.9,612.4
2010-06-22,598.8,598.8,598.8,598.8
2010-06-23,597.1,597.1,597.1,597.1
2010-06-24,588.3,588.3,588.3,588.3
2010-06-25,590,590,590,590
2010-06-28,587.4,587.4,587.4,587.4
2010-06-29,567,567,567,567
2010-06-30,562.7,562.7,562.7,562.7
2010-07-01,560.2,560.2,560.2,560.2
2010-07-02,556,556,556,556
2010-07-05,556,556,556,556
2010-07-06,560.8,560.8,560.8,560.8
2010-07-07,580.3,580.3,580.3,580.3
2010-07-08,584.6,584.6,584.6,584.6
2010-07-09,587.6,587.6,587.6,587.6
2010-07-12,589.6,589.6,589.6,589.6
2010-07-13,597.2,597.2,597.2,597.2
2010-07-14,597.8,597.8,597.8,597.8
2010-07-15,597.4,597.4,597.4,597.4
2010-07-16,582.4,582.4,582.4,582.4
2010-07-19,582.7,582.7,582.7,582.7
2010-07-20,592,592,592,592
2010-07-21,583.2,583.2,583.2,583.2
2010-07-22,596.1,596.1,596.1,596.1
2010-07-23,603.6,603.6,603.6,603.6
2010-07-26,608.7,608.7,608.7,608.7
2010-07-27,608.8,608.8,608.8,608.8
2010-07-28,603.9,603.9,603.9,603.9
2010-07-29,600.8,600.8,600.8,600.8
2010-07-30,602,602,602,602
2010-08-02,614.6,614.6,614.6,614.6
2010-08-03,612.6,612.6,612.6,612.6
2010-08-04,616.3,616.3,616.3,616.3
2010-08-05,615.5,615.5,615.5,615.5
2010-08-06,613.8,613.8,613.8,613.8
2010-08-09,617,617,617,617
2010-08-10,613,613,613,613
2010-08-11,594,594,594,594
2010-08-12,590.8,590.8,590.8,590.8
2010-08-13,589.2,589.2,589.2,589.2
2010-08-16,589.7,589.7,589.7,589.7
2010-08-17,596.7,596.7,596.7,596.7
2010-08-18,595.4,595.4,595.4,595.4
2010-08-19,587.3,587.3,587.3,587.3
2010-08-20,587.2,587.2,587.2,587.2
2010-08-23,583.8,583.8,583.8,583.8
2010-08-24,575.2,575.2,575.2,575.2
2010-08-25,578,578,578,578
2010-08-26,572.2,572.2,572.2,572.2
2010-08-27,570,570,570,580.5
2010-08-30,573,573,573,573
2010-08-31,574.6,574.6,574.6,574.6
2010-09-01,593,593,593,593
2010-09-02,598.1,598.1,598.1,598.1
2010-09-03,605.5,605.5,605.5,605.5
2010-09-06,605.5,605.5,605.5,605.5
2010-09-07,598.8,598.8,598.8,598.8
2010-09-08,602.8,602.8,602.8,602.8
2010-09-09,606.7,606.7,605.5,604.4
2010-09-10,606.4,608.5,605.8,607.2
2010-09-13,613.5,615.9,612.4,614.8
2010-09-14,612.8,618.4,611.8,615.3
2010-09-15,613,617.9,611.5,617.5
2010-09-16,615.4,617.4,613.3,618.6
2010-09-17,619.9,619.9,615.8,616.8
2010-09-20,619,627.6,618.3,626.3
2010-09-21,622.6,622.6,622.6,622.6
2010-09-22,619.7,619.7,619.7,619.7
2010-09-23,615,615,615,615
2010-09-24,627.3,627.3,627.3,627.3
2010-09-27,624.7,624.7,624.7,624.7
2010-09-28,627.2,627.2,627.2,627.2
2010-09-29,627.2,627.2,627.2,627.2
2010-09-30,624.9,624.9,624.9,624.9
2010-10-01,628,628,628,628
2010-10-04,623.8,623.8,623.8,623.8
2010-10-05,634.6,634.6,634.6,634.6
2010-10-06,634.9,634.9,634.9,634.9
2010-10-07,635.2,635.2,635.2,635.2
2010-10-08,637.5,637.5,637.5,637.5
2010-10-11,638.9,638.9,638.9,638.9
2010-10-12,640.3,640.3,640.3,640.3
2010-10-13,645.7,645.7,645.7,645.7
2010-10-14,645.2,645.2,645.2,645.2
2010-10-15,646.1,646.1,646.1,646.1
2010-10-18,647.4,647.4,647.4,647.4
2010-10-19,639.4,639.4,639.4,639.4
2010-10-20,645.5,645.5,645.5,645.5
2010-10-21,645.9,645.9,645.9,645.9
2010-10-22,649.1,649.1,649.1,649.1
2010-10-25,650.5,650.5,650.5,650.5
2010-10-26,650.4,650.4,650.4,650.4
2010-10-27,648.4,648.4,648.4,648.4
2010-10-28,648.5,648.5,648.5,648.5
2010-10-29,649.3,649.3,649.3,649.3
2010-11-01,651.1,651.1,651.1,651.1
2010-11-02,656.7,656.7,656.7,656.7
2010-11-03,659.4,659.4,659.4,659.4
2010-11-04,670.7,670.7,670.7,670.7
2010-11-05,672.5,672.5,672.5,672.5
2010-11-08,671.5,671.5,671.5,671.5
2010-11-09,666.1,666.1,666.1,666.1
2010-11-10,668.8,668.8,668.8,668.8
2010-11-11,667.1,667.1,667.1,667.1
2010-11-12,658.7,658.7,658.7,658.7
2010-11-15,658.8,658.8,658.8,658.8
2010-11-16,646.7,646.7,646.7,646.7
2010-11-17,649,649,649,649
2010-11-18,660.2,660.2,660.2,660.2
2010-11-19,660.5,660.5,660.5,660.5
2010-11-22,660.1,660.1,660.1,660.1
2010-11-23,649.8,649.8,649.8,649.8
2010-11-24,660.3,660.3,660.3,660.3
2010-11-25,660.3,660.3,660.3,660.3
2010-11-26,653.5,653.5,653.5,653.5
2010-11-29,655,655,655,655
2010-11-30,651,651,651,651
2010-12-01,664.7,664.7,664.7,664.7
2010-12-02,674.9,674.9,674.9,674.9
2010-12-03,675.3,675.3,675.3,675.3
2010-12-06,674.9,674.9,674.9,674.9
2010-12-07,674.8,674.8,674.8,674.8
2010-12-08,677.8,677.8,677.8,677.8
2010-12-09,679.7,680.6,676.9,680.3
2010-12-10,683.9,683.9,683.6,680
2010-12-13,686.5,687.2,684.1,684.6
2010-12-14,685.3,687.6,682.7,684.8
2010-12-15,683.8,686.6,680.7,682.1
2010-12-16,682.3,686.2,677.6,686
2010-12-17,685.2,687.5,684.5,686.2
2010-12-20,688.3,689.9,685.8,687.4
2010-12-21,691,691,691,691
2010-12-22,693.1,693.1,693.1,693.1
2010-12-23,692.2,692.2,692.2,692.2
2010-12-24,692.2,692.2,692.2,692.2
2010-12-27,692.3,692.3,692.3,692.3
2010-12-28,692.6,692.6,692.6,692.6
2010-12-29,694.3,694.3,694.3,694.3
2010-12-30,693.2,693.2,693.2,693.2
2010-12-31,692.5,692.5,692.5,692.5
2011-01-03,698.6,698.6,698.6,698.6
2011-01-04,698.6,698.6,698.6,698.6
2011-01-05,701.9,701.9,701.9,701.9
2011-01-06,701.2,701.2,701.2,701.2
2011-01-07,699.8,699.8,699.8,699.8
2011-01-10,698.9,698.9,698.9,698.9
2011-01-11,702,702,702,702
2011-01-12,708.9,708.9,708.9,708.9
2011-01-13,707.9,707.9,707.9,707.9
2011-01-14,712.1,712.1,712.1,712.1
2011-01-17,712.1,712.1,712.1,712.1
2011-01-18,715.7,715.7,715.7,715.7
2011-01-19,706.6,706.6,706.6,706.6
2011-01-20,704.3,704.3,704.3,704.3
2011-01-21,706.2,706.2,706.2,706.2
2011-01-24,711.1,711.1,711.1,711.1
2011-01-25,710.4,710.4,710.4,710.4
2011-01-26,714.4,714.4,714.4,714.4
2011-01-27,715.9,715.9,715.9,715.9
2011-01-28,703.1,703.1,703.1,703.1
2011-01-31,708.7,708.7,708.7,708.7
2011-02-01,719.6,719.6,719.6,719.6
2011-02-02,718.5,718.5,718.5,718.5
2011-02-03,720.1,720.1,720.1,720.1
2011-02-04,722.4,722.4,722.4,722.4
2011-02-07,727.1,727.1,727.1,727.1
2011-02-08,730.3,730.3,730.3,730.3
2011-02-09,728.9,728.9,728.9,728.9
2011-02-10,728.9,728.9,728.9,728.9
2011-02-11,733.9,733.9,733.9,733.9
2011-02-14,734.4,734.4,734.4,734.4
2011-02-15,733.6,733.6,733.6,733.6
2011-02-16,737.4,737.4,737.4,737.4
2011-02-17,740.2,740.2,740.2,740.2
2011-02-18,742.7,742.7,742.7,742.7
2011-02-21,742.7,742.7,742.7,742.7
2011-02-22,726.8,726.8,726.8,726.8
2011-02-23,720.9,720.9,720.9,720.9
2011-02-24,719.5,719.5,719.5,719.5
2011-02-25,729.1,729.1,729.1,729.1
2011-02-28,733.2,733.2,733.2,733.2
2011-03-01,719.4,719.4,719.4,719.4
2011-03-02,721.9,721.9,721.9,721.9
2011-03-03,735.3,735.3,735.3,735.3
2011-03-04,730.1,730.1,730.1,730.1
2011-03-07,723.5,723.5,723.5,723.5
2011-03-08,729.8,729.8,729.8,729.8
2011-03-09,727.2,727.2,727.2,727.2
2011-03-10,719.9,719.9,717.6,715.9
2011-03-11,714,723.3,714,721
2011-03-14,715.4,718.8,711.4,715.9
2011-03-15,697.9,712.6,696.9,707.9
2011-03-16,706.5,708.9,693,697.3
2011-03-17,705.5,707.5,700.9,704.7
2011-03-18,712.1,712.9,706,707.8
2011-03-21,716,719.6,715.6,718.2
2011-03-22,713.6,713.6,713.6,713.6
2011-03-23,715.3,715.3,715.3,715.3
2011-03-24,722.7,722.7,722.7,722.7
2011-03-25,725.7,725.7,725.7,725.7
2011-03-28,721.2,721.2,721.2,721.2
2011-03-29,729.3,729.3,729.3,729.3
2011-03-30,733.6,733.6,733.6,733.6
2011-03-31,732.5,732.5,732.5,732.5
2011-04-01,736.1,736.1,736.1,736.1
2011-04-04,737.3,737.3,737.3,737.3
2011-04-05,736.3,736.3,736.3,736.3
2011-04-06,737.1,737.1,737.1,737.1
2011-04-07,736.6,736.6,736.6,736.6
2011-04-08,734.2,734.2,734.2,734.2
2011-04-11,731.6,731.6,731.6,731.6
2011-04-12,724.9,724.9,724.9,724.9
2011-04-13,725.8,725.8,725.8,725.8
2011-04-14,726.5,726.5,726.5,726.5
2011-04-15,731.5,731.5,731.5,731.5
2011-04-18,721.7,721.7,721.7,721.7
2011-04-19,725.6,725.6,725.6,725.6
2011-04-20,736.7,736.7,736.7,736.7
2011-04-21,738.6,738.6,738.6,738.6
2011-04-22,738.6,738.6,738.6,738.6
2011-04-25,738.6,738.6,738.6,738.6
2011-04-26,744.3,744.3,744.3,744.3
2011-04-27,750.3,750.3,750.3,750.3
2011-04-28,752.1,752.1,752.1,752.1
2011-04-29,754.4,754.4,754.4,754.4
2011-05-02,753.6,753.6,753.6,753.6
2011-05-03,749.6,749.6,749.6,749.6
2011-05-04,744.4,744.4,744.4,744.4
2011-05-05,740.2,740.2,740.2,740.2
2011-05-06,740.3,740.3,740.3,740.3
2011-05-09,745.2,745.2,745.2,745.2
2011-05-10,751.5,751.5,751.5,751.5
2011-05-11,743.3,743.3,743.3,743.3
2011-05-12,748,748,748,748
2011-05-13,740.2,740.2,740.2,740.2
2011-05-16,735.4,735.4,735.4,735.4
2011-05-17,735,735,735,735
2011-05-18,742.6,742.6,742.6,742.6
2011-05-19,744.3,744.3,744.3,744.3
2011-05-20,737.1,737.1,737.1,737.1
2011-05-23,729.5,729.5,729.5,729.5
2011-05-24,728.8,728.8,728.8,728.8
2011-05-25,730.5,730.5,730.5,730.5
2011-05-26,736.4,736.4,736.4,736.4
2011-05-27,738.4,738.4,738.4,738.4
2011-05-30,738.4,738.4,738.4,738.4
2011-05-31,746.1,746.1,746.1,746.1
2011-06-01,728.9,728.9,728.9,728.9
2011-06-02,728.7,728.7,728.7,728.7
2011-06-03,719.5,719.5,719.5,719.5
2011-06-06,713.1,713.1,713.1,713.1
2011-06-07,712.4,712.4,712.4,712.4
2011-06-08,707.9,707.9,707.9,707.9
2011-06-09,709.5,716.2,709.3,713.3
2011-06-10,710.4,710.4,702,703.4
2011-06-13,705.1,706.9,700.2,703.5
2011-06-14,710.5,715.1,710.3,714.1
2011-06-15,706.6,709.1,699,700.5
2011-06-16,702.1,705.3,696.2,702.4
2011-06-17,708.1,708.2,701.4,703.6
2011-06-20,701.2,708.6,701.1,707.5
2011-06-21,715.2,715.2,715.2,715.2
2011-06-22,709.9,709.9,709.9,709.9
2011-06-23,708.6,708.6,708.6,708.6
2011-06-24,700.2,700.2,700.2,700.2
2011-06-27,708.1,708.1,708.1,708.1
2011-06-28,717.6,717.6,717.6,717.6
2011-06-29,723.2,723.2,723.2,723.2
2011-06-30,729.8,729.8,729.8,729.8
2011-07-01,740.1,740.1,740.1,740.1
2011-07-04,740.1,740.1,740.1,740.1
2011-07-05,741.7,741.7,741.7,741.7
2011-07-06,741.5,741.5,741.5,741.5
2011-07-07,750.5,750.5,750.5,750.5
2011-07-08,745.2,745.2,745.2,745.2
2011-07-11,731.7,731.7,731.7,731.7
2011-07-12,727.1,727.1,727.1,727.1
2011-07-13,728.3,728.3,728.3,728.3
2011-07-14,724.1,724.1,724.1,724.1
2011-07-15,729.4,729.4,729.4,729.4
2011-07-18,721.2,721.2,721.2,721.2
2011-07-19,732.5,732.5,732.5,732.5
2011-07-20,732.8,732.8,732.8,732.8
2011-07-21,744.3,744.3,744.3,744.3
2011-07-22,743.8,743.8,743.8,743.8
2011-07-25,739.3,739.3,739.3,739.3
2011-07-26,735.2,735.2,735.2,735.2
2011-07-27,719.6,719.6,719.6,719.6
2011-07-28,718.6,718.6,718.6,718.6
2011-07-29,713.8,713.8,713.8,713.8
2011-08-01,709.4,709.4,709.4,709.4
2011-08-02,690.3,690.3,690.3,690.3
2011-08-03,694.4,694.4,694.4,694.4
2011-08-04,662.6,662.6,662.6,662.6
2011-08-05,659.5,659.5,659.5,659.5
2011-08-08,610.4,610.4,610.4,610.4
2011-08-09,646.4,646.4,646.4,646.4
2011-08-10,620.2,620.2,620.2,620.2
2011-08-11,645.2,645.2,645.2,645.2
2011-08-12,650.3,650.3,650.3,650.3
2011-08-15,659.7,659.7,659.7,659.7
2011-08-16,656.4,656.4,656.4,656.4
2011-08-17,655.2,655.2,655.2,655.2
2011-08-18,628.9,628.9,628.9,628.9
2011-08-19,618,618,618,618
2011-08-22,617.7,617.7,617.7,617.7
2011-08-23,637.2,637.2,637.2,637.2
2011-08-24,644.7,644.7,644.7,644.7
2011-08-25,636.4,636.4,636.4,636.4
2011-08-26,647.1,647.1,647.1,647.1
2011-08-29,666.1,666.1,666.1,666.1
2011-08-30,663.9,663.9,663.9,663.9
2011-08-31,671.2,671.2,671.2,671.2
2011-09-01,661.7,661.7,661.7,661.7
2011-09-02,644.1,644.1,644.1,644.1
2011-09-05,644.1,644.1,644.1,644.1
2011-09-06,641,641,641,641
2011-09-07,661.2,661.2,661.2,661.2
2011-09-08,660.9,660.9,653.2,653.6
2011-09-09,643,647.8,631.9,637.6
2011-09-12,628.4,640.3,625.5,640.8
2011-09-13,640.9,648,637.3,645.6
2011-09-14,649.4,662.8,640.5,654.8
2011-09-15,663,667.5,656.2,667.1
2011-09-16,668.6,672.2,663.4,671
2011-09-19,657.5,666.1,653.9,662.6
2011-09-20,658.5,658.5,658.5,658.5
2011-09-21,635.4,635.4,635.4,635.4
2011-09-22,618,618,618,618
2011-09-23,620.3,620.3,620.3,620.3
2011-09-26,637.3,637.3,637.3,637.3
2011-09-27,642.9,642.9,642.9,642.9
2011-09-28,630.8,630.8,630.8,630.8
2011-09-29,634.4,634.4,634.4,634.4
2011-09-30,617.9,617.9,617.9,617.9
2011-10-03,595.2,595.2,595.2,595.2
2011-10-04,610.4,610.4,610.4,610.4
2011-10-05,622.7,622.7,622.7,622.7
2011-10-06,634.9,634.9,634.9,634.9
2011-10-07,633.3,633.3,633.3,633.3
2011-10-10,652.8,652.8,652.8,652.8
2011-10-11,652.6,652.6,652.6,652.6
2011-10-12,656.8,656.8,656.8,656.8
2011-10-13,657.4,657.4,657.4,657.4
2011-10-14,669.6,669.6,669.6,669.6
2011-10-17,655.4,655.4,655.4,655.4
2011-10-18,671.7,671.7,671.7,671.7
2011-10-19,661.9,661.9,661.9,661.9
2011-10-20,663.9,663.9,663.9,663.9
2011-10-21,677.9,677.9,677.9,677.9
2011-10-24,685.6,685.6,685.6,685.6
2011-10-25,673.3,673.3,673.3,673.3
2011-10-26,680.4,680.4,680.4,680.4
2011-10-27,705.3,705.3,705.3,705.3
2011-10-28,704.9,704.9,704.9,704.9
2011-10-31,687.4,687.4,687.4,687.4
2011-11-01,672.8,672.8,672.8,672.8
2011-11-02,679,679,679,679
2011-11-03,690.3,690.3,690.3,690.3
2011-11-04,689,689,689,689
2011-11-07,691.8,691.8,691.8,691.8
2011-11-08,700.1,700.1,700.1,700.1
2011-11-09,676,676,676,676
2011-11-10,679.4,679.4,679.4,679.4
2011-11-11,692.9,692.9,692.9,692.9
2011-11-14,688.2,688.2,688.2,688.2
2011-11-15,690.5,690.5,690.5,690.5
2011-11-16,676.8,676.8,676.8,676.8
2011-11-17,668.3,668.3,668.3,668.3
2011-11-18,666.8,666.8,666.8,666.8
2011-11-21,654.5,654.5,654.5,654.5
2011-11-22,650,650,650,650
2011-11-23,637.5,637.5,637.5,637.5
2011-11-24,637.5,637.5,637.5,637.5
2011-11-25,633.5,633.5,633.5,633.5
2011-11-28,655.4,655.4,655.4,655.4
2011-11-29,657.2,657.2,657.2,657.2
2011-11-30,685.3,685.3,685.3,685.3
2011-12-01,683.7,683.7,683.7,683.7
2011-12-02,684,684,684,684
2011-12-05,691.2,691.2,691.2,691.2
2011-12-06,689.7,689.7,689.7,689.7
2011-12-07,689,689.3,689,695
2011-12-08,687.6,687.6,676.3,679.6
2011-12-09,682.6,692.1,682.4,691.8
2011-12-12,683.5,683.7,673.8,679.1
2011-12-13,683.4,686.5,669.1,673.2
2011-12-14,669.7,671.7,663.2,664.8
2011-12-15,672.6,673.1,665.9,668.5
2011-12-16,672.5,675.2,666.4,667.6
2011-12-19,671.6,672.1,659,661
2011-12-20,678.9,678.9,678.9,678.9
2011-12-21,680.3,680.3,680.3,680.3
2011-12-22,686.3,686.3,686.3,686.3
2011-12-23,692,692,692,692
2011-12-26,692,692,692,692
2011-12-27,692,692,692,692
2011-12-28,682.6,682.6,682.6,682.6
2011-12-29,690.1,690.1,690.1,690.1
2011-12-30,687.9,687.9,687.9,687.9
2012-01-02,687.9,687.9,687.9,687.9
2012-01-03,697.8,697.8,697.8,697.8
2012-01-04,698.5,698.5,698.5,698.5
2012-01-05,698.2,698.2,698.2,698.2
2012-01-06,700.2,700.2,700.2,700.2
2012-01-09,701,701,701,701
2012-01-10,706.5,706.5,706.5,706.5
2012-01-11,708.2,708.2,708.2,708.2
2012-01-12,710.2,710.2,710.2,710.2
2012-01-13,708.4,708.4,708.4,708.4
2012-01-16,708.4,708.4,708.4,708.4
2012-01-17,708.1,708.1,708.1,708.1
2012-01-18,716,716,716,716
2012-01-19,720.6,720.6,720.6,720.6
2012-01-20,720.6,720.6,720.6,720.6
2012-01-23,721,721,721,721
2012-01-24,721.2,721.2,721.2,721.2
2012-01-25,727.3,727.3,727.3,727.3
2012-01-26,723.9,723.9,723.9,723.9
2012-01-27,723.3,723.3,723.3,723.3
2012-01-30,721,721,721,721
2012-01-31,721.3,721.3,721.3,721.3
2012-02-01,728.7,728.7,728.7,728.7
2012-02-02,730.3,730.3,730.3,730.3
2012-02-03,740.2,740.2,740.2,740.2
2012-02-06,739.8,739.8,739.8,739.8
2012-02-07,743,743,743,743
2012-02-08,743.8,743.8,743.8,743.8
2012-02-09,744.6,744.6,744.6,744.6
2012-02-10,740.2,740.2,740.2,740.2
2012-02-13,744.8,744.8,744.8,744.8
2012-02-14,743.6,743.6,743.6,743.6
2012-02-15,740.9,740.9,740.9,740.9
2012-02-16,749.1,749.1,749.1,749.1
2012-02-17,750.9,750.9,750.9,750.9
2012-02-20,750.9,750.9,750.9,750.9
2012-02-21,751,751,751,751
2012-02-22,748.5,748.5,748.5,748.5
2012-02-23,752.9,752.9,752.9,752.9
2012-02-24,753,753,753,753
2012-02-27,754.8,754.8,754.8,754.8
2012-02-28,757,757,757,757
2012-02-29,752.8,752.8,752.8,752.8
2012-03-01,757.9,757.9,757.9,757.9
2012-03-02,754.1,754.1,754.1,754.1
2012-03-05,751.9,751.9,751.9,751.9
2012-03-06,738.3,738.3,738.3,738.3
2012-03-07,745.4,745.4,745.4,745.4
2012-03-08,751.6,752.8,751.1,753
2012-03-09,753.7,757.5,753.1,756.9
2012-03-12,755.9,756.7,753.2,756.2
2012-03-13,759.1,769.6,758.5,769.6
2012-03-14,769.9,771.1,766,768
2012-03-15,768.7,773,767.4,772.5
2012-03-16,774.2,774.6,771.9,774
2012-03-19,772.3,778.7,771.6,776.5
2012-03-20,770.9,770.9,770.9,770.9
2012-03-21,769.5,769.5,769.5,769.5
2012-03-22,764.7,764.7,764.7,764.7
2012-03-23,767.9,767.9,767.9,767.9
2012-03-26,778.7,778.7,778.7,778.7
2012-03-27,774.2,774.2,774.2,774.2
2012-03-28,771,771,771,771
2012-03-29,770.5,770.5,770.5,770.5
2012-03-30,773.3,773.3,773.3,773.3
2012-04-02,777.7,777.7,777.7,777.7
2012-04-03,775.8,775.8,775.8,775.8
2012-04-04,767,767,767,767
2012-04-05,765.7,765.7,765.7,765.7
2012-04-06,765.7,765.7,765.7,765.7
2012-04-09,757.2,757.2,757.2,757.2
2012-04-10,746.8,746.8,746.8,746.8
2012-04-11,750.4,750.4,750.4,750.4
2012-04-12,763.1,763.1,763.1,763.1
2012-04-13,751.2,751.2,751.2,751.2
2012-04-16,751.4,751.4,751.4,751.4
2012-04-17,762.4,762.4,762.4,762.4
2012-04-18,760.9,760.9,760.9,760.9
2012-04-19,757.5,757.5,757.5,757.5
2012-04-20,757.6,757.6,757.6,757.6
2012-04-23,750.7,750.7,750.7,750.7
2012-04-24,754.4,754.4,754.4,754.4
2012-04-25,764.4,764.4,764.4,764.4
2012-04-26,770.1,770.1,770.1,770.1
2012-04-27,771.7,771.7,771.7,771.7
2012-04-30,768.3,768.3,768.3,768.3
2012-05-01,771.6,771.6,771.6,771.6
2012-05-02,770.3,770.3,770.3,770.3
2012-05-03,763.1,763.1,763.1,763.1
2012-05-04,750.8,750.8,750.8,750.8
2012-05-07,752,752,752,752
2012-05-08,749.2,749.2,749.2,749.2
2012-05-09,744.8,744.8,744.8,744.8
2012-05-10,746.8,746.8,746.8,746.8
2012-05-11,744.3,744.3,744.3,744.3
2012-05-14,735.8,735.8,735.8,735.8
2012-05-15,731.9,731.9,731.9,731.9
2012-05-16,727.7,727.7,727.7,727.7
2012-05-17,715.2,715.2,715.2,715.2
2012-05-18,709.6,709.6,709.6,709.6
2012-05-21,723,723,723,723
2012-05-22,722.9,722.9,722.9,722.9
2012-05-23,723.8,723.8,723.8,723.8
2012-05-24,727.9,727.9,727.9,727.9
2012-05-25,723.5,723.5,723.5,723.5
2012-05-28,723.5,723.5,723.5,723.5
2012-05-29,733.7,733.7,733.7,733.7
2012-05-30,719.5,719.5,719.5,719.5
2012-05-31,720,720,720,720
2012-06-01,700,700,700,700
2012-06-04,698.8,698.8,698.8,698.8
2012-06-05,706.6,706.6,706.6,706.6
2012-06-06,719.8,722,719.8,722.8
2012-06-07,730.3,730.3,720.9,722.9
2012-06-08,719.4,729.3,717.8,728.6
2012-06-11,733.6,734.1,716.9,718
2012-06-12,720,727,716.6,728.2
2012-06-13,723.5,728.2,718.5,721.5
2012-06-14,722.6,731,720.6,730.1
2012-06-15,731.1,736.6,730.4,736.4
2012-06-18,733.2,739.3,731.6,737.3
2012-06-19,742.3,742.3,742.3,742.3
2012-06-20,741.4,741.4,741.4,741.4
2012-06-21,723.7,723.7,723.7,723.7
2012-06-22,728.3,728.3,728.3,728.3
2012-06-25,716.6,716.6,716.6,716.6
2012-06-26,721.4,721.4,721.4,721.4
2012-06-27,727,727,727,727
2012-06-28,725.2,725.2,725.2,725.2
2012-06-29,744.7,744.7,744.7,744.7
2012-07-02,745.1,745.1,745.1,745.1
2012-07-03,751.6,751.6,751.6,751.6
2012-07-04,751.6,751.6,751.6,751.6
2012-07-05,747.9,747.9,747.9,747.9
2012-07-06,742.2,742.2,742.2,742.2
2012-07-09,740.3,740.3,740.3,740.3
2012-07-10,733.4,733.4,733.4,733.4
2012-07-11,733.2,733.2,733.2,733.2
2012-07-12,729.5,729.5,729.5,729.5
2012-07-13,741.2,741.2,741.2,741.2
2012-07-16,739.4,739.4,739.4,739.4
2012-07-17,745.2,745.2,745.2,745.2
2012-07-18,749.3,749.3,749.3,749.3
2012-07-19,752.3,752.3,752.3,752.3
2012-07-20,745,745,745,745
2012-07-23,736.8,736.8,736.8,736.8
2012-07-24,728.5,728.5,728.5,728.5
2012-07-25,731.5,731.5,731.5,731.5
2012-07-26,743.5,743.5,743.5,743.5
2012-07-27,757.8,757.8,757.8,757.8
2012-07-30,757,757,757,757
2012-07-31,753.1,753.1,753.1,753.1
2012-08-01,750.9,750.9,750.9,750.9
2012-08-02,745.7,745.7,745.7,745.7
2012-08-03,760.3,760.3,760.3,760.3
2012-08-06,761.9,761.9,761.9,761.9
2012-08-07,766.2,766.2,766.2,766.2
2012-08-08,766.9,766.9,766.9,766.9
2012-08-09,767.8,767.8,767.8,767.8
2012-08-10,769,769,769,769
2012-08-13,768.3,768.3,768.3,768.3
2012-08-14,768.7,768.7,768.7,768.7
2012-08-15,770.4,770.4,770.4,770.4
2012-08-16,775.1,775.1,775.1,775.1
2012-08-17,776.8,776.8,776.8,776.8
2012-08-20,776,776,776,776
2012-08-21,775,775,775,775
2012-08-22,774.4,774.4,774.4,774.4
2012-08-23,768.3,768.3,768.3,768.3
2012-08-24,773,773,773,773
2012-08-27,772.7,772.7,772.7,772.7
2012-08-28,771.4,771.4,771.4,771.4
2012-08-29,772.5,772.5,772.5,772.5
2012-08-30,767.1,767.1,767.1,767.1
2012-08-31,770.3,770.3,770.3,770.3
2012-09-03,770.3,770.3,770.3,770.3
2012-09-04,770.4,770.4,770.4,770.4
2012-09-05,770,770,770,770
2012-09-06,785.3,785.3,785.3,785.3
2012-09-07,789,789,789,789
2012-09-10,782.9,782.9,782.9,782.9
2012-09-11,786.6,786.6,786.6,786.6
2012-09-12,786.5,789,786.5,790.3
2012-09-13,788.5,801.6,788.2,801.6
2012-09-14,804,809.9,803.1,805.5
2012-09-17,803.6,804.9,800.3,802.1
2012-09-18,801.2,802.1,799.1,801.1
2012-09-19,802,804.1,800.1,802.5
2012-09-20,797,801.6,795.7,801.3
2012-09-21,803.8,805.7,800.8,800.9
2012-09-24,795.4,800.6,795.4,798.8
2012-09-25,788,788,788,788
2012-09-26,781.3,781.3,781.3,781.3
2012-09-27,789.2,789.2,789.2,789.2
2012-09-28,787.3,787.3,787.3,787.3
2012-10-01,788.1,788.1,788.1,788.1
2012-10-02,791.3,791.3,791.3,791.3
2012-10-03,792.5,792.5,792.5,792.5
2012-10-04,798.4,798.4,798.4,798.4
2012-10-05,798.4,798.4,798.4,798.4
2012-10-08,795.1,795.1,795.1,795.1
2012-10-09,787.6,787.6,787.6,787.6
2012-10-10,782.2,782.2,782.2,782.2
2012-10-11,783.7,783.7,783.7,783.7
2012-10-12,780.7,780.7,780.7,780.7
2012-10-15,787.7,787.7,787.7,787.7
2012-10-16,795.7,795.7,795.7,795.7
2012-10-17,798.5,798.5,798.5,798.5
2012-10-18,796.9,796.9,796.9,796.9
2012-10-19,782.2,782.2,782.2,782.2
2012-10-22,785.1,785.1,785.1,785.1
2012-10-23,772.6,772.6,772.6,772.6
2012-10-24,771.9,771.9,771.9,771.9
2012-10-25,774.6,774.6,774.6,774.6
2012-10-26,772.5,772.5,772.5,772.5
2012-10-29,772.5,772.5,772.5,772.5
2012-10-30,772.5,772.5,772.5,772.5
2012-10-31,773.7,773.7,773.7,773.7
2012-11-01,782.6,782.6,782.6,782.6
2012-11-02,773.1,773.1,773.1,773.1
2012-11-05,776.6,776.6,776.6,776.6
2012-11-06,783.7,783.7,783.7,783.7
2012-11-07,764.5,764.5,764.5,764.5
2012-11-08,756.9,756.9,756.9,756.9
2012-11-09,757.6,757.6,757.6,757.6
2012-11-12,758.5,758.5,758.5,758.5
2012-11-13,754.4,754.4,754.4,754.4
2012-11-14,744.6,744.6,744.6,744.6
2012-11-15,743.1,743.1,743.1,743.1
2012-11-16,748.5,748.5,748.5,748.5
2012-11-19,760.1,760.1,760.1,760.1
2012-11-20,762.7,762.7,762.7,762.7
2012-11-21,764.2,764.2,764.2,764.2
2012-11-22,764.2,764.2,764.2,764.2
2012-11-23,773.4,773.4,773.4,773.4
2012-11-26,772.2,772.2,772.2,772.2
2012-11-27,769.5,769.5,769.5,769.5
2012-11-28,774.2,774.2,774.2,774.2
2012-11-29,779,779,779,779
2012-11-30,779.5,779.5,779.5,779.5
2012-12-03,774.7,774.7,774.7,774.7
2012-12-04,774.1,774.1,774.1,774.1
2012-12-05,776.3,776.3,776.3,776.3
2012-12-06,778.2,778.2,778.2,778.2
2012-12-07,780.9,780.9,780.9,780.9
2012-12-10,783.3,783.3,783.3,783.3
2012-12-11,788.9,788.9,788.9,788.9
2012-12-12,787.6,787.6,787.6,785.1
2012-12-13,780.5,780.5,780.5,780.5
2012-12-14,779.9,780.9,777.3,779.3
2012-12-17,781.6,788.8,781.3,789.2
2012-12-18,788.7,798.3,788.2,796.7
2012-12-19,798.4,798.4,792.4,793.3
2012-12-20,793.5,797.1,792.1,797.4
2012-12-21,784.7,790.3,784.4,789.7
2012-12-24,786.4,787.3,785.8,785.7
2012-12-25,786.4,787.3,785.8,785.7
2012-12-26,779.7,779.7,779.7,779.7
2012-12-27,777.4,777.4,777.4,777.4
2012-12-28,762.9,762.9,762.9,762.9
2012-12-31,784,784,784,784
2013-01-01,784,784,784,784
2013-01-02,803.3,803.3,803.3,803.3
2013-01-03,801.1,801.1,801.1,801.1
2013-01-04,804.6,804.6,804.6,804.6
2013-01-07,803.5,803.5,803.5,803.5
2013-01-08,801.5,801.5,801.5,801.5
2013-01-09,804.3,804.3,804.3,804.3
2013-01-10,809.8,809.8,809.8,809.8
2013-01-11,809.6,809.6,809.6,809.6
2013-01-14,808.6,808.6,808.6,808.6
2013-01-15,810.2,810.2,810.2,810.2
2013-01-16,809.8,809.8,809.8,809.8
2013-01-17,815.3,815.3,815.3,815.3
2013-01-18,817,817,817,817
2013-01-21,817,817,817,817
2013-01-22,823,823,823,823
2013-01-23,823,823,823,823
2013-01-24,824.3,824.3,824.3,824.3
2013-01-25,827.1,827.1,827.1,827.1
2013-01-28,827.6,827.6,827.6,827.6
2013-01-29,831.2,831.2,831.2,831.2
2013-01-30,826.1,826.1,826.1,826.1
2013-01-31,825.8,825.8,825.8,825.8
2013-02-01,834,834,834,834
2013-02-04,826.1,826.1,826.1,826.1
2013-02-05,833.4,833.4,833.4,833.4
2013-02-06,833.9,833.9,833.9,833.9
2013-02-07,833,833,833,833
2013-02-08,837.5,837.5,837.5,837.5
2013-02-11,836.9,836.9,836.9,836.9
2013-02-12,838.7,838.7,838.7,838.7
2013-02-13,839.7,839.7,839.7,839.7
2013-02-14,840.6,840.6,840.6,840.6
2013-02-15,839.8,839.8,839.8,839.8
2013-02-18,839.8,839.8,839.8,839.8
2013-02-19,846,846,846,846
2013-02-20,833.9,833.9,833.9,833.9
2013-02-21,830.7,830.7,830.7,830.7
2013-02-22,838,838,838,838
2013-02-25,822.8,822.8,822.8,822.8
2013-02-26,826.3,826.3,826.3,826.3
2013-02-27,838.9,838.9,838.9,838.9
2013-02-28,836.7,836.7,836.7,836.7
2013-03-01,838.1,838.1,838.1,838.1
2013-03-04,843.5,843.5,843.5,843.5
2013-03-05,850.6,850.6,850.6,850.6
2013-03-06,851.5,851.5,851,851.4
2013-03-07,854.5,854.5,854,854.2
2013-03-08,857.1,858.9,853.4,856.8
2013-03-11,856.8,861.3,856.1,859.8
2013-03-12,860,861.2,855.9,858.2
2013-03-13,857.9,861.1,856.3,861.1
2013-03-14,862.2,865,861.7,864.4
2013-03-15,863,864.6,860.7,863.4
2013-03-18,854.8,862.4,854.3,860
2013-03-19,853.8,853.8,853.8,853.8
2013-03-20,858.1,858.1,858.1,858.1
2013-03-21,852.4,852.4,852.4,852.4
2013-03-22,859.2,859.2,859.2,859.2
2013-03-25,856.6,856.6,856.6,856.6
2013-03-26,861.7,861.7,861.7,861.7
2013-03-27,862,862,862,862
2013-03-28,865.6,865.6,865.6,865.6
2013-03-29,865.6,865.6,865.6,865.6
2013-04-01,860.9,860.9,860.9,860.9
2013-04-02,864.9,864.9,864.9,864.9
2013-04-03,855.7,855.7,855.7,855.7
2013-04-04,859.1,859.1,859.1,859.1
2013-04-05,854.2,854.2,854.2,854.2
2013-04-08,862.2,862.2,862.2,862.2
2013-04-09,863.7,863.7,863.7,863.7
2013-04-10,874.8,874.8,874.8,874.8
2013-04-11,878,878,878,878
2013-04-12,874.7,874.7,874.7,874.7
2013-04-15,852.8,852.8,852.8,852.8
2013-04-16,866.8,866.8,866.8,866.8
2013-04-17,854,854,854,854
2013-04-18,849,849,849,849
2013-04-19,855.2,855.2,855.2,855.2
2013-04-22,859.4,859.4,859.4,859.4
2013-04-23,869.8,869.8,869.8,869.8
2013-04-24,870,870,870,870
2013-04-25,874.8,874.8,874.8,874.8
2013-04-26,872.2,872.2,872.2,872.2
2013-04-29,877.7,877.7,877.7,877.7
2013-04-30,881.1,881.1,881.1,881.1
2013-05-01,873.2,873.2,873.2,873.2
2013-05-02,880.3,880.3,880.3,880.3
2013-05-03,889.2,889.2,889.2,889.2
2013-05-06,891.6,891.6,891.6,891.6
2013-05-07,896.7,896.7,896.7,896.7
2013-05-08,901.4,901.4,901.4,901.4
2013-05-09,898.7,898.7,898.7,898.7
2013-05-10,901.9,901.9,901.9,901.9
2013-05-13,902.5,902.5,902.5,902.5
2013-05-14,912.2,912.2,912.2,912.2
2013-05-15,915.8,915.8,915.8,915.8
2013-05-16,912.1,912.1,912.1,912.1
2013-05-17,920.7,920.7,920.7,920.7
2013-05-20,920.7,920.7,920.7,920.7
2013-05-21,922,922,922,922
2013-05-22,914.8,914.8,914.8,914.8
2013-05-23,912.5,912.5,912.5,912.5
2013-05-24,912.3,912.3,912.3,912.3
2013-05-27,912.3,912.3,912.3,912.3
2013-05-28,914.8,914.8,914.8,914.8
2013-05-29,910.7,910.7,910.7,910.7
2013-05-30,914.1,914.1,914.1,914.1
2013-05-31,900.5,900.5,900.5,900.5
2013-06-03,903.5,903.5,903.5,903.5
2013-06-04,901.5,901.5,901.5,901.5
2013-06-05,888.1,888.1,888.1,888.1
2013-06-06,896.9,896.9,896.9,896.9
2013-06-07,905.5,905.5,905.5,905.5
2013-06-10,906.3,906.3,906.3,906.3
2013-06-11,897.9,897.9,897.9,897.9
2013-06-12,890,890,890,888.1
2013-06-13,890,901.9,889.2,904.2
2013-06-14,902.2,905.6,896.5,897.4
2013-06-17,905.8,908.5,900.1,905.5
2013-06-18,906.3,913.9,906,911.7
2013-06-19,912.3,912.6,898.1,899.7
2013-06-20,889.2,890.5,874.2,877.1
2013-06-21,881.6,882.3,869.7,876.7
2013-06-24,864.5,864.5,864.5,864.5
2013-06-25,872.6,872.6,872.6,872.6
2013-06-26,879.4,879.4,879.4,879.4
2013-06-27,887,887,887,887
2013-06-28,884,884,884,884
2013-07-01,889,889,889,889
2013-07-02,888.9,888.9,888.9,888.9
2013-07-03,889.7,889.7,889.7,889.7
2013-07-04,889.7,889.7,889.7,889.7
2013-07-05,900.2,900.2,900.2,900.2
2013-07-08,903.8,903.8,903.8,903.8
2013-07-09,910.3,910.3,910.3,910.3
2013-07-10,911.4,911.4,911.4,911.4
2013-07-11,924.5,924.5,924.5,924.5
2013-07-12,924.4,924.4,924.4,924.4
2013-07-15,927.4,927.4,927.4,927.4
2013-07-16,924.9,924.9,924.9,924.9
2013-07-17,928.1,928.1,928.1,928.1
2013-07-18,930.9,930.9,930.9,930.9
2013-07-19,933.8,933.8,933.8,933.8
2013-07-22,935.3,935.3,935.3,935.3
2013-07-23,934.2,934.2,934.2,934.2
2013-07-24,932.1,932.1,932.1,932.1
2013-07-25,932.4,932.4,932.4,932.4
2013-07-26,933.8,933.8,933.8,933.8
2013-07-29,931.7,931.7,931.7,931.7
2013-07-30,933.1,933.1,933.1,933.1
2013-07-31,931.6,931.6,931.6,931.6
2013-08-01,942.7,942.7,942.7,942.7
2013-08-02,944.8,944.8,944.8,944.8
2013-08-05,944.6,944.6,944.6,944.6
2013-08-06,938.9,938.9,938.9,938.9
2013-08-07,935.8,935.8,935.8,935.8
2013-08-08,938.9,938.9,938.9,938.9
2013-08-09,934.8,934.8,934.8,934.8
2013-08-12,936.2,936.2,936.2,936.2
2013-08-13,937.1,937.1,937.1,937.1
2013-08-14,940.3,940.3,940.3,940.3
2013-08-15,917.4,917.4,917.4,917.4
2013-08-16,915.6,915.6,915.6,915.6
2013-08-19,911.8,911.8,911.8,911.8
2013-08-20,915.2,915.2,915.2,915.2
2013-08-21,907.4,907.4,907.4,907.4
2013-08-22,917.8,917.8,917.8,917.8
2013-08-23,921.8,921.8,921.8,921.8
2013-08-26,918,918,918,918
2013-08-27,904,904,904,904
2013-08-28,905.9,905.9,905.9,905.9
2013-08-29,908.6,908.6,908.6,908.6
2013-08-30,905.4,905.4,905.4,905.4
2013-09-02,905.4,905.4,905.4,905.4
2013-09-03,907.5,907.5,907.5,907.5
2013-09-04,916.4,916.4,916.4,916.4
2013-09-05,916.6,916.6,916.6,916.6
2013-09-06,917.2,917.2,917.2,917.2
2013-09-09,926.5,926.5,926.5,926.5
2013-09-10,934,934,934,934
2013-09-11,938,938,938,938
2013-09-12,937.3,937.5,934.8,936.1
2013-09-13,936.4,939.1,934.7,938
2013-09-16,950,950,941.5,942.2
2013-09-17,943.3,947.7,943.3,947.7
2013-09-18,947.5,960.5,944.4,957.8
2013-09-19,963.1,963.1,955.9,958.1
2013-09-20,959.2,959.2,949.5,950
2013-09-23,950.1,951.9,943,945.6
2013-09-24,941.6,941.6,941.6,941.6
2013-09-25,938.3,938.3,938.3,938.3
2013-09-26,942.9,942.9,942.9,942.9
2013-09-27,939.2,939.2,939.2,939.2
2013-09-30,932.7,932.7,932.7,932.7
2013-10-01,942.1,942.1,942.1,942.1
2013-10-02,938.5,938.5,938.5,938.5
2013-10-03,931.3,931.3,931.3,931.3
2013-10-04,939.3,939.3,939.3,939.3
2013-10-07,929.9,929.9,929.9,929.9
2013-10-08,919.1,919.1,919.1,919.1
2013-10-09,917.9,917.9,917.9,917.9
2013-10-10,937.9,937.9,937.9,937.9
2013-10-11,946.4,946.4,946.4,946.4
2013-10-14,949.1,949.1,949.1,949.1
2013-10-15,943.2,943.2,943.2,943.2
2013-10-16,954.3,954.3,954.3,954.3
2013-10-17,962.6,962.6,962.6,962.6
2013-10-18,967.8,967.8,967.8,967.8
2013-10-21,967.1,967.1,967.1,967.1
2013-10-22,974.5,974.5,974.5,974.5
2013-10-23,970.1,970.1,970.1,970.1
2013-10-24,973.9,973.9,973.9,973.9
2013-10-25,976.5,976.5,976.5,976.5
2013-10-28,979.4,979.4,979.4,979.4
2013-10-29,983.4,983.4,983.4,983.4
2013-10-30,979.3,979.3,979.3,979.3
2013-10-31,973.8,973.8,973.8,973.8
2013-11-01,976.3,976.3,976.3,976.3
2013-11-04,980,980,980,980
2013-11-05,977.6,977.6,977.6,977.6
2013-11-06,981.9,981.9,981.9,981.9
2013-11-07,969.5,969.5,969.5,969.5
2013-11-08,981,981,981,981
2013-11-11,981.8,981.8,981.8,981.8
2013-11-12,980.6,980.6,980.6,980.6
2013-11-13,988.3,988.3,988.3,988.3
2013-11-14,993.3,993.3,993.3,993.3
2013-11-15,996.4,996.4,996.4,996.4
2013-11-18,993.3,993.3,993.3,993.3
2013-11-19,990.6,990.6,990.6,990.6
2013-11-20,987.4,987.4,987.4,987.4
2013-11-21,995.5,995.5,995.5,995.5
2013-11-22,999.4,999.4,999.4,999.4
2013-11-25,999.9,999.9,999.9,999.9
2013-11-26,999.6,999.6,999.6,999.6
2013-11-27,1001.2,1001.2,1001.2,1001.2
2013-11-28,1001.2,1001.2,1001.2,1001.2
2013-11-29,1001.9,1001.9,1001.9,1001.9
2013-12-02,998.2,998.2,998.2,998.2
2013-12-03,993.9,993.9,993.9,993.9
2013-12-04,995,995,995,995
2013-12-05,990.3,990.3,990.3,990.3
2013-12-06,1001.1,1001.1,1001.1,1001.1
2013-12-09,1003.5,1003.5,1003.5,1003.5
2013-12-10,1000.3,1000.3,1000.3,1000.3
2013-12-11,988,988,988,988
2013-12-12,988.6,988.6,985.6,985
2013-12-13,987.2,990.8,983.7,985.6
2013-12-16,993.8,995,990.6,992.1
2013-12-17,992,992.2,986.2,988.3
2013-12-18,992,1005.4,982,1005.3
2013-12-19,1001.2,1004.8,999.9,1003.4
2013-12-20,1007.7,1013.1,1007.7,1010.9
2013-12-23,1015.7,1017,1014.3,1015.9
2013-12-24,1016.8,1016.8,1016.8,1016.8
2013-12-25,1016.8,1016.8,1016.8,1016.8
2013-12-26,1020.6,1020.6,1020.6,1020.6
2013-12-27,1020,1020,1020,1020
2013-12-30,1019.5,1019.5,1019.5,1019.5
2013-12-31,1023.5,1023.5,1023.5,1023.5
2014-01-01,1023.5,1023.5,1023.5,1023.5
2014-01-02,1015.3,1015.3,1015.3,1015.3
2014-01-03,1015,1015,1015,1015
2014-01-06,1012.2,1012.2,1012.2,1012.2
2014-01-07,1018,1018,1018,1018
2014-01-08,1019.8,1019.8,1019.8,1019.8
2014-01-09,1019.6,1019.6,1019.6,1019.6
2014-01-10,1023,1023,1023,1023
2014-01-13,1010.3,1010.3,1010.3,1010.3
2014-01-14,1020.5,1020.5,1020.5,1020.5
2014-01-15,1025.6,1025.6,1025.6,1025.6
2014-01-16,1022.4,1022.4,1022.4,1022.4
2014-01-17,1021.1,1021.1,1021.1,1021.1
2014-01-20,1021.1,1021.1,1021.1,1021.1
2014-01-21,1023.6,1023.6,1023.6,1023.6
2014-01-22,1024,1024,1024,1024
2014-01-23,1016.7,1016.7,1016.7,1016.7
2014-01-24,992.5,992.5,992.5,992.5
2014-01-27,989.5,989.5,989.5,989.5
2014-01-28,996.1,996.1,996.1,996.1
2014-01-29,987.5,987.5,987.5,987.5
2014-01-30,992.7,992.7,992.7,992.7
2014-01-31,990.3,990.3,990.3,990.3
2014-02-03,966,966,966,966
2014-02-04,972,972,972,972
2014-02-05,971.9,971.9,971.9,971.9
2014-02-06,984.5,984.5,984.5,984.5
2014-02-07,999.5,999.5,999.5,999.5
2014-02-10,999.6,999.6,999.6,999.6
2014-02-11,1011.8,1011.8,1011.8,1011.8
2014-02-12,1013.5,1013.5,1013.5,1013.5
2014-02-13,1018,1018,1018,1018
2014-02-14,1024,1024,1024,1024
2014-02-17,1024,1024,1024,1024
2014-02-18,1024,1024,1024,1024
2014-02-19,1018.9,1018.9,1018.9,1018.9
2014-02-20,1025.4,1025.4,1025.4,1025.4
2014-02-21,1024.7,1024.7,1024.7,1024.7
2014-02-24,1030.3,1030.3,1030.3,1030.3
2014-02-25,1031.6,1031.6,1031.6,1031.6
2014-02-26,1029.2,1029.2,1029.2,1029.2
2014-02-27,1035.7,1035.7,1035.7,1035.7
2014-02-28,1037.4,1037.4,1037.4,1037.4
2014-03-03,1029.6,1029.6,1029.6,1029.6
2014-03-04,1044.5,1044.5,1044.5,1044.5
2014-03-05,1045.1,1045.1,1045.1,1045.1
2014-03-06,1047.6,1047.6,1047.6,1047.6
2014-03-07,1048.1,1048.1,1048.1,1048.1
2014-03-10,1048.9,1048.9,1048.9,1047.7
2014-03-11,1039.9,1039.9,1039.9,1039.9
2014-03-12,1039.8,1040.7,1039.7,1041.1
2014-03-13,1030,1030.4,1029.4,1030.1
2014-03-14,1029.9,1033.3,1026.3,1026
2014-03-17,1034.2,1039.2,1033.6,1036
2014-03-18,1039.7,1045.5,1038.9,1043.4
2014-03-19,1045.1,1045.9,1031.7,1037.5
2014-03-20,1036.6,1044.7,1033.8,1044.1
2014-03-21,1048.7,1049.6,1037.2,1038.7
2014-03-24,1031.1,1031.1,1031.1,1031.1
2014-03-25,1035.2,1035.2,1035.2,1035.2
2014-03-26,1024.2,1024.2,1024.2,1024.2
2014-03-27,1023.7,1023.7,1023.7,1023.7
2014-03-28,1031,1031,1031,1031
2014-03-31,1038.3,1038.3,1038.3,1038.3
2014-04-01,1047,1047,1047,1047
2014-04-02,1049.8,1049.8,1049.8,1049.8
2014-04-03,1047.6,1047.6,1047.6,1047.6
2014-04-04,1034.4,1034.4,1034.4,1034.4
2014-04-07,1022.3,1022.3,1022.3,1022.3
2014-04-08,1025.1,1025.1,1025.1,1025.1
2014-04-09,1038.4,1038.4,1038.4,1038.4
2014-04-10,1016.7,1016.7,1016.7,1016.7
2014-04-11,1006,1006,1006,1006
2014-04-14,1012.2,1012.2,1012.2,1012.2
2014-04-15,1021,1021,1021,1021
2014-04-16,1028.5,1028.5,1028.5,1028.5
2014-04-17,1031.9,1031.9,1031.9,1031.9
2014-04-18,1031.9,1031.9,1031.9,1031.9
2014-04-21,1036.8,1036.8,1036.8,1036.8
2014-04-22,1042.2,1042.2,1042.2,1042.2
2014-04-23,1041.3,1041.3,1041.3,1041.3
2014-04-24,1041.4,1041.4,1041.4,1041.4
2014-04-25,1033.4,1033.4,1033.4,1033.4
2014-04-28,1036.1,1036.1,1036.1,1036.1
2014-04-29,1039.4,1039.4,1039.4,1039.4
2014-04-30,1043.1,1043.1,1043.1,1043.1
2014-05-01,1043.7,1043.7,1043.7,1043.7
2014-05-02,1042.1,1042.1,1042.1,1042.1
2014-05-05,1043.2,1043.2,1043.2,1043.2
2014-05-06,1036.9,1036.9,1036.9,1036.9
2014-05-07,1042.8,1042.8,1042.8,1042.8
2014-05-08,1040.1,1040.1,1040.1,1040.1
2014-05-09,1039.8,1039.8,1039.8,1039.8
2014-05-12,1052,1052,1052,1052
2014-05-13,1052.3,1052.3,1052.3,1052.3
2014-05-14,1047.4,1047.4,1047.4,1047.4
2014-05-15,1037,1037,1037,1037
2014-05-16,1041.4,1041.4,1041.4,1041.4
2014-05-19,1046.1,1046.1,1046.1,1046.1
2014-05-20,1037.5,1037.5,1037.5,1037.5
2014-05-21,1047,1047,1047,1047
2014-05-22,1049.9,1049.9,1049.9,1049.9
2014-05-23,1054.1,1054.1,1054.1,1054.1
2014-05-26,1054.1,1054.1,1054.1,1054.1
2014-05-27,1061.9,1061.9,1061.9,1061.9
2014-05-28,1060.5,1060.5,1060.5,1060.5
2014-05-29,1065.9,1065.9,1065.9,1065.9
2014-05-30,1066.8,1066.8,1066.8,1066.8
2014-06-02,1067.5,1067.5,1067.5,1067.5
2014-06-03,1067.9,1067.9,1067.9,1067.9
2014-06-04,1070.8,1070.8,1070.8,1070.8
2014-06-05,1077.6,1077.6,1077.6,1077.6
2014-06-06,1083.6,1083.6,1083.6,1083.6
2014-06-09,1083.7,1083.7,1083.7,1083.7
2014-06-10,1083.8,1083.8,1083.8,1083.8
2014-06-11,1078.4,1080.2,1078.4,1081
2014-06-12,1077.6,1077.6,1072,1072.9
2014-06-13,1077.6,1077.6,1072,1072.9
2014-06-16,1074.4,1078.8,1073.2,1076.7
2014-06-17,1074.8,1080.6,1074.8,1079.6
2014-06-18,1079.5,1088,1078.1,1087.6
2014-06-19,1087,1089,1084.8,1088.3
2014-06-20,1089.8,1091.3,1089.2,1086.1
2014-06-23,1086.2,1086.2,1086.2,1086.2
2014-06-24,1080.3,1080.3,1080.3,1080.3
2014-06-25,1084,1084,1084,1084
2014-06-26,1083.3,1083.3,1083.3,1083.3
2014-06-27,1085.3,1085.3,1085.3,1085.3
2014-06-30,1086.4,1086.4,1086.4,1086.4
2014-07-01,1094,1094,1094,1094
2014-07-02,1094.5,1094.5,1094.5,1094.5
2014-07-03,1100.4,1100.4,1100.4,1100.4
2014-07-04,1100.4,1100.4,1100.4,1100.4
2014-07-07,1094.1,1094.1,1094.1,1094.1
2014-07-08,1089.5,1089.5,1089.5,1089.5
2014-07-09,1093.1,1093.1,1093.1,1093.1
2014-07-10,1086.8,1086.8,1086.8,1086.8
2014-07-11,1089.1,1089.1,1089.1,1089.1
2014-07-14,1094.6,1094.6,1094.6,1094.6
2014-07-15,1092.2,1092.2,1092.2,1092.2
2014-07-16,1095.8,1095.8,1095.8,1095.8
2014-07-17,1083.7,1083.7,1083.7,1083.7
2014-07-18,1094.3,1094.3,1094.3,1094.3
2014-07-21,1091.6,1091.6,1091.6,1091.6
2014-07-22,1096.5,1096.5,1096.5,1096.5
2014-07-23,1099.6,1099.6,1099.6,1099.6
2014-07-24,1099.5,1099.5,1099.5,1099.5
2014-07-25,1094.7,1094.7,1094.7,1094.7
2014-07-28,1095.1,1095.1,1095.1,1095.1
2014-07-29,1090.1,1090.1,1090.1,1090.1
2014-07-30,1091.9,1091.9,1091.9,1091.9
2014-07-31,1068.7,1068.7,1068.7,1068.7
2014-08-01,1066.1,1066.1,1066.1,1066.1
2014-08-04,1073.3,1073.3,1073.3,1073.3
2014-08-05,1063.2,1063.2,1063.2,1063.2
2014-08-06,1063.7,1063.7,1063.7,1063.7
2014-08-07,1057.6,1057.6,1057.6,1057.6
2014-08-08,1068.2,1068.2,1068.2,1068.2
2014-08-11,1073.1,1073.1,1073.1,1073.1
2014-08-12,1070.5,1070.5,1070.5,1070.5
2014-08-13,1080,1080,1080,1080
2014-08-14,1085.7,1085.7,1085.7,1085.7
2014-08-15,1085.1,1085.1,1085.1,1085.1
2014-08-18,1093.8,1093.8,1093.8,1093.8
2014-08-19,1099.2,1099.2,1099.2,1099.2
2014-08-20,1102.6,1102.6,1102.6,1102.6
2014-08-21,1105.5,1105.5,1105.5,1105.5
2014-08-22,1104.5,1104.5,1104.5,1104.5
2014-08-25,1107.7,1107.7,1107.7,1107.7
2014-08-26,1110.9,1110.9,1110.9,1110.9
2014-08-27,1110.2,1110.2,1110.2,1110.2
2014-08-28,1109.9,1109.9,1109.9,1109.9
2014-08-29,1112.8,1112.8,1112.8,1112.8
2014-09-01,1112.8,1112.8,1112.8,1112.8
2014-09-02,1112.4,1112.4,1112.4,1112.4
2014-09-03,1111.4,1111.4,1111.4,1111.4
2014-09-04,1109.9,1109.9,1109.9,1109.9
2014-09-05,1114.4,1114.4,1114.4,1114.4
2014-09-08,1112.3,1112.3,1112.3,1112.3
2014-09-09,1106,1106,1106,1106
2014-09-10,1108.9,1108.9,1108.9,1108.9
2014-09-11,1108,1109.5,1107.7,1110.4
2014-09-12,1109,1109,1100.5,1103.1
2014-09-15,1101.5,1102.9,1098.5,1101.5
2014-09-16,1099.8,1111.5,1099.2,1110.1
2014-09-17,1111.9,1116.5,1106.2,1111.4
2014-09-18,1114.1,1117.2,1113.2,1117
2014-09-19,1120.1,1120.7,1112.8,1003.2
2014-09-22,1101,1101,1101,1101
2014-09-23,1093,1093,1093,1093
2014-09-24,1103.3,1103.3,1103.3,1103.3
2014-09-25,1087.5,1087.5,1087.5,1087.5
2014-09-26,1087.5,1087.5,1087.5,1087.5
2014-09-29,1091.6,1091.6,1091.6,1091.6
2014-09-30,1088.4,1088.4,1088.4,1088.4
2014-10-01,1074.9,1074.9,1074.9,1074.9
2014-10-02,1073.8,1073.8,1073.8,1073.8
2014-10-03,1085.4,1085.4,1085.4,1085.4
2014-10-06,1084,1084,1084,1084
2014-10-07,1068,1068,1068,1068
2014-10-08,1085.8,1085.8,1085.8,1085.8
2014-10-09,1064.3,1064.3,1064.3,1064.3
2014-10-10,1047.4,1047.4,1047.4,1047.4
2014-10-13,1033.3,1033.3,1033.3,1033.3
2014-10-14,1034.9,1034.9,1034.9,1034.9
2014-10-15,1022.4,1022.4,1022.4,1022.4
2014-10-16,1025.2,1025.2,1025.2,1025.2
2014-10-17,1041.3,1041.3,1041.3,1041.3
2014-10-20,1053,1053,1053,1053
2014-10-21,1073.4,1073.4,1073.4,1073.4
2014-10-22,1067.1,1067.1,1067.1,1067.1
2014-10-23,1078.5,1078.5,1078.5,1078.5
2014-10-24,1084.7,1084.7,1084.7,1084.7
2014-10-27,1083.8,1083.8,1083.8,1083.8
2014-10-28,1096.8,1096.8,1096.8,1096.8
2014-10-29,1093.3,1093.3,1093.3,1093.3
2014-10-30,1101.3,1101.3,1101.3,1101.3
2014-10-31,1114.4,1114.4,1114.4,1114.4
2014-11-03,1114.5,1114.5,1114.5,1114.5
2014-11-04,1110.3,1110.3,1110.3,1110.3
2014-11-05,1117.3,1117.3,1117.3,1117.3
2014-11-06,1121.5,1121.5,1121.5,1121.5
2014-11-07,1121.5,1121.5,1121.5,1121.5
2014-11-10,1126.4,1126.4,1126.4,1126.4
2014-11-11,1127.5,1127.5,1127.5,1127.5
2014-11-12,1127.9,1127.9,1127.9,1127.9
2014-11-13,1126.7,1126.7,1126.7,1126.7
2014-11-14,1128.2,1128.2,1128.2,1128.2
2014-11-17,1129.2,1129.2,1129.2,1129.2
2014-11-18,1134,1134,1134,1134
2014-11-19,1133.1,1133.1,1133.1,1133.1
2014-11-20,1136,1136,1136,1136
2014-11-21,1141.2,1141.2,1141.2,1141.2
2014-11-24,1144.9,1144.9,1144.9,1144.9
2014-11-25,1145.1,1145.1,1145.1,1145.1
2014-11-26,1147.9,1147.9,1147.9,1147.9
2014-11-27,1147.9,1147.9,1147.9,1147.9
2014-11-28,1143.5,1143.5,1143.5,1143.5
2014-12-01,1134.3,1134.3,1134.3,1134.3
2014-12-02,1142.1,1142.1,1142.1,1142.1
2014-12-03,1146.8,1146.8,1146.8,1146.8
2014-12-04,1145.8,1145.8,1145.8,1145.8
2014-12-05,1148.4,1148.4,1148.4,1148.4
2014-12-08,1139.2,1139.2,1139.2,1139.2
2014-12-09,1138.6,1138.6,1138.6,1138.6
2014-12-10,1121.1,1121.1,1121.1,1121.1
2014-12-11,1130.5,1130.8,1130.5,1124.1
2014-12-12,1122.6,1123.8,1108,1109.5
2014-12-15,1117.7,1117.7,1097,1102.3
2014-12-16,1094.8,1114.1,1093.3,1090.4
2014-12-17,1094.7,1115.4,1094.5,1114.7
2014-12-18,1128.7,1142.6,1125.7,1144.1
2014-12-19,1146,1151.1,1140.9,1141.3
2014-12-22,1146.6,1146.6,1146.6,1146.6
2014-12-23,1150.1,1150.1,1150.1,1150.1
2014-12-24,1150.3,1150.3,1150.3,1150.3
2014-12-25,1150.3,1150.3,1150.3,1150.3
2014-12-26,1153,1153,1153,1153
2014-12-29,1155.5,1155.5,1155.5,1155.5
2014-12-30,1150.4,1150.4,1150.4,1150.4
2014-12-31,1137.9,1137.9,1137.9,1137.9
2015-01-01,1137.9,1137.9,1137.9,1137.9
2015-01-02,1133.5,1133.5,1133.5,1133.5
2015-01-05,1117.2,1117.2,1117.2,1117.2
2015-01-06,1105.5,1105.5,1105.5,1105.5
2015-01-07,1119.2,1119.2,1119.2,1119.2
2015-01-08,1138.5,1138.5,1138.5,1138.5
2015-01-09,1128.4,1128.4,1128.4,1128.4
2015-01-12,1121.2,1121.2,1121.2,1121.2
2015-01-13,1118.4,1118.4,1118.4,1118.4
2015-01-14,1113.8,1113.8,1113.8,1113.8
2015-01-15,1103.3,1103.3,1103.3,1103.3
2015-01-16,1115.8,1115.8,1115.8,1115.8
2015-01-19,1115.8,1115.8,1115.8,1115.8
2015-01-20,1118.1,1118.1,1118.1,1118.1
2015-01-21,1123.4,1123.4,1123.4,1123.4
2015-01-22,1140.8,1140.8,1140.8,1140.8
2015-01-23,1134.6,1134.6,1134.6,1134.6
2015-01-26,1141.1,1141.1,1141.1,1141.1
2015-01-27,1128.7,1128.7,1128.7,1128.7
2015-01-28,1106.7,1106.7,1106.7,1106.7
2015-01-29,1119.8,1119.8,1119.8,1119.8
2015-01-30,1103.7,1103.7,1103.7,1103.7
2015-02-02,1120.2,1120.2,1120.2,1120.2
2015-02-03,1134.7,1134.7,1134.7,1134.7
2015-02-04,1129,1129,1129,1129
2015-02-05,1141.5,1141.5,1141.5,1141.5
2015-02-06,1140.5,1140.5,1140.5,1140.5
2015-02-09,1134.3,1134.3,1134.3,1134.3
2015-02-10,1146.1,1146.1,1146.1,1146.1
2015-02-11,1147.3,1147.3,1147.3,1147.3
2015-02-12,1158.7,1158.7,1158.7,1158.7
2015-02-13,1163.5,1163.5,1163.5,1163.5
2015-02-16,1163.5,1163.5,1163.5,1163.5
2015-02-17,1165.7,1165.7,1165.7,1165.7
2015-02-18,1164.2,1164.2,1164.2,1164.2
2015-02-19,1165.4,1165.4,1165.4,1165.4
2015-02-20,1172,1172,1172,1172
2015-02-23,1172.8,1172.8,1172.8,1172.8
2015-02-24,1174,1174,1174,1174
2015-02-25,1172.3,1172.3,1172.3,1172.3
2015-02-26,1174.5,1174.5,1174.5,1174.5
2015-02-27,1169,1169,1169,1169
2015-03-02,1175.5,1175.5,1175.5,1175.5
2015-03-03,1171.5,1171.5,1171.5,1171.5
2015-03-04,1166.3,1166.3,1166.3,1166.3
2015-03-05,1167.4,1168.1,1167.1,1168.6
2015-03-06,1152.3,1152.3,1152.3,1152.6
2015-03-09,1155,1155,1155,1154.4
2015-03-10,1144.4,1144.9,1138.9,1136.9
2015-03-11,1135,1135,1135,1135
2015-03-12,1135,1150.5,1135,1148.5
2015-03-13,1148.2,1148.2,1136.5,1141.5
2015-03-16,1140.5,1158.5,1140.5,1154.5
2015-03-17,1153.9,1157.4,1149.6,1156
2015-03-18,1150.6,1172.9,1147.8,1170
2015-03-19,1164.9,1167.7,1161.2,1162.9
2015-03-20,1169.5,1169.5,1169.5,1169.5
2015-03-23,1165.7,1165.7,1165.7,1165.7
2015-03-24,1161.4,1161.4,1161.4,1161.4
2015-03-25,1142.5,1142.5,1142.5,1142.5
2015-03-26,1141,1141,1141,1141
2015-03-27,1143.5,1143.5,1143.5,1143.5
2015-03-30,1156.3,1156.3,1156.3,1156.3
2015-03-31,1149.9,1149.9,1149.9,1149.9
2015-04-01,1144.4,1144.4,1144.4,1144.4
2015-04-02,1148,1148,1148,1148
2015-04-03,1148,1148,1148,1148
2015-04-06,1155.7,1155.7,1155.7,1155.7
2015-04-07,1154.4,1154.4,1154.4,1154.4
2015-04-08,1157.4,1157.4,1157.4,1157.4
2015-04-09,1163.5,1163.5,1163.5,1163.5
2015-04-10,1166.7,1166.7,1166.7,1166.7
2015-04-13,1162.2,1162.2,1162.2,1162.2
2015-04-14,1165.1,1165.1,1165.1,1165.1
2015-04-15,1170.7,1170.7,1170.7,1170.7
2015-04-16,1170.8,1170.8,1170.8,1170.8
2015-04-17,1156.8,1156.8,1156.8,1156.8
2015-04-20,1165.5,1165.5,1165.5,1165.5
2015-04-21,1164.8,1164.8,1164.8,1164.8
2015-04-22,1171,1171,1171,1171
2015-04-23,1175,1175,1175,1175
2015-04-24,1176.2,1176.2,1176.2,1176.2
2015-04-27,1172,1172,1172,1172
2015-04-28,1174.3,1174.3,1174.3,1174.3
2015-04-29,1168.1,1168.1,1168.1,1168.1
2015-04-30,1157,1157,1157,1157
2015-05-01,1168.5,1168.5,1168.5,1168.5
2015-05-04,1172.7,1172.7,1172.7,1172.7
2015-05-05,1158.9,1158.9,1158.9,1158.9
2015-05-06,1153,1153,1153,1153
2015-05-07,1160.8,1160.8,1160.8,1160.8
2015-05-08,1172.3,1172.3,1172.3,1172.3
2015-05-11,1165.7,1165.7,1165.7,1165.7
2015-05-12,1166.4,1166.4,1166.4,1166.4
2015-05-13,1166.1,1166.1,1166.1,1166.1
2015-05-14,1178,1178,1178,1178
2015-05-15,1178.4,1178.4,1178.4,1178.4
2015-05-18,1184,1184,1184,1184
2015-05-19,1181.6,1181.6,1181.6,1181.6
2015-05-20,1180.3,1180.3,1180.3,1180.3
2015-05-21,1185.1,1185.1,1185.1,1185.1
2015-05-22,1183.3,1183.3,1183.3,1183.3
2015-05-25,1183.3,1183.3,1183.3,1183.3
2015-05-26,1171.6,1171.6,1171.6,1171.6
2015-05-27,1179.3,1179.3,1179.3,1179.3
2015-05-28,1179.9,1179.9,1179.9,1179.9
2015-05-29,1172,1172,1172,1172
2015-06-01,1174.1,1174.1,1174.1,1174.1
2015-06-02,1172.5,1172.5,1172.5,1172.5
2015-06-03,1179.2,1179.2,1179.2,1179.2
2015-06-04,1168.7,1168.7,1168.7,1168.7
2015-06-05,1165.6,1165.6,1165.6,1165.6
2015-06-08,1158.9,1158.9,1158.9,1158.9
2015-06-09,1157.1,1157.1,1157.1,1157.1
2015-06-10,1171.8,1171.8,1171.8,1171.8
2015-06-11,1174.6,1177.9,1174.3,1173.3
2015-06-12,1169.5,1170,1164.6,1166
2015-06-15,1156.6,1161.7,1153.6,1159
2015-06-16,1162.8,1167.8,1159.6,1167.4
2015-06-17,1171.1,1172.7,1163.5,1168
2015-06-18,1172.3,1184.3,1172.3,1182.2
2015-06-19,1168.9,1168.9,1168.9,1168.9
2015-06-22,1177.4,1177.4,1177.4,1177.4
2015-06-23,1178.7,1178.7,1178.7,1178.7
2015-06-24,1170.2,1170.2,1170.2,1170.2
2015-06-25,1166.9,1166.9,1166.9,1166.9
2015-06-26,1166.8,1166.8,1166.8,1166.8
2015-06-29,1140.4,1140.4,1140.4,1140.4
2015-06-30,1145.3,1145.3,1145.3,1145.3
2015-07-01,1154.9,1154.9,1154.9,1154.9
2015-07-02,1154.5,1154.5,1154.5,1154.5
2015-07-03,1154.5,1154.5,1154.5,1154.5
2015-07-06,1149,1149,1149,1149
2015-07-07,1154,1154,1154,1154
2015-07-08,1134,1134,1134,1134
2015-07-09,1135,1135,1135,1135
2015-07-10,1151.5,1151.5,1151.5,1151.5
2015-07-13,1164.1,1164.1,1164.1,1164.1
2015-07-14,1171.4,1171.4,1171.4,1171.4
2015-07-15,1168.8,1168.8,1168.8,1168.8
2015-07-16,1178,1178,1178,1178
2015-07-17,1177.4,1177.4,1177.4,1177.4
2015-07-20,1177.4,1177.4,1177.4,1177.4
2015-07-21,1173.5,1173.5,1173.5,1173.5
2015-07-22,1173.3,1173.3,1173.3,1173.3
2015-07-23,1166.7,1166.7,1166.7,1166.7
2015-07-24,1159,1159,1159,1159
2015-07-27,1147.1,1147.1,1147.1,1147.1
2015-07-28,1159.6,1159.6,1159.6,1159.6
2015-07-29,1168.6,1168.6,1168.6,1168.6
2015-07-30,1170.9,1170.9,1170.9,1170.9
2015-07-31,1166.5,1166.5,1166.5,1166.5
2015-08-03,1161.6,1161.6,1161.6,1161.6
2015-08-04,1159.9,1159.9,1159.9,1159.9
2015-08-05,1164.1,1164.1,1164.1,1164.1
2015-08-06,1156.5,1156.5,1156.5,1156.5
2015-08-07,1152.9,1152.9,1152.9,1152.9
2015-08-10,1169.7,1169.7,1169.7,1169.7
2015-08-11,1155,1155,1155,1155
2015-08-12,1159.3,1159.3,1159.3,1159.3
2015-08-13,1157.7,1157.7,1157.7,1157.7
2015-08-14,1161.3,1161.3,1161.3,1161.3
2015-08-17,1163.2,1163.2,1163.2,1163.2
2015-08-18,1163.1,1163.1,1163.1,1163.1
2015-08-19,1155.5,1155.5,1155.5,1155.5
2015-08-20,1130.1,1130.1,1130.1,1130.1
2015-08-21,1091,1091,1091,1091
2015-08-24,1049.7,1049.7,1049.7,1049.7
2015-08-25,1040.8,1040.8,1040.8,1040.8
2015-08-26,1075.9,1075.9,1075.9,1075.9
2015-08-27,1105.3,1105.3,1105.3,1105.3
2015-08-28,1105.6,1105.6,1105.6,1105.6
2015-08-31,1095.5,1095.5,1095.5,1095.5
2015-09-01,1064,1064,1064,1064
2015-09-02,1082.1,1082.1,1082.1,1082.1
2015-09-03,1084.4,1084.4,1084.4,1084.4
2015-09-04,1078.1,1078.1,1078.1,1078.1
2015-09-07,1078.1,1078.1,1078.1,1078.1
2015-09-08,1091.9,1091.9,1091.9,1091.9
2015-09-09,1081.4,1081.4,1081.4,1081.4
2015-09-10,1085.7,1089.7,1083.8,1085.1
2015-09-11,1079.7,1091.5,1078.6,1090.4
2015-09-14,1086,1088.1,1082.7,1086.4
2015-09-15,1086.8,1101.8,1086.2,1100
2015-09-16,1103.2,1109.5,1103.2,1108.7
2015-09-17,1108.1,1123,1104.9,1106.1
2015-09-18,1095,1095,1095,1095
2015-09-21,1092.2,1092.2,1092.2,1092.2
2015-09-22,1076.7,1076.7,1076.7,1076.7
2015-09-23,1073.5,1073.5,1073.5,1073.5
2015-09-24,1065.2,1065.2,1065.2,1065.2
2015-09-25,1066.2,1066.2,1066.2,1066.2
2015-09-28,1042,1042,1042,1042
2015-09-29,1038.5,1038.5,1038.5,1038.5
2015-09-30,1059,1059,1059,1059
2015-10-01,1064.6,1064.6,1064.6,1064.6
2015-10-02,1079.7,1079.7,1079.7,1079.7
2015-10-05,1094,1094,1094,1094
2015-10-06,1093.1,1093.1,1093.1,1093.1
2015-10-07,1101,1101,1101,1101
2015-10-08,1113.3,1113.3,1113.3,1113.3
2015-10-09,1113.6,1113.6,1113.6,1113.6
2015-10-12,1113.9,1113.9,1113.9,1113.9
2015-10-13,1107.5,1107.5,1107.5,1107.5
2015-10-14,1101.6,1101.6,1101.6,1101.6
2015-10-15,1120.5,1120.5,1120.5,1120.5
2015-10-16,1121.2,1121.2,1121.2,1121.2
2015-10-19,1123.7,1123.7,1123.7,1123.7
2015-10-20,1119.5,1119.5,1119.5,1119.5
2015-10-21,1113.8,1113.8,1113.8,1113.8
2015-10-22,1136.8,1136.8,1136.8,1136.8
2015-10-23,1141.8,1141.8,1141.8,1141.8
2015-10-26,1139.8,1139.8,1139.8,1139.8
2015-10-27,1139.4,1139.4,1139.4,1139.4
2015-10-28,1152.6,1152.6,1152.6,1152.6
2015-10-29,1148.8,1148.8,1148.8,1148.8
2015-10-30,1146.6,1146.6,1146.6,1146.6
2015-11-02,1160.5,1160.5,1160.5,1160.5
2015-11-03,1163.2,1163.2,1163.2,1163.2
2015-11-04,1159.3,1159.3,1159.3,1159.3
2015-11-05,1160,1160,1160,1160
2015-11-06,1157.9,1157.9,1157.9,1157.9
2015-11-09,1147.2,1147.2,1147.2,1147.2
2015-11-10,1149.5,1149.5,1149.5,1149.5
2015-11-11,1143.7,1143.7,1143.7,1143.7
2015-11-12,1128.2,1128.2,1128.2,1128.2
2015-11-13,1115.5,1115.5,1115.5,1115.5
2015-11-16,1131.2,1131.2,1131.2,1131.2
2015-11-17,1133.2,1133.2,1133.2,1133.2
2015-11-18,1149.4,1149.4,1149.4,1149.4
2015-11-19,1149.1,1149.1,1149.1,1149.1
2015-11-20,1153.7,1153.7,1153.7,1153.7
2015-11-23,1152.2,1152.2,1152.2,1152.2
2015-11-24,1153.2,1153.2,1153.2,1153.2
2015-11-25,1154.3,1154.3,1154.3,1154.3
2015-11-26,1154.3,1154.3,1154.3,1154.3
2015-11-27,1155.2,1155.2,1155.2,1155.2
2015-11-30,1150.5,1150.5,1150.5,1150.5
2015-12-01,1161.4,1161.4,1161.4,1161.4
2015-12-02,1150.7,1150.7,1150.7,1150.7
2015-12-03,1133.9,1133.9,1133.9,1133.9
2015-12-04,1153.5,1153.5,1153.5,1153.5
2015-12-07,1141.7,1145.5,1140.8,1147.5
2015-12-08,1138.9,1138.9,1138.9,1138.9
2015-12-09,1145.4,1145.9,1125.5,1129.3
2015-12-10,1133.5,1135.3,1131.8,1131.5
2015-12-11,1119,1122.6,1108.4,1110.2
2015-12-14,1114,1114.8,1098.7,1113.3
2015-12-15,1121.4,1131.6,1121.4,1126.6
2015-12-16,1133.5,1144.5,1127.8,1142.4
2015-12-17,1140.6,1140.6,1124.1,1121.2
2015-12-18,1099.7,1099.7,1099.7,1099.7
2015-12-21,1111.7,1111.7,1111.7,1111.7
2015-12-22,1124.4,1124.4,1124.4,1124.4
2015-12-23,1133.4,1133.4,1133.4,1133.4
2015-12-24,1133.1,1133.1,1133.1,1133.1
2015-12-25,1133.1,1133.1,1133.1,1133.1
2015-12-28,1132,1132,1132,1132
2015-12-29,1144.6,1144.6,1144.6,1144.6
2015-12-30,1134.6,1134.6,1134.6,1134.6
2015-12-31,1125.2,1125.2,1125.2,1125.2
2016-01-01,1125.2,1125.2,1125.2,1125.2
2016-01-04,1108.4,1108.4,1108.4,1108.4
2016-01-05,1109.8,1109.8,1109.8,1109.8
2016-01-06,1095.7,1095.7,1095.7,1095.7
2016-01-07,1065.7,1065.7,1065.7,1065.7
2016-01-08,1054.5,1054.5,1054.5,1054.5
2016-01-11,1053.7,1053.7,1053.7,1053.7
2016-01-12,1061.1,1061.1,1061.1,1061.1
2016-01-13,1034.6,1034.6,1034.6,1034.6
2016-01-14,1053.5,1053.5,1053.5,1053.5
2016-01-15,1032.1,1032.1,1032.1,1032.1
2016-01-18,1032.1,1032.1,1032.1,1032.1
2016-01-19,1027.8,1027.8,1027.8,1027.8
2016-01-20,1019.5,1019.5,1019.5,1019.5
2016-01-21,1023.3,1023.3,1023.3,1023.3
2016-01-22,1043.1,1043.1,1043.1,1043.1
2016-01-25,1026.2,1026.2,1026.2,1026.2
2016-01-26,1042.9,1042.9,1042.9,1042.9
2016-01-27,1029.4,1029.4,1029.4,1029.4
2016-01-28,1033,1033,1033,1033
2016-01-29,1060.7,1060.7,1060.7,1060.7
2016-02-01,1062.3,1062.3,1062.3,1062.3
2016-02-02,1042.5,1042.5,1042.5,1042.5
2016-02-03,1049.2,1049.2,1049.2,1049.2
2016-02-04,1049,1049,1049,1049
2016-02-05,1029.5,1029.5,1029.5,1029.5
2016-02-08,1015.8,1015.8,1015.8,1015.8
2016-02-09,1011.7,1011.7,1011.7,1011.7
2016-02-10,1010.9,1010.9,1010.9,1010.9
2016-02-11,997.1,997.1,997.1,997.1
2016-02-12,1016.4,1016.4,1016.4,1016.4
2016-02-15,1016.4,1016.4,1016.4,1016.4
2016-02-16,1034.5,1034.5,1034.5,1034.5
2016-02-17,1054.7,1054.7,1054.7,1054.7
2016-02-18,1052.4,1052.4,1052.4,1052.4
2016-02-19,1051.3,1051.3,1051.3,1051.3
2016-02-22,1062.9,1062.9,1062.9,1062.9
2016-02-23,1051.8,1051.8,1051.8,1051.8
2016-02-24,1060.8,1060.8,1060.8,1060.8
2016-02-25,1069.8,1069.8,1069.8,1069.8
2016-02-26,1066.9,1066.9,1066.9,1066.9
2016-02-29,1061.1,1061.1,1061.1,1061.1
2016-03-01,1087.7,1087.7,1087.7,1087.7
2016-03-02,1090.3,1090.3,1090.3,1090.3
2016-03-03,1095.3,1095.3,1095.3,1095.3
2016-03-04,1098.4,1098.4,1098.4,1098.4
2016-03-07,1100.7,1100.7,1100.7,1100.7
2016-03-08,1091.5,1091.5,1091.5,1089.6
2016-03-09,1094.4,1094.4,1094.4,1094.4
2016-03-10,1084.9,1097,1084.7,1094
2016-03-11,1104.7,1113.8,1103.5,1112
2016-03-14,1108.5,1113.3,1108.1,1110.4
2016-03-15,1105,1107,1102.8,1109
2016-03-16,1107.2,1116.3,1104.2,1113.9
2016-03-17,1114.4,1125.3,1111.4,1121.4
2016-03-18,1121.5,1121.5,1121.5,1121.5
2016-03-21,1124.5,1124.5,1124.5,1124.5
2016-03-22,1125.9,1125.9,1125.9,1125.9
2016-03-23,1115.5,1115.5,1115.5,1115.5
2016-03-24,1117.3,1117.3,1117.3,1117.3
2016-03-25,1117.3,1117.3,1117.3,1117.3
2016-03-28,1117.4,1117.4,1117.4,1117.4
2016-03-29,1128.1,1128.1,1128.1,1128.1
2016-03-30,1131.9,1131.9,1131.9,1131.9
2016-03-31,1129.6,1129.6,1129.6,1129.6
2016-04-01,1136.3,1136.3,1136.3,1136.3
2016-04-04,1131.8,1131.8,1131.8,1131.8
2016-04-05,1122.9,1122.9,1122.9,1122.9
2016-04-06,1133.8,1133.8,1133.8,1133.8
2016-04-07,1121.6,1121.6,1121.6,1121.6
2016-04-08,1123.8,1123.8,1123.8,1123.8
2016-04-11,1120.5,1120.5,1120.5,1120.5
2016-04-12,1132.4,1132.4,1132.4,1132.4
2016-04-13,1144.5,1144.5,1144.5,1144.5
2016-04-14,1144.2,1144.2,1144.2,1144.2
2016-04-15,1144,1144,1144,1144
2016-04-18,1149.8,1149.8,1149.8,1149.8
2016-04-19,1153.6,1153.6,1153.6,1153.6
2016-04-20,1157,1157,1157,1157
2016-04-21,1148.7,1148.7,1148.7,1148.7
2016-04-22,1150.6,1150.6,1150.6,1150.6
2016-04-25,1149.1,1149.1,1149.1,1149.1
2016-04-26,1153.1,1153.1,1153.1,1153.1
2016-04-27,1153.6,1153.6,1153.6,1153.6
2016-04-28,1143.6,1143.6,1143.6,1143.6
2016-04-29,1136.3,1136.3,1136.3,1136.3
2016-05-02,1144.7,1144.7,1144.7,1144.7
2016-05-03,1133.5,1133.5,1133.5,1133.5
2016-05-04,1129.5,1129.5,1129.5,1129.5
2016-05-05,1127.4,1127.4,1127.4,1127.4
2016-05-06,1131.5,1131.5,1131.5,1131.5
2016-05-09,1132.7,1132.7,1132.7,1132.7
2016-05-10,1145.3,1145.3,1145.3,1145.3
2016-05-11,1134.7,1134.7,1134.7,1134.7
2016-05-12,1134.6,1134.6,1134.6,1134.6
2016-05-13,1125.5,1125.5,1125.5,1125.5
2016-05-16,1137.4,1137.4,1137.4,1137.4
2016-05-17,1126.5,1126.5,1126.5,1126.5
2016-05-18,1124.9,1124.9,1124.9,1124.9
2016-05-19,1123.6,1123.6,1123.6,1123.6
2016-05-20,1129.2,1129.2,1129.2,1129.2
2016-05-23,1128,1128,1128,1128
2016-05-24,1144.8,1144.8,1144.8,1144.8
2016-05-25,1151.6,1151.6,1151.6,1151.6
2016-05-26,1152.6,1152.6,1152.6,1152.6
2016-05-27,1157,1157,1157,1157
2016-05-30,1157,1157,1157,1157
2016-05-31,1156.9,1156.9,1156.9,1156.9
2016-06-01,1157.9,1157.9,1157.9,1157.9
2016-06-02,1161,1161,1161,1161
2016-06-03,1157.2,1157.2,1157.2,1157.2
2016-06-06,1163.3,1163.3,1163.3,1163.3
2016-06-07,1163.6,1163.6,1163.6,1163.6
2016-06-08,1168.6,1168.6,1168.6,1168.2
2016-06-09,1164.1,1166.9,1164.1,1167.2
2016-06-10,1154.2,1159.6,1151.8,1156
2016-06-13,1152.5,1156.8,1144.8,1146
2016-06-14,1143.1,1146.8,1137.8,1142.6
2016-06-15,1144.1,1150.6,1141.2,1142.7
2016-06-16,1134.1,1145.8,1130,1145.2
2016-06-17,1135.4,1135.4,1135.4,1135.4
2016-06-20,1145.1,1145.1,1145.1,1145.1
2016-06-21,1147.7,1147.7,1147.7,1147.7
2016-06-22,1144.9,1144.9,1144.9,1144.9
2016-06-23,1161.9,1161.9,1161.9,1161.9
2016-06-24,1114.1,1114.1,1114.1,1114.1
2016-06-27,1094.1,1094.1,1094.1,1094.1
2016-06-28,1119,1119,1119,1119
2016-06-29,1140,1140,1140,1140
2016-06-30,1151.5,1151.5,1151.5,1151.5
2016-07-01,1156.6,1156.6,1156.6,1156.6
2016-07-04,1156.6,1156.6,1156.6,1156.6
2016-07-05,1147.9,1147.9,1147.9,1147.9
2016-07-06,1153.5,1153.5,1153.5,1153.5
2016-07-07,1152.6,1152.6,1152.6,1152.6
2016-07-08,1168.8,1168.8,1168.8,1168.8
2016-07-11,1174.6,1174.6,1174.6,1174.6
2016-07-12,1183.2,1183.2,1183.2,1183.2
2016-07-13,1183.4,1183.4,1183.4,1183.4
2016-07-14,1189,1189,1189,1189
2016-07-15,1186.6,1186.6,1186.6,1186.6
2016-07-18,1190.5,1190.5,1190.5,1190.5
2016-07-19,1190.1,1190.1,1190.1,1190.1
2016-07-20,1194.9,1194.9,1194.9,1194.9
2016-07-21,1189.6,1189.6,1189.6,1189.6
2016-07-22,1195,1195,1195,1195
2016-07-25,1192.1,1192.1,1192.1,1192.1
2016-07-26,1193.2,1193.2,1193.2,1193.2
2016-07-27,1191.4,1191.4,1191.4,1191.4
2016-07-28,1193.8,1193.8,1193.8,1193.8
2016-07-29,1196.3,1196.3,1196.3,1196.3
2016-08-01,1194.8,1194.8,1194.8,1194.8
2016-08-02,1187,1187,1187,1187
2016-08-03,1191.4,1191.4,1191.4,1191.4
2016-08-04,1191.2,1191.2,1191.2,1191.2
2016-08-05,1201.4,1201.4,1201.4,1201.4
2016-08-08,1199.5,1199.5,1199.5,1199.5
2016-08-09,1201.7,1201.7,1201.7,1201.7
2016-08-10,1198.9,1198.9,1198.9,1198.9
2016-08-11,1203.5,1203.5,1203.5,1203.5
2016-08-12,1203,1203,1203,1203
2016-08-15,1207,1207,1207,1207
2016-08-16,1202.6,1202.6,1202.6,1202.6
2016-08-17,1202.3,1202.3,1202.3,1202.3
2016-08-18,1204,1204,1204,1204
2016-08-19,1203.1,1203.1,1203.1,1203.1
2016-08-22,1203.6,1203.6,1203.6,1203.6
2016-08-23,1207.2,1207.2,1207.2,1207.2
2016-08-24,1201.5,1201.5,1201.5,1201.5
2016-08-25,1199.6,1199.6,1199.6,1199.6
2016-08-26,1196.8,1196.8,1196.8,1196.8
2016-08-29,1202.2,1202.2,1202.2,1202.2
2016-08-30,1201.1,1201.1,1201.1,1201.1
2016-08-31,1197.7,1197.7,1197.7,1197.7
2016-09-01,1196.5,1196.5,1196.5,1196.5
2016-09-02,1203.7,1203.7,1203.7,1203.7
2016-09-05,1203.7,1203.7,1203.7,1203.7
2016-09-06,1207.5,1207.5,1207.5,1207.5
2016-09-07,1208.5,1208.5,1208.5,1208.5
2016-09-08,1205.3,1208.3,1205.3,1205.5
2016-09-09,1195.7,1196.4,1174.2,1172.9
2016-09-12,1170.9,1194.3,1170.9,1193.3
2016-09-13,1184.6,1185,1171.7,1174.9
2016-09-14,1174.5,1182.3,1170.9,1173.5
2016-09-15,1175.5,1188.2,1172,1185
2016-09-16,1177.7,1177.7,1177.7,1177.7
2016-09-19,1179.5,1179.5,1179.5,1179.5
2016-09-20,1182.2,1182.2,1182.2,1182.2
2016-09-21,1190.3,1190.3,1190.3,1190.3
2016-09-22,1198,1198,1198,1198
2016-09-23,1193,1193,1193,1193
2016-09-26,1184.1,1184.1,1184.1,1184.1
2016-09-27,1190.2,1190.2,1190.2,1190.2
2016-09-28,1196.2,1196.2,1196.2,1196.2
2016-09-29,1188,1188,1188,1188
2016-09-30,1195.3,1195.3,1195.3,1195.3
2016-10-03,1190.9,1190.9,1190.9,1190.9
2016-10-04,1184.9,1184.9,1184.9,1184.9
2016-10-05,1190.9,1190.9,1190.9,1190.9
2016-10-06,1191.9,1191.9,1191.9,1191.9
2016-10-07,1185.6,1185.6,1185.6,1185.6
2016-10-10,1193.2,1193.2,1193.2,1193.2
2016-10-11,1178.1,1178.1,1178.1,1178.1
2016-10-12,1178.7,1178.7,1178.7,1178.7
2016-10-13,1174.7,1174.7,1174.7,1174.7
2016-10-14,1174,1174,1174,1174
2016-10-17,1172.4,1172.4,1172.4,1172.4
2016-10-18,1178,1178,1178,1178
2016-10-19,1182.1,1182.1,1182.1,1182.1
2016-10-20,1180.4,1180.4,1180.4,1180.4
2016-10-21,1179.4,1179.4,1179.4,1179.4
2016-10-24,1184.5,1184.5,1184.5,1184.5
2016-10-25,1180.6,1180.6,1180.6,1180.6
2016-10-26,1177,1177,1177,1177
2016-10-27,1169.8,1169.8,1169.8,1169.8
2016-10-28,1171,1171,1171,1171
2016-10-31,1169.4,1169.4,1169.4,1169.4
2016-11-01,1160.9,1160.9,1160.9,1160.9
2016-11-02,1152.9,1152.9,1152.9,1152.9
2016-11-03,1148.9,1148.9,1148.9,1148.9
2016-11-04,1147.5,1147.5,1147.5,1147.5
2016-11-07,1174,1174,1174,1174
2016-11-08,1177.5,1177.5,1177.5,1177.5
2016-11-09,1189.7,1189.7,1189.7,1189.7
2016-11-10,1195.2,1195.2,1195.2,1195.2
2016-11-11,1194.2,1194.2,1194.2,1194.2
2016-11-14,1194.6,1194.6,1194.6,1194.6
2016-11-15,1204.8,1204.8,1204.8,1204.8
2016-11-16,1202.4,1202.4,1202.4,1202.4
2016-11-17,1208.2,1208.2,1208.2,1208.2
2016-11-18,1206.2,1206.2,1206.2,1206.2
2016-11-21,1213.3,1213.3,1213.3,1213.3
2016-11-22,1217.8,1217.8,1217.8,1217.8
2016-11-23,1217,1217,1217,1217
2016-11-24,1217,1217,1217,1217
2016-11-25,1225.9,1225.9,1225.9,1225.9
2016-11-28,1217.8,1217.8,1217.8,1217.8
2016-11-29,1219,1219,1219,1219
2016-11-30,1217,1217,1217,1217
2016-12-01,1212.6,1212.6,1212.6,1212.6
2016-12-02,1212.4,1212.4,1212.4,1212.4
2016-12-05,1212,1212,1212,1220
2016-12-06,1224.2,1224.2,1224.2,1224.2
2016-12-07,1238.2,1238.2,1238.2,1238.2
2016-12-08,1242.8,1246.5,1242.8,1246.2
2016-12-09,1247.5,1251.4,1246.8,1250.9
2016-12-12,1250.8,1253,1246.9,1249.8
2016-12-13,1255.5,1260.9,1253.7,1257.8
2016-12-14,1257.8,1259.1,1244.2,1248.9
2016-12-15,1248.7,1256.9,1247.9,1252.2
2016-12-16,1247.8,1247.8,1247.8,1247.8
2016-12-19,1250.1,1250.1,1250.1,1250.1
2016-12-20,1253.5,1253.5,1253.5,1253.5
2016-12-21,1251.1,1251.1,1251.1,1251.1
2016-12-22,1249.9,1249.9,1249.9,1249.9
2016-12-23,1250.9,1250.9,1250.9,1250.9
