Date,Open,High,Low,Last
2006-01-17,582.75,588.5,579.5,580.75
2006-01-18,580,581,572.5,574.75
2006-01-19,575,578,574,574.75
2006-01-20,575,581.5,574,577.75
2006-01-23,580,587,578.75,585
2006-01-24,584.5,587.75,580,581
2006-01-25,580.5,591.5,577,578
2006-01-26,578,585,576.5,584.5
2006-01-27,585.5,601.5,585.5,599.75
2006-01-30,602.75,616.5,602.75,609.5
2006-01-31,608.75,610.5,602.5,606.75
2006-02-01,605.5,606.25,591.5,592.25
2006-02-02,590.5,597,590,596.75
2006-02-03,596,610.5,593.5,607.5
2006-02-06,606,616.5,597,600.5
2006-02-07,600,606.5,587,588
2006-02-08,586.25,595.5,584,591.25
2006-02-09,593,607,591,601.75
2006-02-10,601.75,604,590.5,596
2006-02-13,596,602,591.5,597.75
2006-02-14,598,599,593.5,596
2006-02-15,595.25,603,583,599
2006-02-16,597,605,594.5,604.25
2006-02-17,603.75,617,602.5,614.5
2006-02-20,603.75,617,602.5,614.5
2006-02-21,614,614,595,601
2006-02-22,600.5,602.25,585,586.5
2006-02-23,586.5,591,583,584.75
2006-02-24,585.25,592.75,585,590.25
2006-02-27,589.75,594,581,593
2006-02-28,593.5,598.5,587,594
2006-03-01,592.75,594.5,587,591
2006-03-02,590.5,607.5,585.5,604
2006-03-03,604,607,598.5,606
2006-03-06,601.75,606,591.5,600.5
2006-03-07,601,603,589,590
2006-03-08,589.75,592,583.25,584
2006-03-09,584.75,589.5,583.25,587.75
2006-03-10,587.25,596,579,589.25
2006-03-13,585,587.75,581.25,584.5
2006-03-14,584.5,589.5,581,587.75
2006-03-15,598.5,604,594.25,595.75
2006-03-16,595,598,587.5,588.25
2006-03-17,589,591,587.25,589
2006-03-20,589,594,584,585.25
2006-03-21,585.25,588.5,584,587.25
2006-03-22,587,593.5,587,589.75
2006-03-23,588.5,590.75,585.75,587.5
2006-03-24,587,593,586,587
2006-03-27,587,599.75,585.5,592
2006-03-28,591,596,590.5,594.5
2006-03-29,594,596.5,592,595.25
2006-03-30,595,601.25,593,601
2006-03-31,600,600.75,585,585.5
2006-04-03,585,588,578.5,579
2006-04-04,578.5,579,571.5,573
2006-04-05,572.5,576.5,570.25,576
2006-04-06,576,581.5,575,578
2006-04-07,577,577,570.5,572.25
2006-04-10,571,575.5,568.25,569
2006-04-11,569,577.5,567.25,577
2006-04-12,576,579.5,572.75,574.75
2006-04-13,574.5,578.75,573.5,577.75
2006-04-14,574.5,578.75,573.5,577.75
2006-04-17,577,589.5,576.25,585.5
2006-04-18,584.25,591.5,582.25,589.75
2006-04-19,589.25,590.75,583,587.75
2006-04-20,587.25,590,580,585.25
2006-04-21,583.5,587.5,580.5,583.25
2006-04-24,585,598,584,588.25
2006-04-25,587.75,594,584.75,593.25
2006-04-26,592.5,594,587.5,590
2006-04-27,589,591,582.5,590.5
2006-04-28,589.75,614,589,601
2006-05-01,597,612.5,596.25,606.75
2006-05-02,605.5,612.5,600.5,603
2006-05-03,602.5,608,601.25,605.5
2006-05-04,605,609,602.5,603.75
2006-05-05,605,614.5,604.5,606.5
2006-05-08,605,611.5,596.5,599.5
2006-05-09,601.5,611.5,600.5,604.5
2006-05-10,606,612,604.75,606
2006-05-11,605.5,617,602,613
2006-05-12,612.5,620,608,613
2006-05-15,619,622.25,607.5,610.75
2006-05-16,610,610.75,605,609.25
2006-05-17,609.5,616,606,610
2006-05-18,610,610,601,604.5
2006-05-19,604,604.5,592.5,593.75
2006-05-22,596,596,587.5,588.75
2006-05-23,592,594.75,588.5,592.75
2006-05-24,593.25,595,586.5,589
2006-05-25,589.5,590.5,586.75,590.5
2006-05-26,590.5,594.5,588.5,589
2006-05-29,590.5,594.5,588.5,589
2006-05-30,587.5,593.5,586,590.25
2006-05-31,590,591.25,584.5,587
2006-06-01,586.5,594,581.75,593.75
2006-06-02,592.25,615,590.75,614.75
2006-06-05,614,617.25,607.5,610
2006-06-06,608.25,611.5,600,600.75
2006-06-07,600.5,607,597,603.75
2006-06-08,602.75,603.5,593.5,595
2006-06-09,594,599,590.5,592.75
2006-06-12,596.75,611.5,596.75,607.25
2006-06-13,607,610,600.5,602.5
2006-06-14,604,607.25,596,596.5
2006-06-15,596.5,605,596.5,599.5
2006-06-16,600.5,607,600,606.5
2006-06-19,603.25,603.25,589.25,592
2006-06-20,591.25,593.25,588.5,592.25
2006-06-21,592,596.5,591.25,593.25
2006-06-22,594,596.25,587.75,589.5
2006-06-23,589.5,590.25,585.5,586.5
2006-06-26,587,587,572.75,575.5
2006-06-27,575.5,587,575.5,585
2006-06-28,584.75,590,581.25,585.75
2006-06-29,584.5,592.5,584.5,589
2006-06-30,589.25,607,589.25,600.5
2006-07-03,609,611,601.75,608.5
2006-07-04,609,611,601.75,608.5
2006-07-05,613,615,597,600.5
2006-07-06,600,616.75,599.75,613.5
2006-07-07,613.5,614.75,600.25,606.25
2006-07-10,612,616.5,602.5,608.25
2006-07-11,610.5,619,607,610
2006-07-12,609,614,600.75,607
2006-07-13,604.75,606.5,599,600.25
2006-07-14,597.75,607.5,595.5,603
2006-07-17,605,608,597,597.25
2006-07-18,598,600.25,593.75,596.5
2006-07-19,596.5,596.5,587.5,593.25
2006-07-20,593,596.5,589,591.75
2006-07-21,590.25,592.75,582.5,584.5
2006-07-24,584,591.75,582,590.75
2006-07-25,590,599.75,590,593.25
2006-07-26,593.75,596.25,588,589.75
2006-07-27,589,590.5,579,580.75
2006-07-28,580.75,585,580.75,584
2006-07-31,586,591.25,579.5,585.5
2006-08-01,584.75,586.25,578.75,579.25
2006-08-02,580.25,593.5,580.25,587.25
2006-08-03,586,586,580,581.5
2006-08-04,582.5,587.75,579.5,582
2006-08-07,577.25,577.25,566.5,567.25
2006-08-08,567.5,568.75,560,562.5
2006-08-09,562.5,567.5,562.5,566.5
2006-08-10,566.25,567.5,560.5,561.25
2006-08-11,560.75,563.5,552,555.25
2006-08-14,550,556.5,549.5,556.25
2006-08-15,569.25,571,566.5,569.25
2006-08-16,568.25,573,563.75,565
2006-08-17,565,567,561,564.5
2006-08-18,564,565.75,559.5,560.5
2006-08-21,559.25,562.5,558.5,561.25
2006-08-22,561,563.25,560,562.25
2006-08-23,563,569,562,566.5
2006-08-24,566,569.5,561,565
2006-08-25,564,565,554.5,557
2006-08-28,555,557,551,552
2006-08-29,552,555,550.75,551
2006-08-30,550.75,556.75,549.25,555.75
2006-08-31,555,558,551,555.75
2006-09-01,555.5,557,551.25,551.5
2006-09-04,555.5,557,551.25,551.5
2006-09-05,550.5,564,546,554.25
2006-09-06,554,558.5,546,546.75
2006-09-07,546.5,553,543.25,550
2006-09-08,549.75,555.75,547.5,548
2006-09-11,549,549.5,542,544.5
2006-09-12,543.75,549.5,537.5,538.5
2006-09-13,538.5,544.5,536.75,540.5
2006-09-14,540.5,547.5,540.5,545.25
2006-09-15,553,569,553,562.5
2006-09-18,566,570.25,564.25,565.75
2006-09-19,562.75,567.75,557,557.25
2006-09-20,557.25,564.75,555.5,562.25
2006-09-21,562,574.5,562,571.5
2006-09-22,569.75,571.5,561.75,562.25
2006-09-25,561.5,562,553.5,558.75
2006-09-26,558.5,564.5,558.5,561
2006-09-27,560.5,562,556,556.5
2006-09-28,556,568,556,566.75
2006-09-29,565.25,568.75,559.25,562.25
2006-10-02,562,568.5,559,560.25
2006-10-03,560,560,555,557.25
2006-10-04,557,577,555.5,569.5
2006-10-05,569,581,568.5,580
2006-10-06,578.5,584.25,576.5,577.75
2006-10-09,576.5,589.5,574.25,589.25
2006-10-10,587.5,588.25,574,575.25
2006-10-11,573.5,583,573,577
2006-10-12,575,603,573.5,594.5
2006-10-13,592.25,608,592.25,605.5
2006-10-16,604,607,599.5,603.5
2006-10-17,602,617,601.75,614.5
2006-10-18,612,619.25,608.25,618
2006-10-19,617.5,627,616,622.5
2006-10-20,621.25,627,617.75,620.25
2006-10-23,618.5,631.25,615,630.5
2006-10-24,629.25,638.75,627.5,637
2006-10-25,637,654.5,633.75,635.5
2006-10-26,635,646.5,626,641.75
2006-10-27,640.25,653.5,639.75,649
2006-10-30,647.25,657,646.25,653.25
2006-10-31,653,655,643.5,644.25
2006-11-01,643.75,659.5,641.5,658.25
2006-11-02,658.25,682.5,658,661.25
2006-11-03,661,670,655.5,662.75
2006-11-06,660.25,667.5,656,662.75
2006-11-07,662.75,671,658.25,667.25
2006-11-08,667.5,683.25,667.5,678
2006-11-09,677,682,668.75,669.5
2006-11-10,669,672.5,660,662.5
2006-11-13,661,671.5,655.75,657.5
2006-11-14,657,674.25,656.5,671.25
2006-11-15,684,690.25,674.75,676
2006-11-16,675.25,682.75,663,668.75
2006-11-17,668.5,673.25,665,672.75
2006-11-20,672.5,689,672.5,680
2006-11-21,680,686.25,679.75,686.25
2006-11-22,686.5,692.75,681.25,686.75
2006-11-23,686.5,692.75,681.25,686.75
2006-11-24,684.75,700,684,696.75
2006-11-27,696.75,709,696.75,702
2006-11-28,701,703,695.25,699.5
2006-11-29,699.5,704,689.5,696
2006-11-30,696,702,691.5,700.25
2006-12-01,699.25,701,689.25,692
2006-12-04,687,688.75,673.25,673.5
2006-12-05,671.75,679,669.25,677.75
2006-12-06,677.25,678,666.5,668.25
2006-12-07,668,677.25,666.25,676.25
2006-12-08,676,679.5,669.75,672.25
2006-12-11,669.5,683.75,667.25,682.75
2006-12-12,681.5,685,676.25,678.5
2006-12-13,677,678.5,668.25,676
2006-12-14,675.75,683,674.25,677.5
2006-12-15,675.5,677.5,668.5,672.25
2006-12-18,672.5,673.25,657.25,663
2006-12-19,662.75,669.25,661.5,668.75
2006-12-20,668.5,671,661,663.5
2006-12-21,664.25,670.5,664,665.75
2006-12-22,664.5,674.75,664.5,674.25
2006-12-25,664.5,674.75,664.5,674.25
2006-12-26,678,690.5,677.5,686.5
2006-12-27,686,689.75,682.25,685.25
2006-12-28,685,694.75,683.25,690.5
2006-12-29,689.5,698.75,686.75,697.25
2007-01-01,689.5,698.75,686.75,697.25
2007-01-02,695.75,697.25,693.5,697.25
2007-01-03,695,696.5,681.25,682
2007-01-04,681,687.75,672.5,675.5
2007-01-05,675.5,682,670.5,681.5
2007-01-08,682.75,684,674.5,677.25
2007-01-09,674.5,675,661.75,664.5
2007-01-10,663.75,669.75,657.5,664.75
2007-01-11,665.75,677.75,665.75,674.25
2007-01-12,672.25,723.5,670.75,716.5
2007-01-15,672.25,723.5,670.75,716.5
2007-01-16,735,749,720.5,723.25
2007-01-17,721,741.25,721,736.25
2007-01-18,736.25,749,728,731.25
2007-01-19,731,738,724.75,732.5
2007-01-22,729,738,723,732.75
2007-01-23,732,742,731.5,742
2007-01-24,742,743.5,727.75,730.5
2007-01-25,731,737,715,728.5
2007-01-26,730.25,730.5,724,726.25
2007-01-29,727,730,720.25,724.75
2007-01-30,725,736.75,721.5,736.25
2007-01-31,734,744,733,734.5
2007-02-01,734.5,744.75,733,737.5
2007-02-02,736.75,753,734,752.5
2007-02-05,752,763,750,756.5
2007-02-06,755,762,753,754.25
2007-02-07,753.5,763.75,752,757.25
2007-02-08,756,762,753,760.25
2007-02-09,761,772.5,749.75,765.5
2007-02-12,763.25,767,756.75,761.75
2007-02-13,760.25,771.5,759,771.5
2007-02-14,771,773,764.25,766.5
2007-02-15,767,775.25,767,774.75
2007-02-16,774,784.25,770.5,782.5
2007-02-19,774,784.25,770.5,782.5
2007-02-20,782,788,778.25,787
2007-02-21,787.25,804.75,780.75,798
2007-02-22,796.5,807.75,796.25,800.5
2007-02-23,800,803.25,791.75,794
2007-02-26,795.5,806,792.75,794.5
2007-02-27,792.75,795.75,772.25,778.75
2007-02-28,773.25,788.75,772.5,787.5
2007-03-01,788.75,789,754.75,762
2007-03-02,762,764.25,750,753.5
2007-03-05,750.25,752.25,739,750.5
2007-03-06,749.75,755.75,745,747.75
2007-03-07,746,763,745.25,757.25
2007-03-08,757.75,765.5,755,759
2007-03-09,760.75,762.25,749.75,759.75
2007-03-12,760.5,769,756.75,765
2007-03-13,765,770.75,755.25,755.5
2007-03-14,755.75,756.75,745.75,753.5
2007-03-15,769,774.25,764.5,766.75
2007-03-16,764.25,774,760.5,769
2007-03-19,769,776.25,765.5,775.25
2007-03-20,775,781,772.75,780.5
2007-03-21,780.5,787.5,780.5,782.5
2007-03-22,782,788,779.5,788
2007-03-23,787,790.5,784.5,785.25
2007-03-26,783.5,785,767.75,774.75
2007-03-27,773.5,777.5,770.75,773
2007-03-28,772,787.75,772,786.5
2007-03-29,785,794,782.5,793.25
2007-03-30,791,794,757.5,778
2007-04-02,776.75,801.75,767.25,795.75
2007-04-03,794.75,798,776.5,780.5
2007-04-04,780,788.5,776.5,777.75
2007-04-05,777,781.75,774.25,777.25
2007-04-06,777,781.75,774.25,777.25
2007-04-09,780.5,790.75,765,766.5
2007-04-10,766,769.25,757,760.5
2007-04-11,760.5,766.75,758.5,764
2007-04-12,761.75,763.5,749,756.5
2007-04-13,755.75,762.5,749.5,755
2007-04-16,748.75,759.25,747.5,753.25
2007-04-17,753,754.5,739.5,741.25
2007-04-18,740.25,741,730.5,732.25
2007-04-19,731,740.75,731,735
2007-04-20,734.25,741.5,731,740.25
2007-04-23,739.75,742,732.5,738
2007-04-24,737.25,738.5,725.25,726.25
2007-04-25,726.25,749.75,724.5,737.75
2007-04-26,737.75,743.25,733,735
2007-04-27,734.75,741.75,733.5,738.5
2007-04-30,735,750.75,732.5,743
2007-05-01,743.5,758.5,738.5,756.25
2007-05-02,756,760.5,747,748.5
2007-05-03,747.5,758.5,744.5,747.75
2007-05-04,748,753.75,744,747.5
2007-05-07,751.5,753.5,738.75,742.5
2007-05-08,739.25,747,734,739.5
2007-05-09,739.5,749.5,739,747.5
2007-05-10,749,750.5,744.5,746.25
2007-05-11,746.25,768.75,745.25,761.75
2007-05-14,761.5,776,759.75,770.5
2007-05-15,770.75,787.5,770.75,784.25
2007-05-16,784,803.5,784,799.5
2007-05-17,799.5,803.5,795,799.5
2007-05-18,802.25,803.5,797.5,799.25
2007-05-21,798.5,810.25,795.25,807.25
2007-05-22,804,808,798.75,800.25
2007-05-23,797,810,796.25,808.25
2007-05-24,808,816,808,812.5
2007-05-25,812,820.25,812,819.5
2007-05-28,812,820.25,812,819.5
2007-05-29,815,819.5,804.5,805.25
2007-05-30,805,817.5,799.5,815.75
2007-05-31,815,823.25,809.5,813.5
2007-06-01,814,826.5,812.5,825
2007-06-04,825.5,830.5,821.5,823
2007-06-05,823,837,823,835.75
2007-06-06,835.5,842,823.75,829.75
2007-06-07,828.25,840.5,827,839.75
2007-06-08,838.5,842.25,815,829
2007-06-11,837.75,856.5,830.5,838
2007-06-12,835,840,830.75,834.25
2007-06-13,833,836.25,823,833.25
2007-06-14,832.25,845,831.75,835
2007-06-15,834.5,855.5,834.5,854.5
2007-06-18,859.5,870.25,853.25,863.25
2007-06-19,862.5,864,834.75,837.5
2007-06-20,836.5,859,836.5,847.75
2007-06-21,855,855,821,826
2007-06-22,827,828,799,804.5
2007-06-25,805,813,802,811.5
2007-06-26,812,819.25,806.5,815.25
2007-06-27,814.75,819,803,811.75
2007-06-28,813,818,809,816.25
2007-06-29,816.25,866.25,814.75,855.75
2007-07-02,858,877.75,856.25,871
2007-07-03,871,873,854.25,855.75
2007-07-04,871,873,854.25,855.75
2007-07-05,860,868,855.75,860
2007-07-06,860,872,859,869.25
2007-07-09,870.5,879,861,875.5
2007-07-10,874.5,895.5,868.75,893.5
2007-07-11,892,898.75,891,896
2007-07-12,896,915.25,896,914.5
2007-07-13,913,923,904.5,921.75
2007-07-16,924,924,881.25,881.25
2007-07-17,880.5,883.5,837.75,843.25
2007-07-18,843.5,861,843.5,860
2007-07-19,860.5,871.25,845,864.75
2007-07-20,866,876.5,853,859.5
2007-07-23,852.75,852.75,818.5,824
2007-07-24,824.75,836.5,821.5,828.75
2007-07-25,828.75,833.25,822.5,822.75
2007-07-26,821.5,838.5,817.5,829.75
2007-07-27,829.5,832.75,820.5,823.75
2007-07-30,824.75,833.25,824,831
2007-07-31,833,846.25,833,841.25
2007-08-01,843.25,850.5,830.5,832.5
2007-08-02,832,844.5,832,838.25
2007-08-03,838.25,850.25,838.25,844.75
2007-08-06,838.25,838.25,824,834.25
2007-08-07,834,848,829,847
2007-08-08,849.25,862.75,846.25,862
2007-08-09,859.25,864,855,862
2007-08-10,859.25,867,843,856
2007-08-13,862.5,872.25,862.5,866
2007-08-14,857.5,866,847.25,851
2007-08-15,864,871,851.5,854.5
2007-08-16,851.5,852.5,804.5,814.5
2007-08-17,816,829.75,811.5,827.75
2007-08-20,820.75,828.75,818.5,827.25
2007-08-21,828,839.5,828,831
2007-08-22,831,850,831,847
2007-08-23,849,868,846.5,858.25
2007-08-24,857.75,866.25,853.75,865
2007-08-27,858.5,873.75,852.75,872.75
2007-08-28,870.25,878,864.25,872.25
2007-08-29,870,877.75,865.25,874.25
2007-08-30,874.5,893.75,871,885
2007-08-31,884.75,896,881.5,882.5
2007-09-03,884.75,896,881.5,882.5
2007-09-04,885.5,915.5,885.5,907.5
2007-09-05,904.75,916.75,899.75,903
2007-09-06,902,903,888,892.5
2007-09-07,892.75,908.25,887,905.25
2007-09-10,904.25,919,904.25,918
2007-09-11,916.25,921.5,913.75,920.5
2007-09-12,920,959.75,919,938.5
2007-09-13,938,948,933,941.25
2007-09-14,941.25,958.5,938,954.75
2007-09-17,976,989.5,975.75,983.5
2007-09-18,982.75,993,975.75,984.5
2007-09-19,984.5,991.5,968.25,986
2007-09-20,983,1012,983,1004.25
2007-09-21,1000.25,1008,993.5,994.5
2007-09-24,992,1002.75,987,994.5
2007-09-25,990.5,998,985.75,989
2007-09-26,987.25,1008,986.5,1006.25
2007-09-27,1006,1033.75,1006,1025.25
2007-09-28,1022.5,1028.5,1002.5,1008.5
2007-10-01,1014,1015,1008,1009.5
2007-10-02,990,990,960,962
2007-10-03,952,974.5,951,969.5
2007-10-04,973,976,965,972.25
2007-10-05,971,972,955.5,960
2007-10-08,949,955.5,941,942
2007-10-09,951,970,950.5,968.75
2007-10-10,981,987.5,974,986.75
2007-10-11,986,1002,981,1001
2007-10-12,1008,1011,992,995.25
2007-10-15,1002,1009.5,1000,1005.75
2007-10-16,1005,1005,992.5,996.75
2007-10-17,990,1006,986,993
2007-10-18,1004,1015,1001,1010.25
2007-10-19,1006,1007,994.5,1001.25
2007-10-22,980,1002,980,993.75
2007-10-23,999,1005.5,994,999.25
2007-10-24,995,1004.5,992.5,993.75
2007-10-25,996,1014.5,996,1012.5
2007-10-26,1025,1025,1012,1013.25
2007-10-29,1025,1031.5,1014.75,1028.75
2007-10-30,1020,1022.75,1008,1009.25
2007-10-31,1014.5,1033.5,1014.5,1025.75
2007-11-01,1022,1023.5,994,1006.5
2007-11-02,1010,1025.5,1008.5,1016.75
2007-11-05,1009,1025,1008,1021
2007-11-06,1037,1047.5,1037,1044.5
2007-11-07,1046.5,1051,1031,1038.5
2007-11-08,1044.5,1048,1035,1041.25
2007-11-09,1039,1057,1033.5,1056
2007-11-12,1044,1049.5,1034.5,1046.25
2007-11-13,1060,1062.25,1052.5,1056.25
2007-11-14,1067,1080,1067,1079.5
2007-11-15,1087,1096,1085.5,1094.25
2007-11-16,1097,1103,1093,1093.75
2007-11-19,1101,1101,1086.5,1087.25
2007-11-20,1088,1105,1088,1103.5
2007-11-21,1095,1102.5,1095,1101.25
2007-11-22,1095,1102.5,1095,1101.25
2007-11-23,1110,1119.5,1107.5,1116.25
2007-11-26,1117,1126,1107.5,1121
2007-11-27,1108,1110,1099,1107.75
2007-11-28,1103,1114.5,1097.5,1113.5
2007-11-29,1121,1122.5,1112,1115
2007-11-30,1095,1112,1092,1097.5
2007-12-03,1090,1099,1086,1097.5
2007-12-04,1098,1111.5,1098,1109.5
2007-12-05,1116,1123,1107.5,1117.5
2007-12-06,1113,1120.5,1111,1117.75
2007-12-07,1121,1140,1118,1138.75
2007-12-10,1143.5,1145,1135,1144.25
2007-12-11,1147,1155,1140.5,1154.5
2007-12-12,1153,1171.5,1152,1170.75
2007-12-13,1165.5,1179,1163,1166
2007-12-14,1167,1183,1163,1175
2007-12-17,1182,1182,1168,1176
2007-12-18,1174,1174.5,1165,1168.5
2007-12-19,1176,1179,1171,1177.75
2007-12-20,1176,1186.5,1173,1179.75
2007-12-21,1182,1196.5,1182,1196
2007-12-24,1194,1200,1192.75,1199.25
2007-12-25,1194,1200,1192.75,1199.25
2007-12-26,1209,1245.5,1209,1239.5
2007-12-27,1244,1244,1228,1231.5
2007-12-28,1244,1248,1216,1223
2007-12-31,1210,1218,1197,1214.25
2008-01-01,1210,1218,1197,1214.25
2008-01-02,1244,1264,1236,1248.75
2008-01-03,1260.5,1268.5,1245.75,1267.5
2008-01-04,1252,1264.5,1251,1262.5
2008-01-07,1258,1259.5,1247,1249.75
2008-01-08,1262,1279.5,1262,1267
2008-01-09,1271,1274,1261,1262.5
2008-01-10,1256.5,1270.5,1252,1260.25
2008-01-11,1284,1310.25,1284,1298.75
2008-01-14,1309,1341,1295.5,1296.5
2008-01-15,1313,1331,1305,1319.75
2008-01-16,1298,1298,1271,1296.5
2008-01-17,1314,1329.5,1282,1291
2008-01-18,1281,1293,1264.5,1283.25
2008-01-21,1281,1293,1264.5,1283.25
2008-01-22,1239,1273,1239,1257
2008-01-23,1256,1256,1207,1207
2008-01-24,1222.5,1255,1222.5,1249
2008-01-25,1268,1270,1244.5,1261.5
2008-01-28,1251,1273.5,1246.5,1272.25
2008-01-29,1279,1286,1265,1285.5
2008-01-30,1279,1295,1277,1294
2008-01-31,1287,1297,1280,1292.5
2008-02-01,1299,1316,1298,1306.25
2008-02-04,1317,1345.5,1315,1344.75
2008-02-05,1331,1346,1328,1342
2008-02-06,1353,1392,1337,1339
2008-02-07,1336,1353,1328.5,1350.5
2008-02-08,1378.5,1388,1340,1358.5
2008-02-11,1353,1353,1332,1345.5
2008-02-12,1350,1351,1325,1338.5
2008-02-13,1335,1351,1331,1347
2008-02-14,1362,1386.5,1362,1385.5
2008-02-15,1400,1404.5,1376.5,1391.25
2008-02-18,1400,1404.5,1376.5,1391.25
2008-02-19,1415,1428,1401.5,1417.75
2008-02-20,1411,1419.5,1404,1417
2008-02-21,1429,1429,1407,1424.75
2008-02-22,1425,1440,1417.5,1438.25
2008-02-25,1453,1485,1452,1469.25
2008-02-26,1450,1493,1449,1484.25
2008-02-27,1464,1485.5,1463,1475.25
2008-02-28,1477,1515.5,1475.25,1512.5
2008-02-29,1522,1539,1512,1536.5
2008-03-03,1586.5,1586.5,1534,1559.5
2008-03-04,1586.5,1586.5,1534,1559.5
2008-03-05,1536,1554.5,1485,1508.5
2008-03-06,1513,1513,1458.5,1458.75
2008-03-07,1410,1423,1408.75,1408.75
2008-03-10,1358.75,1412,1358.75,1406.5
2008-03-11,1426,1440,1403,1407.75
2008-03-12,1405,1419.5,1376,1395
2008-03-13,1393.25,1430.75,1387,1402.75
2008-03-14,1403.75,1422.5,1352.75,1352.75
2008-03-17,1351.25,1389,1318.75,1318.75
2008-03-18,1268.75,1333.75,1268.75,1322
2008-03-19,1323.5,1330.75,1272,1272
2008-03-20,1249.5,1250,1222,1222
2008-03-21,1249.5,1250,1222,1222
2008-03-24,1241,1272,1232,1272
2008-03-25,1322,1322,1322,1322
2008-03-26,1372,1372,1335,1365.5
2008-03-27,1347,1365,1339.5,1342.5
2008-03-28,1303,1307,1274,1285
2008-03-31,1225,1227,1215,1215
2008-04-01,1135,1244,1135,1234
2008-04-02,1219,1262,1219,1259.5
2008-04-03,1264.5,1277,1250,1276
2008-04-04,1285,1297,1275,1294
2008-04-07,1298,1311,1264,1272.5
2008-04-08,1271,1286,1265,1268.75
2008-04-09,1285,1338.75,1276,1330
2008-04-10,1350,1396.5,1343,1372.75
2008-04-11,1365,1370,1344,1349.25
2008-04-14,1369,1392,1368,1389.25
2008-04-15,1408,1415,1394,1397
2008-04-16,1401,1408,1351,1361
2008-04-17,1375,1381.5,1343,1366.5
2008-04-18,1355,1380,1332,1377
2008-04-21,1350,1355,1307,1330.5
2008-04-22,1350,1400,1348,1389.5
2008-04-23,1386,1408.5,1374,1385.5
2008-04-24,1382,1388,1352,1361
2008-04-25,1350,1372,1335,1337
2008-04-28,1353,1357,1280,1297.5
2008-04-29,1293,1302,1280,1293.5
2008-04-30,1300,1350,1283,1314
2008-05-01,1300,1350,1283,1314
2008-05-02,1272,1311,1265,1304.5
2008-05-05,1301,1312,1281,1286
2008-05-06,1302,1333,1275,1277
2008-05-07,1285,1311,1278,1309
2008-05-08,1303,1320,1301,1310
2008-05-09,1350,1365,1330,1358
2008-05-12,1372,1374,1339,1342.5
2008-05-13,1339,1382,1335,1379.5
2008-05-14,1372,1387,1368,1379.5
2008-05-15,1366,1370,1332,1347
2008-05-16,1387,1393.5,1371,1377.25
2008-05-19,1348,1348,1332,1333.75
2008-05-20,1346.5,1360,1333.5,1334.25
2008-05-21,1342,1356,1335.5,1352.5
2008-05-22,1358,1364,1321,1328.25
2008-05-23,1366,1371.5,1362,1370
2008-05-26,1366,1371.5,1362,1370
2008-05-27,1373,1373,1349,1351.5
2008-05-28,1354.5,1382,1350,1375.75
2008-05-29,1361,1371,1315,1328.25
2008-05-30,1318,1369.5,1318,1368.75
2008-06-02,1366,1382,1365.5,1370.75
2008-06-03,1369,1384.5,1363.5,1365
2008-06-04,1369,1401,1367,1394.5
2008-06-05,1421,1457,1420.5,1454.25
2008-06-06,1473,1484,1454,1457.25
2008-06-09,1476.5,1481,1453.5,1453.75
2008-06-10,1463,1465,1423,1449.25
2008-06-11,1474,1519.25,1474,1519.25
2008-06-12,1509,1545,1498,1538
2008-06-13,1536,1568,1531.5,1559.75
2008-06-16,1586,1587,1537,1537.5
2008-06-17,1537.5,1568.5,1530,1562.75
2008-06-18,1558,1569,1545,1561
2008-06-19,1558,1569,1545,1561
2008-06-20,1561,1568,1528.5,1535
2008-06-23,1522,1522,1496,1517
2008-06-24,1522,1527,1496,1504
2008-06-25,1520,1540,1494,1540
2008-06-26,1551,1578.5,1550,1574.25
2008-06-27,1586,1587,1572,1579
2008-06-30,1576,1600,1560,1598
2008-07-01,1596,1623,1596,1623
2008-07-02,1615,1641,1609,1639.5
2008-07-03,1624,1651,1624,1649
2008-07-04,1624,1651,1624,1649
2008-07-07,1614.5,1614.5,1579,1579
2008-07-08,1537,1562,1510,1549
2008-07-09,1558,1574,1554,1572
2008-07-10,1574,1602,1573,1600.5
2008-07-11,1628,1631,1586,1615.5
2008-07-14,1575,1594,1572,1582
2008-07-15,1585,1585,1528,1528
2008-07-16,1522,1562.5,1502.5,1558
2008-07-17,1548.5,1551.5,1506,1508
2008-07-18,1514,1514,1458.5,1458.5
2008-07-21,1445,1445,1404,1405
2008-07-22,1402,1410,1388,1409.25
2008-07-23,1367,1407,1366.5,1385.75
2008-07-24,1392,1392,1360,1373
2008-07-25,1367,1388.5,1365.5,1388.5
2008-07-28,1405.5,1405.5,1386,1396.25
2008-07-29,1363,1387,1356,1386.25
2008-07-30,1378,1395.5,1378,1395.5
2008-07-31,1387,1408.5,1386.5,1394.25
2008-08-01,1394,1398.5,1353.5,1355.5
2008-08-04,1326,1326,1285.5,1285.5
2008-08-05,1246,1293,1246,1259
2008-08-06,1256,1264,1201.5,1213.5
2008-08-07,1234,1247.5,1224,1234.5
2008-08-08,1191,1191,1175,1177
2008-08-11,1180,1195,1180,1189.5
2008-08-12,1201,1209,1189,1207.5
2008-08-13,1220,1277.5,1220,1277.5
2008-08-14,1276,1276,1237,1265.25
2008-08-15,1228,1241,1204,1219
2008-08-18,1254,1289,1244,1289
2008-08-19,1271,1341,1260,1276
2008-08-20,1301,1317,1276,1300
2008-08-21,1328,1370,1325,1348
2008-08-22,1338,1346.5,1315,1327
2008-08-25,1366,1367,1340.5,1347
2008-08-26,1332,1352,1323,1344.5
2008-08-27,1362,1369,1329,1348
2008-08-28,1321,1334.5,1307.5,1324
2008-08-29,1332,1338,1318,1324
2008-09-01,1332,1338,1318,1324
2008-09-02,1260,1302,1256,1298.5
2008-09-03,1284,1284,1230,1251.5
2008-09-04,1244,1259,1233,1235
2008-09-05,1201,1211,1168,1177
2008-09-08,1183,1199,1174,1192
2008-09-09,1160,1204,1160,1201
2008-09-10,1198,1202,1176.5,1178
2008-09-11,1171,1186,1165,1176
2008-09-12,1211,1219,1186,1202
2008-09-15,1176,1222,1171,1194.75
2008-09-16,1170,1178,1129.5,1139.25
2008-09-17,1152,1155,1125,1153.25
2008-09-18,1147,1150,1122,1129.75
2008-09-19,1150,1171,1142,1159.25
2008-09-22,1194,1226.5,1191,1222
2008-09-23,1201,1215,1188,1203.75
2008-09-24,1220,1222,1198,1203.75
2008-09-25,1196,1220,1194.5,1199.5
2008-09-26,1194,1194,1175,1180.5
2008-09-29,1133,1133,1110.5,1110.5
2008-09-30,1105,1105,1058,1062.25
2008-10-01,1066,1082,1058,1070.5
2008-10-02,1050,1050,1014,1020.75
2008-10-03,1019,1037,1006,1008.5
2008-10-06,938.5,957,938.5,938.5
2008-10-07,954,964,935,941
2008-10-08,950,982,939,979.25
2008-10-09,997,1003,980,995.5
2008-10-10,925.5,926.5,925.5,925.5
2008-10-13,940,951,936.5,943.5
2008-10-14,956,956,909,911.25
2008-10-15,894,899.5,861.25,872.5
2008-10-16,860,886,838,880.25
2008-10-17,892,921,892,906.75
2008-10-20,940,945,924,940.75
2008-10-21,928,928,903,915.25
2008-10-22,870,883,864,864.75
2008-10-23,879,909.5,876,888.5
2008-10-24,849,905,849,867
2008-10-27,875,908,872.5,897.5
2008-10-28,948,948,872,888
2008-10-29,923,958,921,947
2008-10-30,942,953.5,928,943
2008-10-31,929,939,918,933
2008-11-03,934,955,928,937.5
2008-11-04,960,981,957,959
2008-11-05,958,958,903,904
2008-11-06,896,911,883,906
2008-11-07,917,924,906,921
2008-11-10,937,948.5,916.5,948
2008-11-11,917,923,898,916
2008-11-12,900,921.5,888,895
2008-11-13,903,912,873,894
2008-11-14,888,897,879,896
2008-11-17,902,925,901,915.5
2008-11-18,916,919.5,904,910.25
2008-11-19,924,926.5,903,904.25
2008-11-20,881,881,862,862.75
2008-11-21,860,870,846,847.25
2008-11-24,869,906,867,891.75
2008-11-25,884,899,883,891.5
2008-11-26,903,906.75,889.5,894
2008-11-27,903,906.75,889.5,894
2008-11-28,886,891,880,891
2008-12-01,865,866,850,854.25
2008-12-02,864,864,834,834.5
2008-12-03,828,848,826,835
2008-12-04,828,829,813,815.5
2008-12-05,800,801,780,787.25
2008-12-08,812,831,812,825.5
2008-12-09,819.5,829.5,817.5,818.25
2008-12-10,854,854,828.5,834.75
2008-12-11,846,866.5,840,860.5
2008-12-12,841,865.5,831,856.25
2008-12-15,878,878,849,849.5
2008-12-16,858,865,851,863
2008-12-17,880,880,856,869
2008-12-18,863,875,860.5,874.5
2008-12-19,868,873,865,872.5
2008-12-22,886,898,882.5,890.5
2008-12-23,888,905,887,905
2008-12-24,906,920,905,919
2008-12-25,906,920,905,919
2008-12-26,927,966,923,956.5
2008-12-29,977,977,936.5,945.5
2008-12-30,947,954.5,939,953
2008-12-31,947,982.5,945,980
2009-01-01,947,982.5,945,980
2009-01-02,970,993,970,977
2009-01-05,975,991,972,987
2009-01-06,999,1020.5,995,1016
2009-01-07,999,1004.5,989,990
2009-01-08,981,1005,978,989.5
2009-01-09,1012,1039.5,1012,1036
2009-01-12,1003,1010,966,966
2009-01-13,977,991,970,971.5
2009-01-14,978,984.5,962,971.5
2009-01-15,984,1021,983,1003.25
2009-01-16,1021,1031,1015,1029
2009-01-19,1021,1031,1015,1029
2009-01-20,1029,1036,988,1001
2009-01-21,1001,1029.5,1001,1029.25
2009-01-22,1020,1026,1009.5,1019.5
2009-01-23,1016,1040,1013,1016.25
2009-01-26,1033,1044,1007,1016.75
2009-01-27,991,996,982.75,983.75
2009-01-28,978,999,977,990
2009-01-29,980,983,975,977.75
2009-01-30,977,995.5,975.5,986.75
2009-02-02,975,976,954,965.75
2009-02-03,951,953,940,950.25
2009-02-04,960,969.5,953.5,953.75
2009-02-05,961,990,960.5,983.25
2009-02-06,999,1011,991,1006
2009-02-09,1015,1023.5,1002.5,1007.5
2009-02-10,1003,1010.5,989,1000.25
2009-02-11,997,998,981,982
2009-02-12,981,986.5,970.5,971.5
2009-02-13,976,976,956.5,957.75
2009-02-16,976,976,956.5,957.75
2009-02-17,926,926,902,904.5
2009-02-18,894,907,885,886.5
2009-02-19,897,901.5,885,886
2009-02-20,872,874,854.5,863.25
2009-02-23,874.5,881,865,876
2009-02-24,869,884,868.5,883.5
2009-02-25,881,887.5,866,880
2009-02-26,879,890.5,858.5,868.5
2009-02-27,853,876.5,852,872
2009-03-02,851,853,838.5,844
2009-03-03,848,857,844,853.5
2009-03-04,870,877,863,868.5
2009-03-05,858,858,843,852
2009-03-06,863,873,856,867
2009-03-09,880,882,863,865
2009-03-10,883,893,874,877
2009-03-11,883,889,857,862
2009-03-12,870,883,865.5,882
2009-03-13,888,890,867.5,876.5
2009-03-16,883,913,881,907.5
2009-03-17,911,916.5,900,910.5
2009-03-18,909.5,915,906,911.75
2009-03-19,939,950,934,940
2009-03-20,946,949,940.5,949
2009-03-23,974,975,948.5,952
2009-03-24,954,965,950,963.75
2009-03-25,957,960,944,946
2009-03-26,952,953,938.5,940.5
2009-03-27,924,927,914.5,915.25
2009-03-30,896,906.5,896,902
2009-03-31,937,952,928,950.5
2009-04-01,953,958,948,951.5
2009-04-02,974.5,985.5,974.5,977
2009-04-03,978,997,976,995.25
2009-04-06,998,998,985.5,993.5
2009-04-07,988,1003.5,987,988
2009-04-08,990,1005.5,990,1001.5
2009-04-09,1024,1024,1000.5,1002
2009-04-10,1024,1024,1000.5,1002
2009-04-13,999,1016,996.5,1015.75
2009-04-14,1023,1036.5,1020.5,1030.25
2009-04-15,1033,1040.5,1024,1031.5
2009-04-16,1042,1050.5,1037,1050.5
2009-04-17,1060,1062,1039,1041.5
2009-04-20,1021,1025.5,1010,1011.5
2009-04-21,1013,1037.5,1013,1033
2009-04-22,1039,1044,1032.5,1039
2009-04-23,1050,1057,1030,1032
2009-04-24,1032,1040.5,1026,1034
2009-04-27,985,1022.5,983,997
2009-04-28,1008,1010,982.5,983
2009-04-29,1001,1026.5,994,1025
2009-04-30,1042,1058,1041.5,1055
2009-05-01,1055,1093,1055,1091
2009-05-04,1116,1119,1088,1103.5
2009-05-05,1109,1109,1092.5,1101
2009-05-06,1113,1119,1105,1118
2009-05-07,1122,1126.5,1095.5,1102
2009-05-08,1108,1112,1100,1111.5
2009-05-11,1094,1116,1093,1116
2009-05-12,1120,1120,1103,1117.5
2009-05-13,1130,1135.75,1114,1128
2009-05-14,1127,1148,1125,1147.5
2009-05-15,1098,1102,1085,1085
2009-05-18,1081,1101.5,1081,1100.5
2009-05-19,1110,1124.5,1110,1120
2009-05-20,1141,1145.5,1128,1129.5
2009-05-21,1118,1137.5,1118,1136.5
2009-05-22,1145,1148,1132.5,1134
2009-05-25,1145,1148,1132.5,1134
2009-05-26,1133,1150.5,1131,1150
2009-05-27,1159,1160,1140,1147.5
2009-05-28,1146,1153,1140,1140.5
2009-05-29,1152,1152,1142.5,1148.5
2009-06-01,1165,1181.5,1163.5,1175.5
2009-06-02,1173,1175.25,1162,1169.5
2009-06-03,1153,1153,1136.5,1137
2009-06-04,1152,1179,1150,1178
2009-06-05,1161,1180,1161,1171.5
2009-06-08,1163,1176,1160.5,1166.5
2009-06-09,1174,1177.5,1166.5,1177.25
2009-06-10,1178,1185,1174.25,1175.25
2009-06-11,1184,1203.5,1181.5,1185.5
2009-06-12,1176,1182,1164,1171.25
2009-06-15,1147,1147,1127.5,1127.5
2009-06-16,1143,1147.5,1120,1128.5
2009-06-17,1127,1146,1123.5,1141.5
2009-06-18,1136,1162,1136,1150.25
2009-06-19,1153,1154,1117,1120
2009-06-22,1098,1099,1089,1090
2009-06-23,1096,1114,1096,1114
2009-06-24,1115,1127,1115,1122.5
2009-06-25,1127,1132.5,1125,1127
2009-06-26,1135,1137,1127,1128
2009-06-29,1132,1134,1120.25,1122
2009-06-30,1111,1119.25,1095.5,1119.25
2009-07-01,1139,1165,1139,1160.5
2009-07-02,1140,1159.5,1133,1154
2009-07-03,1140,1159.5,1133,1154
2009-07-06,1125,1137,1118,1118.5
2009-07-07,1112,1113,1048.5,1053.5
2009-07-08,1043,1053,1009.5,1015
2009-07-09,1020,1047.5,1018,1047.5
2009-07-10,1032,1049,1016,1044.75
2009-07-13,1030,1036,1005,1018.5
2009-07-14,1023,1035.5,1006,1034.5
2009-07-15,979,984.5,948.5,950.5
2009-07-16,935,935,916,916
2009-07-17,928.5,948.5,925.5,948.5
2009-07-20,960,961,950,960.5
2009-07-21,957,957,934.5,941.5
2009-07-22,941,947,937,945
2009-07-23,963,966.5,950,961.5
2009-07-24,960,963,951,951.5
2009-07-27,949,949,945,945
2009-07-28,955,972.5,954,968
2009-07-29,958,967.5,951.5,964
2009-07-30,1003,1031,1002,1029
2009-07-31,1041,1044,1031,1044
2009-08-03,1099,1102,1075,1088.5
2009-08-04,1085,1093,1079.5,1083.5
2009-08-05,1088,1089,1069,1088
2009-08-06,1071,1084,1068,1079.5
2009-08-07,1086,1096,1080,1090.5
2009-08-10,1093,1096,1067,1067.5
2009-08-11,1074,1099,1074,1097.5
2009-08-12,1098,1098,1077,1092.5
2009-08-13,1101,1105,1063,1065.25
2009-08-14,1035,1041,1019,1024.5
2009-08-17,950,959,945,954.5
2009-08-18,950,959.5,947,959
2009-08-19,950,961,945.5,958
2009-08-20,962,963.5,953,957
2009-08-21,978,987,963.5,973
2009-08-24,993,1008,992.5,1007.5
2009-08-25,999,1016,989.5,999
2009-08-26,994,1006,989.5,996.5
2009-08-27,1002,1002,989.5,996
2009-08-28,1008,1017,996.5,1011
2009-08-31,983,983.5,968,979.5
2009-09-01,983,983,951,955.5
2009-09-02,946,958.5,946,951
2009-09-03,957,957,930,941.5
2009-09-04,940,940,921,922
2009-09-07,940,940,921,922
2009-09-08,935,942.5,929,936.5
2009-09-09,930,937.5,927,928.5
2009-09-10,928,934.5,925.5,926.5
2009-09-11,929,929,897.5,903
2009-09-14,897,910,894.5,909
2009-09-15,921,976,919,964
2009-09-16,948,955,934,955
2009-09-17,946,956.5,943,956.25
2009-09-18,949,960,945.25,945.25
2009-09-21,926,933,917,919
2009-09-22,929,930,910,926.25
2009-09-23,911,927,908,925
2009-09-24,912,933,910,924.5
2009-09-25,935,935,922,931
2009-09-28,926,930,922.5,924.5
2009-09-29,927.5,932,920,922.5
2009-09-30,915,936,915,933.5
2009-10-01,931,937,921,924.25
2009-10-02,919.5,919.5,892,892
2009-10-05,888,903.5,887,890.75
2009-10-06,908,924,905,914.25
2009-10-07,913,920,910,916.75
2009-10-08,921,949.5,920,939.25
2009-10-09,942,970,939,967
2009-10-12,985,1002,983,1000
2009-10-13,1001,1006,990.5,995.75
2009-10-14,1001,1010,993,998
2009-10-15,992,992,978,987.75
2009-10-16,988,991,980,982
2009-10-19,996,1001.5,985.5,1000.5
2009-10-20,992,998,984,985.25
2009-10-21,989,1016,988,1009.75
2009-10-22,1000,1010,998,1007
2009-10-23,1020,1028,1004,1007.5
2009-10-26,1011,1014.5,983,988.75
2009-10-27,987,993.5,973,976.5
2009-10-28,964.5,975.5,963.5,970.5
2009-10-29,981,990.5,977,987
2009-10-30,972,984,970,976.5
2009-11-02,984,1002,971,998
2009-11-03,998,1020.5,991,1010.5
2009-11-04,1018,1021,996,999
2009-11-05,991,994,971,972
2009-11-06,970,971,955,955
2009-11-09,965,977,963.5,972
2009-11-10,963,973,952.5,968
2009-11-11,978,986,965.5,972
2009-11-12,962,995,961.5,990
2009-11-13,994,1009,984,987
2009-11-16,1009,1016,1001,1015.75
2009-11-17,1010,1036.5,1010,1035.75
2009-11-18,1048,1053,1031,1033.25
2009-11-19,1031,1053,1030,1044.75
2009-11-20,1046,1052.5,1039,1050.25
2009-11-23,1070,1071,1044.5,1047.75
2009-11-24,1041,1052,1039,1052
2009-11-25,1059,1060.75,1041,1060.75
2009-11-26,1059,1060.75,1041,1060.75
2009-11-27,1042,1061,1042,1058.75
2009-11-30,1064,1073.5,1057.5,1066
2009-12-01,1074,1083,1063.5,1066
2009-12-02,1062,1066,1039.75,1041
2009-12-03,1045,1057,1041,1054.5
2009-12-04,1057,1057,1039,1050.5
2009-12-07,1055,1067,1055,1061
2009-12-08,1062,1062.5,1051.25,1052.75
2009-12-09,1052,1058.5,1031,1037.75
2009-12-10,1038,1040.5,1028.5,1035.75
2009-12-11,1040.5,1048,1030,1043
2009-12-14,1039,1065,1039,1061.75
2009-12-15,1060,1074.5,1058.5,1062
2009-12-16,1070,1077,1059.5,1067
2009-12-17,1059,1059,1025,1030
2009-12-18,1034,1034,1017,1020
2009-12-21,1021.5,1027.5,1007.5,1008.5
2009-12-22,1010,1014,993,998.5
2009-12-23,1001,1009,1001,1009
2009-12-24,1013,1016,1006,1008
2009-12-25,1013,1016,1006,1008
2009-12-28,1020,1041,1020,1038
2009-12-29,1033,1049,1032.25,1047
2009-12-30,1041,1051.5,1036,1044.5
2009-12-31,1050,1061.5,1047,1048.5
2010-01-01,1050,1061.5,1047,1048.5
2010-01-04,1067,1074.5,1050,1058
2010-01-05,1059,1064.5,1051,1061
2010-01-06,1061,1062,1051,1059
2010-01-07,1039,1048.5,1024,1026
2010-01-08,1021.5,1023,1014,1022
2010-01-11,1023.5,1024.5,1006,1010.5
2010-01-12,990,990,970,978
2010-01-13,972,993,972,992.5
2010-01-14,992,993,975.5,984
2010-01-15,988,991,978.25,980.25
2010-01-18,988,991,978.25,980.25
2010-01-19,977,980,970,970.25
2010-01-20,960,960,948,956.75
2010-01-21,956,965,956,961
2010-01-22,958,962,956,959.25
2010-01-25,957.5,960,945,949.5
2010-01-26,941,958,941,957
2010-01-27,949,950.5,938,938.5
2010-01-28,940,944,931,941.5
2010-01-29,942,944.5,924.75,924.75
2010-02-01,926,933,920.5,920.75
2010-02-02,927,940.5,927,936.5
2010-02-03,934,934,918.5,919
2010-02-04,914,925,911,924.75
2010-02-05,925.5,931,920,924.25
2010-02-08,937,952,936.5,940
2010-02-09,952,952,931,935.25
2010-02-10,931,948,930,947
2010-02-11,951,955,946,952
2010-02-12,942,958,936,954
2010-02-15,942,958,936,954
2010-02-16,964,974.5,963,974.5
2010-02-17,968,970.5,958.5,961
2010-02-18,964,967,951.5,957.5
2010-02-19,951,957,947,954.5
2010-02-22,958,970,954.25,969
2010-02-23,962,984.5,958.5,959.5
2010-02-24,963.5,969,952,963
2010-02-25,951,952,942.5,950
2010-02-26,953,963,951,961
2010-03-01,956,966,954,962.5
2010-03-02,962,969,960.5,963.5
2010-03-03,968,971.5,963,963.5
2010-03-04,953,955,938,942
2010-03-05,947,948.5,938.25,942.75
2010-03-08,947.5,952,943.5,948
2010-03-09,940.5,948,935.5,947.5
2010-03-10,945,964,942,958
2010-03-11,954,954,930,930.5
2010-03-12,937,937,923,925.5
2010-03-15,930,939.5,930,937.5
2010-03-16,944,952.75,944,952.75
2010-03-17,954,969,951,966.75
2010-03-18,957.5,969,957,967.5
2010-03-19,963,969.5,961,969.5
2010-03-22,955.5,982,955.5,976.75
2010-03-23,979,982,974,975.5
2010-03-24,966,968,961,967.5
2010-03-25,970.5,972.5,950.5,950.5
2010-03-26,954,961,950.5,959.75
2010-03-29,970,983,970,974.5
2010-03-30,976,981,968,980.75
2010-03-31,950,950,942.25,950
2010-04-01,953,953.5,942,951.25
2010-04-02,953,953.5,942,951.25
2010-04-05,953,954,942,945.25
2010-04-06,945,953.5,943,953.5
2010-04-07,951,965.5,948.5,961.5
2010-04-08,957.5,961,954.5,956
2010-04-09,964,972.5,957.5,962
2010-04-12,969,971.5,962.5,968.5
2010-04-13,964,978.5,964,975.5
2010-04-14,981,983,974.5,977
2010-04-15,977.5,994.5,974.5,993
2010-04-16,995,998.75,988.5,995
2010-04-19,988.5,991,982.5,986.5
2010-04-20,994,997.5,989,994
2010-04-21,994,1015,994,1006
2010-04-22,1004,1016,1002,1015
2010-04-23,1011,1016.5,1007,1010
2010-04-26,1007,1018.5,1006.5,1009
2010-04-27,1005.5,1006,991.5,993
2010-04-28,998,1002,988,993.5
2010-04-29,999,1006,995.5,996
2010-04-30,999,1002,994,999
2010-05-03,997,997,984,986.5
2010-05-04,980,989,975,987
2010-05-05,980,986,977,978
2010-05-06,978,981.5,950.5,954
2010-05-07,951,964,949,960
2010-05-10,964,968.75,960,961
2010-05-11,955,968.5,954,966
2010-05-12,970,976,960,965.5
2010-05-13,963.5,969.5,959.5,964.5
2010-05-14,953.5,960,951.5,953.5
2010-05-17,939,939,935.25,935.25
2010-05-18,938.5,938.5,933.5,933.75
2010-05-19,940,940,930.5,930.5
2010-05-20,930,935,922.5,935
2010-05-21,935,939.5,933,933.25
2010-05-24,937,941.5,935,935
2010-05-25,923,925,921,921
2010-05-26,930,930.5,926,929.5
2010-05-27,935.5,942,935.5,941.5
2010-05-28,935.5,942,927.75,927.75
2010-05-31,935.5,942,927.75,927.75
2010-06-01,927,927.5,920,920.75
2010-06-02,927,927.5,920,920.25
2010-06-03,925,937.75,925,937.75
2010-06-04,927,927,918,918.5
2010-06-07,918,918.5,916.5,917.75
2010-06-08,911,913,911,912.25
2010-06-09,917,926.5,917,920.5
2010-06-10,928.5,928.5,915,915.5
2010-06-11,919,929.25,913,929.25
2010-06-14,936,940.5,933,936.25
2010-06-15,940,945.5,935.5,935.5
2010-06-16,940,945.5,940,944.75
2010-06-17,946.5,948,943.5,944.25
2010-06-18,948,953.5,947.5,951
2010-06-21,962,963,953,956.75
2010-06-22,957,961,955,958
2010-06-23,954,954,946,946
2010-06-24,951.5,951.5,939.75,939.75
2010-06-25,944,945,941,941
2010-06-28,942,944,938,940.5
2010-06-29,932,940.5,931.5,931.5
2010-06-30,950,950.5,929.5,931
2010-07-01,932,938,930,937
2010-07-02,939,947.5,938,944.5
2010-07-05,939,947.5,938,944.5
2010-07-06,951,955,940.5,940.5
2010-07-07,947,968,946,967.75
2010-07-08,968.5,987,968.5,983
2010-07-09,984,997.5,984,993.25
2010-07-12,993.5,1008,992,997.75
2010-07-13,1002,1003.5,994,995
2010-07-14,998.5,1002,995,997.5
2010-07-15,987,1001,987,1001
2010-07-16,998,999,991,998
2010-07-19,991,991,983,986.25
2010-07-20,982,989.5,978.5,986.75
2010-07-21,982.5,992.5,982.5,990.5
2010-07-22,992.5,996,985,990.5
2010-07-23,988,991.5,988,991
2010-07-26,980,984,974,974.75
2010-07-27,981,981,973,973
2010-07-28,980.5,985,980.5,985
2010-07-29,992,995,987.5,992.75
2010-07-30,998,1012,997,1012
2010-08-02,1032,1032,1019.25,1019.25
2010-08-03,1014,1022.75,1007.5,1022.75
2010-08-04,1034,1034.5,1029.25,1029.25
2010-08-05,1047,1051,1033,1034.75
2010-08-06,1038.5,1039,1029.5,1039
2010-08-09,1042,1045.5,1033,1034.5
2010-08-10,1024,1030.5,1021.25,1021.25
2010-08-11,1021,1021,1016.5,1016.5
2010-08-12,1022,1036.25,1015,1026
2010-08-13,1033,1043.5,1033,1043.5
2010-08-16,1039.5,1048,1029,1031.5
2010-08-17,1034.5,1043.5,1028.5,1042
2010-08-18,1033,1041.25,1022,1030.75
2010-08-19,1039,1039,1008,1012.25
2010-08-20,1006,1009,1001,1004
2010-08-23,1008,1009.5,998.5,1005.5
2010-08-24,998,1002,994,999
2010-08-25,1001,1005,993.5,999
2010-08-26,1009,1016,1005.5,1014.5
2010-08-27,1016,1028.5,1015.5,1026
2010-08-30,1031,1032.5,1020.5,1022.5
2010-08-31,1015,1026.5,1007,1010
2010-09-01,1014,1017,1004.5,1005.5
2010-09-02,1008,1010.5,1001,1009
2010-09-03,1016,1041,1014,1035
2010-09-06,1016,1041,1014,1035
2010-09-07,1032.5,1053.5,1029,1052
2010-09-08,1052.5,1056.25,1047,1048.75
2010-09-09,1046,1047.5,1040.5,1046
2010-09-10,1035,1040.5,1030,1031
2010-09-13,1036,1041,1031,1034.5
2010-09-14,1030,1042,1025.5,1035.5
2010-09-15,1047.5,1054.5,1047.5,1052.75
2010-09-16,1050.5,1053,1046,1046
2010-09-17,1061,1080,1060.5,1078.25
2010-09-20,1103.5,1103.5,1094,1094.5
2010-09-21,1098,1098,1089.5,1090
2010-09-22,1099.5,1101,1093,1098.5
2010-09-23,1095,1104,1094,1103.25
2010-09-24,1114.5,1135.5,1114,1135.5
2010-09-27,1138,1138.5,1132.5,1138.25
2010-09-28,1133.5,1136.25,1117.5,1119.75
2010-09-29,1095,1116,1095,1108
2010-09-30,1108.5,1115.75,1092.5,1115.75
2010-10-01,1108,1108.5,1064,1066.75
2010-10-04,1054.5,1069,1054.5,1064
2010-10-05,1071,1085.5,1071,1081.5
2010-10-06,1080.5,1082,1071.5,1072
2010-10-07,1079,1080,1073.5,1075
2010-10-08,1145,1145,1145,1145
2010-10-11,1190,1190,1162,1163
2010-10-12,1174,1194,1167,1189.5
2010-10-13,1198.5,1203,1184.5,1187
2010-10-14,1194,1202.5,1193.5,1199
2010-10-15,1203,1206.5,1190.5,1195.75
2010-10-18,1194,1198,1187.5,1195
2010-10-19,1180,1200,1178,1191.5
2010-10-20,1205,1224.5,1204.5,1223.75
2010-10-21,1230,1230.5,1213,1213
2010-10-22,1220,1222.5,1210,1211.5
2010-10-25,1231.5,1237,1224.5,1230
2010-10-26,1223,1235,1223,1231
2010-10-27,1212,1236.5,1211,1236
2010-10-28,1245.5,1248.5,1233.5,1236
2010-10-29,1230.5,1237,1228,1236
2010-11-01,1237,1241,1228.5,1235
2010-11-02,1242,1242,1230.5,1234
2010-11-03,1237,1239.5,1223,1237.5
2010-11-04,1255.5,1278.5,1255.5,1274.75
2010-11-05,1275,1285,1273,1284
2010-11-08,1281,1285,1274,1274.75
2010-11-09,1343.25,1343.25,1312.5,1329
2010-11-10,1321,1330,1315,1319.5
2010-11-11,1325,1343.5,1320,1339
2010-11-12,1304,1308.5,1269,1269
2010-11-15,1284,1310,1283,1293.75
2010-11-16,1259,1259,1223.75,1227
2010-11-17,1214,1237.5,1212,1212
2010-11-18,1239,1250,1239,1249.25
2010-11-19,1225.5,1236,1209,1209
2010-11-22,1217,1229,1210.5,1228.75
2010-11-23,1217,1246.25,1209,1246.25
2010-11-24,1260,1262.75,1256.5,1262.75
2010-11-25,1260,1262.75,1256.5,1262.75
2010-11-26,1252,1252.5,1247,1247
2010-11-29,1248,1248,1239,1243.5
2010-11-30,1243,1254.5,1243,1251.5
2010-12-01,1274,1292,1271.5,1291.5
2010-12-02,1289,1294,1282.5,1287.75
2010-12-03,1296.5,1307.5,1296.5,1307
2010-12-06,1304.5,1304.5,1292,1295.25
2010-12-07,1308,1308,1291,1294.25
2010-12-08,1279.5,1305,1279.5,1305
2010-12-09,1299,1301,1289.5,1290.5
2010-12-10,1291,1291,1277,1282.5
2010-12-13,1298,1312,1297.5,1312
2010-12-14,1310,1315,1303,1306
2010-12-15,1311,1323.5,1306,1307.75
2010-12-16,1305,1308,1296,1300.5
2010-12-17,1298,1311,1296,1310.5
2010-12-20,1318.5,1328,1318,1327
2010-12-21,1328,1339.25,1326,1337.5
2010-12-22,1338,1343,1336.5,1339.75
2010-12-23,1340,1365,1340,1360
2010-12-24,1340,1365,1340,1360
2010-12-27,1367,1386.5,1366.5,1384.5
2010-12-28,1393,1394.75,1384,1387
2010-12-29,1380,1384.5,1375,1377
2010-12-30,1375,1384,1372,1376
2010-12-31,1387,1404,1387,1403
2011-01-03,1407,1408.5,1376,1379
2011-01-04,1377.5,1377.5,1358,1369.5
2011-01-05,1363,1394,1362.5,1393.5
2011-01-06,1388,1390.5,1376.5,1378
2011-01-07,1373.5,1377,1360.5,1365
2011-01-10,1371,1394,1370.5,1380.5
2011-01-11,1383,1383,1356,1357
2011-01-12,1409,1426.5,1408,1415
2011-01-13,1417,1432,1415,1416
2011-01-14,1408,1429.5,1405.5,1422.5
2011-01-17,1408,1429.5,1405.5,1422.5
2011-01-18,1428,1434,1423.25,1423.25
2011-01-19,1438,1438.5,1420.5,1422
2011-01-20,1416,1425.5,1398,1424.5
2011-01-21,1425,1436,1415,1422.75
2011-01-24,1426,1426,1411,1415
2011-01-25,1402,1402,1382.5,1385.5
2011-01-26,1394.5,1400,1392,1396.5
2011-01-27,1393,1410.5,1393,1410
2011-01-28,1410.5,1427,1408.25,1408.25
2011-01-31,1419,1423.25,1415,1423.25
2011-02-01,1430,1450,1430,1448
2011-02-02,1450.75,1454.5,1450.75,1454
2011-02-03,1452.5,1461,1444,1445.75
2011-02-04,1446,1447,1435,1444
2011-02-07,1452,1452,1435.5,1435.5
2011-02-08,1430,1447.5,1429,1446
2011-02-09,1459,1466.5,1454,1463
2011-02-10,1458,1464,1443,1445.25
2011-02-11,1443.5,1443.5,1423.5,1429
2011-02-14,1430.5,1432,1414,1416
2011-02-15,1410,1410,1380,1381.25
2011-02-16,1379,1385,1373.5,1378.5
2011-02-17,1380.5,1417.5,1379,1416.5
2011-02-18,1397,1405,1373,1381
2011-02-21,1397,1405,1373,1381
2011-02-22,1365,1365,1311,1311
2011-02-23,1316,1335,1315.5,1331.5
2011-02-24,1323,1332,1311,1329.25
2011-02-25,1332,1391,1332,1375
2011-02-28,1368,1368.5,1359,1364.75
2011-03-01,1375,1376,1356,1375.25
2011-03-02,1394,1397.5,1375.5,1394.25
2011-03-03,1397,1412.5,1397,1412
2011-03-04,1419.5,1421,1398,1414
2011-03-07,1413,1414,1386,1395
2011-03-08,1384,1391.5,1374,1382
2011-03-09,1382,1383,1348,1349
2011-03-10,1330,1368,1324,1355.5
2011-03-11,1330,1346.25,1327,1334.5
2011-03-14,1324,1342,1319.5,1340
2011-03-15,1326,1330,1278,1278
2011-03-16,1305,1309.5,1291,1295.25
2011-03-17,1339,1353,1339,1343.5
2011-03-18,1354,1391,1354,1371.5
2011-03-21,1370.5,1374.5,1363.5,1373
2011-03-22,1356,1375,1356,1375
2011-03-23,1372,1377.5,1360,1361
2011-03-24,1363,1366,1350,1364.5
2011-03-25,1375,1375,1365,1368.5
2011-03-28,1370,1371,1359,1359.25
2011-03-29,1360,1374,1359,1372.25
2011-03-30,1370,1384,1369,1382.75
2011-03-31,1429,1441,1416,1421
2011-04-01,1416.5,1417.5,1399.5,1404.25
2011-04-04,1411.5,1411.5,1391,1395.25
2011-04-05,1383,1391.5,1380,1384.75
2011-04-06,1395,1397.5,1386,1388.25
2011-04-07,1392.5,1392.5,1373,1375.5
2011-04-08,1378,1404.5,1378,1403.75
2011-04-11,1401,1401,1377,1379.75
2011-04-12,1362,1362,1336.5,1341
2011-04-13,1352.5,1359,1344,1345
2011-04-14,1329,1342.75,1329,1342.75
2011-04-15,1338.5,1347.75,1336.75,1343.25
2011-04-18,1335,1361,1334,1355.75
2011-04-19,1356,1360,1348.5,1354
2011-04-20,1370,1384,1364.5,1369.25
2011-04-21,1373,1392,1364.5,1389.75
2011-04-22,1373,1392,1364.5,1389.75
2011-04-25,1386,1398,1381,1396.5
2011-04-26,1387,1393,1382,1389.25
2011-04-27,1369.5,1396,1369,1384.5
2011-04-28,1395,1395,1339,1353.5
2011-04-29,1359.5,1395,1356.5,1394
2011-05-02,1392,1401.5,1385.5,1393
2011-05-03,1383.5,1384,1355.5,1363.75
2011-05-04,1356,1358.5,1347.5,1352
2011-05-05,1333,1343.5,1310,1321.75
2011-05-06,1323,1340,1307.5,1326
2011-05-09,1335,1342,1330,1335
2011-05-10,1344,1353,1338,1338
2011-05-11,1323,1332,1313.5,1331.75
2011-05-12,1320,1355,1318,1342.75
2011-05-13,1351,1351,1323,1329.5
2011-05-16,1336.5,1336.5,1322,1322.5
2011-05-17,1322.5,1336.25,1310,1336.25
2011-05-18,1366,1372.75,1366,1372.75
2011-05-19,1381,1381,1369.5,1371.75
2011-05-20,1361,1371.75,1361,1371.75
2011-05-23,1370.5,1377,1367.25,1367.25
2011-05-24,1378,1378,1362.5,1368
2011-05-25,1375.25,1375.25,1373,1373
2011-05-26,1370,1393.5,1370,1381
2011-05-27,1379,1379,1375.75,1375.75
2011-05-30,1379,1379,1375.75,1375.75
2011-05-31,1375.5,1384,1372,1372
2011-06-01,1375,1382,1375,1382
2011-06-02,1398,1400.5,1397,1400.5
2011-06-03,1408,1409.5,1403,1407.5
2011-06-06,1399,1399,1377,1377.75
2011-06-07,1379,1388,1379,1388
2011-06-08,1401,1401,1391.5,1394.25
2011-06-09,1387.25,1387.25,1387.25,1387.25
2011-06-10,1380.5,1382.25,1380.5,1382.25
2011-06-13,1376.75,1380.5,1376.75,1377.5
2011-06-14,1365,1365,1360,1362.5
2011-06-15,1363,1368,1363,1364.75
2011-06-16,1351,1355,1350,1350
2011-06-17,1354,1354,1333.5,1333.5
2011-06-20,1337,1337,1336,1336
2011-06-21,1350,1350,1347,1348.75
2011-06-22,1342,1342,1321,1331
2011-06-23,1318,1318,1311.75,1316
2011-06-24,1317,1317,1315,1315
2011-06-27,1314,1323.25,1306,1322.75
2011-06-28,1338,1338,1322.75,1324.5
2011-06-29,1337,1338,1325,1327.5
2011-06-30,1302,1312,1295,1299.5
2011-07-01,1305,1316,1300,1312.75
2011-07-04,1305,1316,1300,1312.75
2011-07-05,1326.5,1326.5,1312,1322.25
2011-07-06,1313,1326,1313,1322.25
2011-07-07,1334,1340.75,1333.5,1340.75
2011-07-08,1337,1350,1336,1346.75
2011-07-11,1340.5,1350,1339.5,1346.5
2011-07-12,1346,1356,1345,1355.5
2011-07-13,1372.5,1380,1371.5,1374.75
2011-07-14,1382,1385.5,1375.5,1382
2011-07-15,1390,1391.5,1383,1383
2011-07-18,1373,1382.25,1373,1382.25
2011-07-19,1400,1400,1374,1377
2011-07-20,1383,1383,1376.5,1379
2011-07-21,1381,1381.5,1373,1381.25
2011-07-22,1376,1389,1376,1381
2011-07-25,1368,1368,1362.5,1364.5
2011-07-26,1370,1380.25,1370,1380.25
2011-07-27,1373,1375,1371.75,1371.75
2011-07-28,1371,1371.5,1360.5,1362.5
2011-07-29,1351.5,1351.5,1345,1348.5
2011-08-01,1363.5,1364,1353.25,1353.25
2011-08-02,1349,1370,1349,1370
2011-08-03,1366,1366,1355,1363.75
2011-08-04,1345,1345,1336.25,1336.25
2011-08-05,1329,1330.5,1315,1328
2011-08-08,1308,1308,1300,1304.5
2011-08-09,1309.5,1309.5,1287,1293.25
2011-08-10,1301,1301,1290,1295.5
2011-08-11,1245,1332.5,1244,1324.75
2011-08-12,1330,1330,1327,1327.75
2011-08-15,1349,1352,1344,1351.25
2011-08-16,1342,1354,1342,1349.5
2011-08-17,1358,1369.5,1357.5,1366.75
2011-08-18,1347,1364.5,1346,1361
2011-08-19,1369,1374,1364,1368.5
2011-08-22,1383,1387.75,1379.5,1385.25
2011-08-23,1391,1399.5,1386,1397.25
2011-08-24,1396.5,1403,1389,1393.5
2011-08-25,1386,1396.5,1385,1392.75
2011-08-26,1390,1425,1389.5,1423.5
2011-08-29,1438,1454,1432.5,1447
2011-08-30,1445,1458,1441.5,1457
2011-08-31,1454,1465,1452.5,1457.5
2011-09-01,1449,1456,1433,1434.5
2011-09-02,1436,1452,1435.5,1445.75
2011-09-05,1436,1452,1435.5,1445.75
2011-09-06,1429,1429,1408,1422.5
2011-09-07,1434,1434,1413.5,1420.75
2011-09-08,1415,1423,1412.5,1418.25
2011-09-09,1419,1428.5,1415,1426.75
2011-09-12,1408.5,1412,1389,1396
2011-09-13,1392,1399.5,1383,1391.75
2011-09-14,1384,1395.5,1382,1382.75
2011-09-15,1391,1391,1368,1370.25
2011-09-16,1374,1376,1365,1367
2011-09-19,1354,1354,1338.5,1346.75
2011-09-20,1357,1358.5,1346.5,1348.75
2011-09-21,1358,1358,1331.5,1331.5
2011-09-22,1301,1308.5,1294,1294.25
2011-09-23,1285,1286.5,1268.5,1269
2011-09-26,1256,1276.5,1250,1271.25
2011-09-27,1287,1287,1274.75,1275
2011-09-28,1265,1265,1233,1235.5
2011-09-29,1237,1247.5,1236.5,1241.25
2011-09-30,1217,1217,1189.5,1189.5
2011-10-03,1189,1194.5,1187.5,1188.75
2011-10-04,1172,1176,1166,1171.75
2011-10-05,1184,1184,1173,1175.5
2011-10-06,1188,1188,1175.5,1175.75
2011-10-07,1169,1177,1168,1170
2011-10-10,1200,1200,1188.5,1188.75
2011-10-11,1200,1252.5,1198,1246.25
2011-10-12,1246,1257,1241,1249.5
2011-10-13,1242,1267,1242,1266.75
2011-10-14,1274.5,1281.5,1272,1278.5
2011-10-17,1262.5,1271,1257.5,1260.5
2011-10-18,1241,1258,1237,1256.25
2011-10-19,1258,1261,1230,1231.25
2011-10-20,1227,1231,1208.5,1230.5
2011-10-21,1245,1245,1219,1220.75
2011-10-24,1236,1242.5,1227.25,1235.25
2011-10-25,1235.25,1243,1222.5,1233.75
2011-10-26,1236,1236,1217,1219.75
2011-10-27,1244,1251,1232,1244
2011-10-28,1238,1243,1225,1226
2011-10-31,1213,1221,1204,1217.25
2011-11-01,1194,1207,1191,1202.5
2011-11-02,1213,1213,1200.5,1202.75
2011-11-03,1218,1231,1216,1227.25
2011-11-04,1220,1227,1219,1221
2011-11-07,1216,1216,1198.5,1201.75
2011-11-08,1207,1217,1205,1205
2011-11-09,1188,1197,1183.25,1185.5
2011-11-10,1188,1188,1167,1167.5
2011-11-11,1173,1179,1170,1175.5
2011-11-14,1181,1189,1177.5,1178.25
2011-11-15,1203,1213.75,1199,1210.25
2011-11-16,1203.5,1203.5,1196,1198
2011-11-17,1194,1194,1172.5,1178.5
2011-11-18,1183,1184,1163.5,1178.25
2011-11-21,1165,1166,1157.5,1158
2011-11-22,1160,1163,1152,1162.75
2011-11-23,1143,1144,1131.5,1131.5
2011-11-24,1143,1144,1131.5,1131.5
2011-11-25,1125,1133.5,1115,1115.75
2011-11-28,1130,1133.5,1130,1131
2011-11-29,1138,1141.75,1134.5,1135
2011-11-30,1150,1155.25,1140.5,1141
2011-12-01,1150,1150,1127,1138.5
2011-12-02,1142,1153.5,1141,1146.25
2011-12-05,1153,1156,1135,1136.5
2011-12-06,1131,1139.5,1130.5,1139.5
2011-12-07,1143,1143,1137,1141
2011-12-08,1132,1145,1132,1142.25
2011-12-09,1129,1129,1111,1116.5
2011-12-12,1106,1123,1106,1122.25
2011-12-13,1130,1134,1123,1129
2011-12-14,1119,1119,1105.5,1110
2011-12-15,1123.5,1123.5,1116,1121.25
2011-12-16,1127,1142,1127,1139.5
2011-12-19,1155,1158,1146,1146.75
2011-12-20,1155,1159,1148,1154.5
2011-12-21,1149,1165,1148.5,1163.25
2011-12-22,1167,1177.5,1164.5,1171.75
2011-12-23,1173,1175.5,1168.75,1172.5
2011-12-26,1173,1175.5,1168.75,1172.5
2011-12-27,1182,1213,1182,1209.5
2011-12-28,1203.5,1219,1199,1208
2011-12-29,1200,1210,1193.5,1197
2011-12-30,1202,1215.5,1202,1207.75
2012-01-02,1202,1215.5,1202,1207.75
2012-01-03,1233,1244.5,1224.5,1227.5
2012-01-04,1224,1235.25,1222.75,1230
2012-01-05,1216,1223,1206,1209
2012-01-06,1218,1218,1194.5,1196.5
2012-01-09,1209,1234.5,1209,1233
2012-01-10,1232,1233,1221,1232
2012-01-11,1218,1218,1201,1203
2012-01-12,1165,1187,1152,1182.5
2012-01-13,1175,1183,1157.5,1158.25
2012-01-16,1175,1183,1157.5,1158.25
2012-01-17,1186,1195.5,1183,1192.5
2012-01-18,1186,1192.25,1184,1192.25
2012-01-19,1202.5,1204.5,1202.5,1204.25
2012-01-20,1199,1201,1195,1195.5
2012-01-23,1217,1226.5,1217,1225.5
2012-01-24,1216,1229.5,1216,1228.75
2012-01-25,1225,1229,1221,1222.75
2012-01-26,1234.5,1238,1229,1232
2012-01-27,1230,1230,1227,1228.5
2012-01-30,1208,1210,1195,1195.25
2012-01-31,1202,1210.5,1195,1208.5
2012-02-01,1225,1225,1221,1224.25
2012-02-02,1217,1231.5,1216,1225.5
2012-02-03,1234,1242.5,1229,1240.75
2012-02-06,1245,1250,1241,1242
2012-02-07,1240,1242,1240,1241
2012-02-08,1246,1248,1233.5,1240
2012-02-09,1239,1252,1236,1236
2012-02-10,1232.75,1239,1228.75,1237.5
2012-02-13,1246,1262.5,1244.5,1260
2012-02-14,1262,1267,1260,1262.5
2012-02-15,1272,1276,1268,1268.75
2012-02-16,1265,1270.5,1264,1265
2012-02-17,1277,1279,1270,1273.75
2012-02-20,1277,1279,1270,1273.75
2012-02-21,1274,1280.5,1266.5,1277
2012-02-22,1271.5,1279,1268.5,1278.75
2012-02-23,1281,1286,1277.5,1283.5
2012-02-24,1286,1290,1285,1286.75
2012-02-27,1285.5,1304,1285.5,1302.5
2012-02-28,1300,1314,1300,1312.5
2012-02-29,1313.5,1324,1309.5,1320
2012-03-01,1316,1323,1312.5,1322.5
2012-03-02,1318,1333,1317,1333
2012-03-05,1330,1335.5,1323.5,1325
2012-03-06,1316,1336,1316,1335.25
2012-03-07,1332.5,1335,1324.75,1326.75
2012-03-08,1332,1339,1329.5,1338.5
2012-03-09,1341,1354,1330.5,1337.75
2012-03-12,1334.5,1341.5,1332,1334.5
2012-03-13,1347,1354,1343.5,1348.75
2012-03-14,1354,1359.25,1347.5,1350.25
2012-03-15,1366,1375.5,1366,1375.5
2012-03-16,1376,1383.25,1375.5,1380.75
2012-03-19,1377,1377,1371,1373.5
2012-03-20,1357,1357,1349.5,1352.25
2012-03-21,1354,1362,1354,1362
2012-03-22,1347,1358,1347,1356.75
2012-03-23,1375,1375,1371,1371.75
2012-03-26,1385,1390,1384,1384.25
2012-03-27,1389.5,1390.5,1376,1376.25
2012-03-28,1381.5,1383,1373,1373
2012-03-29,1374,1374.5,1356.5,1361.25
2012-03-30,1414,1418,1407,1408.25
2012-04-02,1418.5,1430.5,1418,1427.25
2012-04-03,1425,1425,1421,1421.25
2012-04-04,1413.5,1431.75,1413.5,1423.75
2012-04-05,1429,1437.75,1428.5,1437.75
2012-04-06,1437.75,1437.75,1437.75,1437.75
2012-04-09,1438,1438,1431.5,1434.75
2012-04-10,1441,1446.5,1426,1427.25
2012-04-11,1431,1431,1420,1424.25
2012-04-12,1432,1446.5,1432,1444.5
2012-04-13,1443,1446.5,1439,1440.75
2012-04-16,1428,1428,1420,1424.25
2012-04-17,1434,1439,1429,1431.5
2012-04-18,1416,1419,1410,1413.5
2012-04-19,1427,1435,1412.5,1421
2012-04-20,1428,1456,1423.5,1449.5
2012-04-23,1446,1453.75,1439,1441
2012-04-24,1452,1469.25,1450,1465
2012-04-25,1494,1494,1471.25,1476
2012-04-26,1480,1482.5,1464,1480.25
2012-04-27,1491,1504.5,1487.5,1493.5
2012-04-30,1489.5,1507,1482.5,1505.5
2012-05-01,1497,1504,1493.5,1503.5
2012-05-02,1496,1512.5,1481,1485
2012-05-03,1483,1485,1466,1473.5
2012-05-04,1473.5,1479,1458,1478.25
2012-05-07,1468,1473,1461.5,1465.75
2012-05-08,1465,1466,1435,1438.25
2012-05-09,1421,1434.5,1415,1430.25
2012-05-10,1452,1457.5,1447,1455.25
2012-05-11,1440,1443.75,1403.5,1406
2012-05-14,1379,1396.5,1378,1387
2012-05-15,1387,1393.75,1382,1393.75
2012-05-16,1384,1395.25,1384,1395.25
2012-05-17,1403.5,1405.25,1400.5,1405.25
2012-05-18,1381,1381,1381,1381
2012-05-21,1395.75,1395.75,1395.75,1395.75
2012-05-22,1363.5,1364.75,1363.5,1364.75
2012-05-23,1342.5,1342.5,1342.5,1342.5
2012-05-24,1356.25,1356.25,1356.25,1356.25
2012-05-25,1362,1362,1362,1362
2012-05-28,1362,1362,1362,1362
2012-05-29,1379.5,1379.5,1367.25,1367.25
2012-05-30,1358,1360,1354.5,1354.5
2012-05-31,1322.75,1322.75,1322.75,1322.75
2012-06-01,1316.5,1318.5,1316.5,1318.5
2012-06-04,1317.5,1320.5,1317.5,1319.75
2012-06-05,1329.5,1337,1329.5,1332.5
2012-06-06,1361,1367,1358.5,1366.25
2012-06-07,1406.25,1406.25,1406.25,1406.25
2012-06-08,1403,1403,1400.5,1400.5
2012-06-11,1401,1401,1399,1399
2012-06-12,1401.25,1401.25,1401.25,1401.25
2012-06-13,1375.5,1377.75,1375.5,1377.75
2012-06-14,1374.75,1374.75,1363.75,1363.75
2012-06-15,1366.75,1366.75,1356.5,1357
2012-06-18,1370.25,1370.25,1370.25,1370.25
2012-06-19,1409.5,1421.25,1409.5,1421.25
2012-06-20,1430,1437,1424,1437
2012-06-21,1438,1438,1423,1423
2012-06-22,1442,1442.5,1426,1426
2012-06-25,1466,1475,1465.5,1467
2012-06-26,1478.5,1478.5,1450,1455.5
2012-06-27,1474,1474,1454,1456
2012-06-28,1447.75,1453.5,1446.25,1446.25
2012-06-29,1480.5,1482,1477,1481.75
2012-07-02,1432,1494.25,1432,1494.25
2012-07-03,1513,1535,1511,1529.5
2012-07-04,1513,1535,1511,1529.5
2012-07-05,1545,1585,1544.5,1583
2012-07-06,1577.75,1578,1566,1567.25
2012-07-09,1614,1614,1606,1606.75
2012-07-10,1594.5,1605.5,1588,1590.5
2012-07-11,1600,1600,1568.5,1571.5
2012-07-12,1578,1582.5,1572,1572.5
2012-07-13,1594.5,1594.75,1594.5,1594.75
2012-07-16,1600,1609.5,1600,1609.5
2012-07-17,1612.75,1612.75,1612.75,1612.75
2012-07-18,1649.5,1649.5,1648,1648
2012-07-19,1677,1691.25,1677,1691.25
2012-07-20,1708.5,1713.25,1708.5,1713.25
2012-07-23,1674,1674,1647.75,1647.75
2012-07-24,1591,1595.5,1587,1595.5
2012-07-25,1635,1640.5,1635,1640.5
2012-07-26,1622,1626,1590,1596.5
2012-07-27,1630,1630,1624,1627.75
2012-07-30,1659,1667.25,1659,1667.25
2012-07-31,1666.5,1666.5,1655,1656.75
2012-08-01,1640.5,1640.5,1605.5,1638.75
2012-08-02,1613.5,1623.5,1613.5,1623.5
2012-08-03,1637.5,1637.5,1635.75,1635.75
2012-08-06,1598,1598,1592.5,1592.5
2012-08-07,1603.5,1603.5,1575,1576.5
2012-08-08,1579.5,1602,1579.5,1600
2012-08-09,1623.5,1654.75,1623.5,1654.75
2012-08-10,1657,1673.25,1657,1673.25
2012-08-13,1638,1641,1622.25,1622.25
2012-08-14,1626,1626,1620.75,1623.5
2012-08-15,1619,1638,1619,1634.5
2012-08-16,1630,1638,1622.5,1625.25
2012-08-17,1635,1648,1634.5,1645.75
2012-08-20,1657.5,1685,1654,1683.5
2012-08-21,1722,1734,1717,1732.5
2012-08-22,1731,1732,1717,1727.75
2012-08-23,1730,1732,1704.75,1715
2012-08-24,1734,1734.5,1718.5,1731.5
2012-08-27,1744,1744,1714.5,1718.75
2012-08-28,1709,1728,1708,1722.25
2012-08-29,1729,1754.5,1726,1753
2012-08-30,1755,1770,1747,1763.5
2012-08-31,1751.5,1760.75,1748,1756.5
2012-09-03,1751.5,1760.75,1748,1756.5
2012-09-04,1773,1783.5,1756.5,1768.25
2012-09-05,1760.5,1761.5,1743,1747.5
2012-09-06,1745,1753,1737,1747
2012-09-07,1728.5,1751,1727,1736.5
2012-09-10,1735,1740,1717,1718.75
2012-09-11,1714.5,1715,1699,1701.5
2012-09-12,1710,1747,1694,1745.75
2012-09-13,1743.5,1749,1733,1747.25
2012-09-14,1763,1763,1737.5,1739
2012-09-17,1734.25,1737.25,1670,1670
2012-09-18,1661.75,1671.5,1631.75,1639.25
2012-09-19,1641.75,1674,1641.25,1669.25
2012-09-20,1667.5,1685.5,1615,1617.75
2012-09-21,1618.75,1637.5,1607.5,1622
2012-09-24,1622,1625.75,1591,1611
2012-09-25,1609.25,1626.75,1606.75,1614.25
2012-09-26,1613.25,1615.25,1567.25,1574.25
2012-09-27,1574.5,1585,1558.75,1571.25
2012-09-28,1570.25,1614.75,1559.25,1602.75
2012-10-01,1598.25,1600.75,1560,1563
2012-10-02,1562.5,1564,1530,1533.25
2012-10-03,1534,1543.5,1506.25,1532.25
2012-10-04,1532.25,1567.5,1532,1551
2012-10-05,1551.75,1569,1544.25,1551
2012-10-08,1552,1559,1535.25,1548
2012-10-09,1547.75,1571.5,1544,1549.25
2012-10-10,1547,1549,1518,1523.75
2012-10-11,1523,1566.75,1521.75,1548.5
2012-10-12,1547.5,1552.75,1509.5,1522
2012-10-15,1518.25,1519.25,1484,1491.75
2012-10-16,1492.5,1513.5,1490.5,1492.75
2012-10-17,1492.75,1510,1486.25,1508.25
2012-10-18,1507.5,1548,1506.75,1546.25
2012-10-19,1545,1557,1534.5,1536.5
2012-10-22,1532.75,1561.25,1529,1549.25
2012-10-23,1549.25,1557,1531.25,1555.75
2012-10-24,1555.75,1577,1551.75,1572.25
2012-10-25,1571,1576,1558.75,1566
2012-10-26,1564,1568.75,1553.75,1563.75
2012-10-29,1561.25,1563.5,1526.25,1529.75
2012-10-30,1531,1551,1528.25,1536.5
2012-10-31,1535,1558.75,1535,1548.75
2012-11-01,1549,1571.5,1548,1560
2012-11-02,1558.5,1560,1524.25,1526.75
2012-11-05,1520.75,1524.25,1502,1503.25
2012-11-06,1503,1523,1502.5,1515.5
2012-11-07,1516,1521.75,1497.25,1507
2012-11-08,1507,1513.5,1493,1495.75
2012-11-09,1494.5,1499,1449,1451.25
2012-11-12,1448.25,1448.75,1402,1405
2012-11-13,1407,1417.75,1391.25,1408
2012-11-14,1407.5,1428.5,1407.25,1419
2012-11-15,1393.5,1393.5,1384,1384
2012-11-16,1360,1368,1358,1368
2012-11-19,1381.25,1382,1379.75,1382
2012-11-20,1397,1397.5,1396.25,1396.25
2012-11-21,1395,1395,1393.75,1393.75
2012-11-22,1395,1395,1393.75,1393.75
2012-11-23,1406,1406.5,1403,1403
2012-11-26,1415,1416,1406.5,1412.25
2012-11-27,1430,1439,1430,1437.5
2012-11-28,1437.5,1438.5,1435,1435
2012-11-29,1436,1441,1436,1441
2012-11-30,1427,1433.5,1427,1432.5
2012-12-03,1447.5,1448.25,1447,1448.25
2012-12-04,1438,1450.25,1431.5,1450.25
2012-12-05,1473.75,1473.75,1473.75,1473.75
2012-12-06,1479.5,1486,1472,1486
2012-12-07,1480,1485,1472,1472
2012-12-10,1456.5,1476,1456.5,1475.5
2012-12-11,1480,1480.5,1468.5,1471.25
2012-12-12,1464.5,1473.75,1463,1470.5
2012-12-13,1473,1475.25,1472,1472.5
2012-12-14,1490.5,1492,1490,1491.5
2012-12-17,1498,1498,1486,1488.25
2012-12-18,1465,1471,1457.5,1460.5
2012-12-19,1460,1460,1426.5,1431
2012-12-20,1409,1416.5,1400,1404.75
2012-12-21,1421,1431,1420,1429.25
2012-12-24,1432,1436,1430.5,1435.75
2012-12-25,1432,1436,1430.5,1435.75
2012-12-26,1440,1441,1416.5,1418.5
2012-12-27,1426.5,1427.5,1411.5,1414
2012-12-28,1417,1420,1415.25,1418
2012-12-31,1405.5,1419,1401.5,1409.5
2013-01-01,1405.5,1419,1401.5,1409.5
2013-01-02,1433,1434,1387.5,1392.25
2013-01-03,1377,1388,1373.5,1386.5
2013-01-04,1374.5,1376,1357.75,1367.25
2013-01-07,1377,1389,1367,1388.5
2013-01-08,1385,1392.5,1378,1386.5
2013-01-09,1391,1391,1380,1385.5
2013-01-10,1389,1394.5,1377,1379.75
2013-01-11,1368,1378,1355,1373.25
2013-01-14,1400,1422,1400,1418
2013-01-15,1410,1410,1399.75,1399.75
2013-01-16,1418,1421.25,1411,1421.25
2013-01-17,1423.5,1423.5,1414.75,1414.75
2013-01-18,1414,1416.75,1414,1416.75
2013-01-21,1414,1416.75,1414,1416.75
2013-01-22,1437,1439.25,1436,1439.25
2013-01-23,1439,1443,1426.75,1426.75
2013-01-24,1407.5,1426.5,1407.5,1423.75
2013-01-25,1420.5,1426,1420.5,1426
2013-01-28,1428.5,1433.75,1427.5,1433.5
2013-01-29,1441.5,1443.75,1434,1439.75
2013-01-30,1459,1469.5,1459,1467.5
2013-01-31,1457,1459.75,1457,1459.75
2013-02-01,1475.5,1475.5,1465,1465.5
2013-02-04,1475,1480.25,1475,1480.25
2013-02-05,1474.5,1485.75,1474.5,1485.75
2013-02-06,1470.5,1481,1468.5,1477.25
2013-02-07,1480.5,1480.5,1471.5,1473.25
2013-02-08,1472,1472,1436.75,1436.75
2013-02-11,1417.5,1417.5,1416,1417.25
2013-02-12,1409.5,1409.5,1406,1409.5
2013-02-13,1401,1414,1401,1413.5
2013-02-14,1401,1408.5,1401,1408.5
2013-02-15,1408.5,1414.75,1408.5,1414.75
2013-02-18,1408.5,1414.75,1408.5,1414.75
2013-02-19,1436,1458.75,1436,1457.25
2013-02-20,1467.5,1470,1460,1468.5
2013-02-21,1470.5,1474,1467.5,1470.5
2013-02-22,1484,1486.5,1442,1443.75
2013-02-25,1439,1439,1424.5,1435.25
2013-02-26,1440,1441,1421,1431.75
2013-02-27,1439,1445.75,1433,1439.5
2013-02-28,1454,1464.25,1451,1452.25
2013-03-01,1443,1446.5,1435,1443.5
2013-03-04,1448,1464,1435.5,1462
2013-03-05,1462,1481.75,1459,1466.5
2013-03-06,1466.5,1475.5,1455.5,1466
2013-03-07,1465.5,1474.75,1460.75,1473.5
2013-03-08,1473,1484.75,1450.25,1471
2013-03-11,1474.5,1484,1467.25,1479.5
2013-03-12,1479,1480.5,1465,1468.75
2013-03-13,1468,1468.75,1440.25,1447
2013-03-14,1446.75,1450,1429,1435.5
2013-03-15,1418.5,1425.75,1407.25,1410.75
2013-03-18,1408.25,1409.25,1388.25,1394.5
2013-03-19,1394.5,1400.75,1386.25,1388
2013-03-20,1387.25,1401.25,1387,1399.25
2013-03-21,1400,1427.25,1399.25,1425.5
2013-03-22,1423.25,1425,1408.75,1418
2013-03-25,1417.5,1423.25,1408.5,1417.5
2013-03-26,1416.5,1428,1413.5,1426.5
2013-03-27,1425.25,1434,1421.25,1431
2013-03-28,1431.5,1436.25,1376,1385.5
2013-03-29,1431.5,1436.25,1376,1385.5
2013-04-01,1384.5,1388.25,1366.75,1372.25
2013-04-02,1375,1386,1366.75,1374.5
2013-04-03,1376,1376.75,1352.25,1357.75
2013-04-04,1358.25,1361,1340.25,1351.75
2013-04-05,1352.75,1353,1336.5,1343.75
2013-04-08,1342.5,1360.75,1337.75,1358
2013-04-09,1357,1372.5,1353.5,1371.25
2013-04-10,1370,1382,1359.25,1367.5
2013-04-11,1367,1375.75,1355.25,1368.25
2013-04-12,1366.5,1383.75,1365.25,1379.25
2013-04-15,1378.5,1380.25,1354.5,1356
2013-04-16,1355,1377.75,1350.5,1375.25
2013-04-17,1374.5,1389.25,1368,1380
2013-04-18,1377.75,1399.75,1375.25,1390
2013-04-19,1390,1400.5,1380,1382.5
2013-04-22,1377.5,1380.5,1358.5,1364.25
2013-04-23,1364,1371.5,1353,1358.5
2013-04-24,1356.75,1364.5,1341,1345.25
2013-04-25,1345.25,1373.75,1344,1372.25
2013-04-26,1371,1385.5,1366,1381
2013-04-29,1380,1411,1377.5,1408.75
2013-04-30,1407.75,1423.75,1395.5,1399
2013-05-01,1396,1398,1365.5,1373
2013-05-02,1373,1383.25,1368,1372.25
2013-05-03,1372,1399.75,1372,1387.25
2013-05-06,1382.75,1395,1366.25,1369.25
2013-05-07,1369,1384,1367.5,1382.25
2013-05-08,1382.25,1403,1379,1390.75
2013-05-09,1390.25,1410,1387,1408.75
2013-05-10,1407,1419.5,1390,1399
2013-05-13,1394,1423,1393.5,1419.25
2013-05-14,1418.75,1426,1405,1414.75
2013-05-15,1348.25,1351.5,1334,1342
2013-05-16,1342,1358.25,1338,1354
2013-05-17,1354.75,1379.5,1350,1378.5
2013-05-20,1377.5,1392,1368.5,1391
2013-05-21,1386,1395.25,1375.25,1390.25
2013-05-22,1388.75,1406.25,1385.5,1405.5
2013-05-23,1405,1444.5,1400.75,1414.5
2013-05-24,1409.75,1421.75,1396,1402.5
2013-05-27,1409.75,1421.75,1396,1402.5
2013-05-28,1400,1448.5,1400,1433.75
2013-05-29,1428.5,1440.75,1418,1429.25
2013-05-30,1429,1435,1417.5,1426.75
2013-05-31,1426.5,1449,1426.5,1437.75
2013-06-03,1436,1466,1435.5,1458.25
2013-06-04,1455.75,1460,1444,1452
2013-06-05,1450.25,1466,1448.25,1454.75
2013-06-06,1454,1455.25,1440.75,1449.75
2013-06-07,1449.75,1466.75,1448,1456.25
2013-06-10,1450.25,1454,1430,1435.75
2013-06-11,1435.75,1454,1435.75,1450.75
2013-06-12,1451,1463,1438,1445.25
2013-06-13,1444,1449,1421.75,1426.75
2013-06-14,1426.75,1436,1419.25,1434
2013-06-17,1425.5,1437,1413.5,1435.25
2013-06-18,1434,1451.25,1433.5,1435.5
2013-06-19,1435.5,1450.5,1429,1447
2013-06-20,1443.25,1443.5,1419,1420.75
2013-06-21,1420.75,1428.75,1410,1413.75
2013-06-24,1405,1423.25,1401,1421.25
2013-06-25,1420.75,1433.5,1417,1429.25
2013-06-26,1428,1432.25,1420.25,1425.25
2013-06-27,1424.25,1437,1421.25,1432.5
2013-06-28,1429.25,1446.75,1411.75,1431
2013-07-01,1426,1453.75,1420.75,1436.25
2013-07-02,1435.25,1445,1430.25,1433.5
2013-07-03,1432.75,1450,1432.75,1441.25
2013-07-04,1432.75,1450,1432.75,1441.25
2013-07-05,1441.25,1443.25,1431.75,1432
2013-07-08,1432,1459.5,1426.75,1455.5
2013-07-09,1455.5,1479.5,1452,1468.25
2013-07-10,1467,1479,1462,1464.75
2013-07-11,1463.75,1476.5,1460,1472
2013-07-12,1473.25,1478,1426,1429
2013-07-15,1293.5,1315.5,1292.25,1314.5
2013-07-16,1319,1344.25,1316.25,1335.5
2013-07-17,1335.5,1340,1323.25,1329.25
2013-07-18,1326,1328.25,1309,1316.25
2013-07-19,1317,1330.75,1316.75,1326
2013-07-22,1328.75,1352.5,1320,1348.75
2013-07-23,1344.25,1357,1322.5,1324
2013-07-24,1322,1332,1297.25,1301.75
2013-07-25,1298.25,1308,1263.25,1266.75
2013-07-26,1266.25,1276,1250.25,1275.25
2013-07-29,1271,1276.75,1257.25,1272
2013-07-30,1271.75,1280,1247.25,1249
2013-07-31,1248,1253.75,1237.25,1249.75
2013-08-01,1247,1252.25,1230.25,1234.25
2013-08-02,1236,1247.75,1207.75,1212.75
2013-08-05,1212.25,1214.25,1186.5,1207.5
2013-08-06,1207.25,1209.75,1192.5,1193.5
2013-08-07,1192.75,1208.5,1192.25,1199
2013-08-08,1199,1233,1198.75,1227.75
2013-08-09,1228,1241,1216,1218.5
2013-08-12,1224,1258.25,1217,1256.5
2013-08-13,1253.5,1269,1252.5,1257.75
2013-08-14,1257.75,1271,1243.25,1269.5
2013-08-15,1241,1269,1239.25,1265.5
2013-08-16,1264.75,1272,1257.75,1259.25
2013-08-19,1272.75,1305.25,1272.5,1303.25
2013-08-20,1303,1309.75,1282.75,1290.5
2013-08-21,1289.5,1319,1285.5,1304
2013-08-22,1300.5,1305.5,1283,1286.75
2013-08-23,1290,1331.5,1288.25,1328
2013-08-26,1348,1398,1348,1389.5
2013-08-27,1387,1409.5,1368,1370.5
2013-08-28,1373.5,1387.75,1362.25,1372.75
2013-08-29,1375,1382.75,1360.5,1368.5
2013-08-30,1370.5,1370.5,1346,1357.5
2013-09-02,1370.5,1370.5,1346,1357.5
2013-09-03,1394,1408.5,1378.5,1386.75
2013-09-04,1385,1387.25,1341.5,1352.5
2013-09-05,1355.25,1368.5,1335,1367.5
2013-09-06,1368,1377.5,1355.5,1367.75
2013-09-09,1382,1384,1351.25,1356.5
2013-09-10,1348,1363.25,1340.25,1355
2013-09-11,1357.25,1361.5,1348.75,1358.25
2013-09-12,1358,1398.75,1341.25,1396
2013-09-13,1398,1400,1380,1381.5
2013-09-16,1372.5,1374,1343.5,1348.25
2013-09-17,1349,1365,1332,1343
2013-09-18,1342.5,1352,1335.75,1350.25
2013-09-19,1355,1363,1333.5,1341.5
2013-09-20,1342.25,1342.25,1314,1318
2013-09-23,1312.25,1320,1308.5,1310.5
2013-09-24,1309.25,1325,1307.5,1314.75
2013-09-25,1313.25,1330,1309,1324
2013-09-26,1322.25,1324.5,1313,1318.75
2013-09-27,1318,1328.75,1313.75,1321.5
2013-09-30,1315,1318.25,1282.5,1285
2013-10-01,1281,1281,1265.5,1270
2013-10-02,1270,1283.5,1266,1275.75
2013-10-03,1274.75,1290,1272.5,1289
2013-10-04,1286.75,1297.75,1281,1295
2013-10-07,1293.5,1304,1289,1297
2013-10-08,1297,1305,1283.25,1287.75
2013-10-09,1285.25,1288.75,1278,1284
2013-10-10,1282.75,1297.5,1281,1285.5
2013-10-11,1284.75,1286.5,1265.5,1266.25
2013-10-14,1264,1278.5,1261.25,1271.75
2013-10-15,1270,1275.5,1263.5,1266
2013-10-16,1266,1277.5,1264.5,1274.75
2013-10-17,1274.25,1292.25,1272.25,1289.5
2013-10-18,1287.25,1297.75,1284.25,1289.75
2013-10-21,1287.75,1301.25,1287,1300.5
2013-10-22,1298.25,1301,1290,1297.5
2013-10-23,1294.5,1312.75,1292.25,1304
2013-10-24,1303,1311.25,1299.75,1303.75
2013-10-25,1303,1306,1292.5,1293.5
2013-10-28,1293.25,1294.25,1267,1268
2013-10-29,1266.5,1274.25,1264.5,1270.75
2013-10-30,1270.5,1280.5,1270.5,1276.5
2013-10-31,1274.25,1287.5,1265,1266.25
2013-11-01,1266,1271.25,1250.25,1251.5
2013-11-04,1252,1263,1250.25,1256.5
2013-11-05,1256,1262,1247,1250.25
2013-11-06,1249.5,1261,1249.25,1255
2013-11-07,1254.5,1274.75,1251.25,1266.5
2013-11-08,1264.5,1297.5,1261.75,1296
2013-11-11,1295,1304.75,1288.25,1301
2013-11-12,1299.5,1319.75,1295.5,1314.5
2013-11-13,1313.25,1317.75,1307.5,1315
2013-11-14,1314,1321.5,1305,1313.5
2013-11-15,1296.25,1298.75,1263.5,1265.75
2013-11-18,1265,1275.5,1262,1273.25
2013-11-19,1270.5,1279,1256.25,1264.25
2013-11-20,1264.75,1270.75,1260.5,1264.25
2013-11-21,1265,1280.75,1265,1279.75
2013-11-22,1279.5,1307.25,1278.25,1306
2013-11-25,1305,1319.5,1295.75,1314.75
2013-11-26,1312.75,1315,1301,1312
2013-11-27,1310.25,1322,1303.5,1306.25
2013-11-28,1310.25,1322,1303.5,1306.25
2013-11-29,1313,1321,1309.75,1317.75
2013-12-02,1317.25,1327,1303,1306
2013-12-03,1305,1314,1297.5,1304.5
2013-12-04,1304.75,1317.5,1298.25,1312.25
2013-12-05,1310.75,1315.25,1301,1311.75
2013-12-06,1311.5,1311.5,1301.5,1310.5
2013-12-09,1308.5,1330,1308.5,1326.75
2013-12-10,1325.75,1335,1314,1322
2013-12-11,1322.75,1330,1318.25,1328.5
2013-12-12,1328,1331,1306,1311.5
2013-12-13,1310.75,1314.75,1299.25,1313.75
2013-12-16,1314,1330.5,1305.5,1325.25
2013-12-17,1323.75,1338.5,1316.25,1334.75
2013-12-18,1332.75,1339,1313,1313.75
2013-12-19,1314.5,1320,1306,1319
2013-12-20,1317.5,1336.5,1313,1331
2013-12-23,1335,1339.25,1319,1319.75
2013-12-24,1319.75,1327.25,1315.25,1322.75
2013-12-25,1319.75,1327.25,1315.25,1322.75
2013-12-26,1319,1319,1302.25,1305.25
2013-12-27,1305.25,1314.5,1304,1313.75
2013-12-30,1306.5,1316,1299.5,1308.75
2013-12-31,1307.5,1311,1289,1292.5
2014-01-01,1307.5,1311,1289,1292.5
2014-01-02,1292,1292.75,1262.5,1270
2014-01-03,1270,1278.5,1265,1271.25
2014-01-06,1274,1282.25,1269.25,1276.75
2014-01-07,1277.5,1283,1266,1276
2014-01-08,1275,1276,1266.5,1269.25
2014-01-09,1267.75,1278,1267.25,1273.75
2014-01-10,1273.5,1297,1271.5,1278.5
2014-01-13,1278.75,1296.75,1266.5,1294.25
2014-01-14,1293,1316.75,1288.5,1307
2014-01-15,1286.25,1299.5,1284.5,1297.5
2014-01-16,1296.5,1309.5,1292,1296.25
2014-01-17,1294.75,1298.5,1288,1297.25
2014-01-20,1294.75,1298.5,1288,1297.25
2014-01-21,1295,1295.5,1263.25,1264
2014-01-22,1263,1270.25,1257.5,1265
2014-01-23,1265.25,1282,1261,1262.5
2014-01-24,1261,1271.5,1247.5,1270
2014-01-27,1270,1276,1262.75,1271
2014-01-28,1270.5,1273,1261.75,1271
2014-01-29,1269.75,1271,1254.25,1256.75
2014-01-30,1256,1272.25,1248.5,1261
2014-01-31,1261,1270,1257.75,1268.5
2014-02-03,1267.75,1285,1264.75,1278.25
2014-02-04,1278,1300,1276.5,1297.5
2014-02-05,1295.75,1304.25,1289,1299.5
2014-02-06,1298.25,1317,1298,1311.75
2014-02-07,1310.25,1318.75,1305.75,1317.5
2014-02-10,1312.5,1326,1305,1312.25
2014-02-11,1311,1323,1300,1320.5
2014-02-12,1320.5,1325,1307.25,1309.75
2014-02-13,1309.5,1333,1309.5,1330.5
2014-02-14,1327.75,1341,1324,1325
2014-02-17,1327.75,1341,1324,1325
2014-02-18,1325,1348.5,1323.25,1348.4
2014-02-19,1347.25,1358.5,1338.25,1342.4
2014-02-20,1341.5,1349.75,1332,1347
2014-02-21,1347.5,1362,1341,1361.4
2014-02-24,1360,1378,1358.25,1373
2014-02-25,1373,1388.5,1365.75,1387
2014-02-26,1385.5,1397.75,1381.25,1396.4
2014-02-27,1395,1445.5,1387,1388.4
2014-02-28,1389.75,1415,1377.25,1413.4
2014-03-03,1419,1437.5,1402,1410
2014-03-04,1408.5,1425.75,1404.25,1422
2014-03-05,1425,1426.5,1409.5,1420
2014-03-06,1423,1440,1416.75,1438.4
2014-03-07,1436.75,1460,1435.5,1457
2014-03-10,1454.5,1456.25,1414,1417.4
2014-03-11,1418.5,1428.75,1410.5,1410.4
2014-03-12,1406.25,1407.25,1365.5,1387
2014-03-13,1388.75,1412.5,1380.75,1391
2014-03-14,1393.5,1401.5,1379.5,1372.4
2014-03-17,1372.25,1380,1361,1375.4
2014-03-18,1373.25,1397.5,1368.25,1395
2014-03-19,1394,1417,1394,1410
2014-03-20,1409.5,1429,1397.25,1409.4
2014-03-21,1408.25,1409.25,1380,1382.4
2014-03-24,1378.5,1403.75,1368,1399.4
2014-03-25,1399,1408,1388.5,1402.2
2014-03-26,1399.5,1411.75,1394.25,1408
2014-03-27,1409,1418.75,1401,1407
2014-03-28,1406,1412.5,1400,1408
2014-03-31,1404.5,1432,1394,1428.5
2014-04-01,1429,1461.5,1427,1456
2014-04-02,1456.5,1470,1434.5,1441
2014-04-03,1440,1457,1437.5,1454
2014-04-04,1453.5,1466,1444.5,1452
2014-04-07,1453,1460.5,1442,1445
2014-04-08,1447,1463.5,1444.5,1461
2014-04-09,1461,1490,1460,1476
2014-04-10,1477,1478.5,1458.5,1466
2014-04-11,1464,1465.5,1444,1447
2014-04-14,1446,1464,1444.5,1462
2014-04-15,1463,1493.5,1460.5,1486
2014-04-16,1487,1510,1486,1507
2014-04-17,1507.5,1521,1492,1504
2014-04-18,1507.5,1521,1492,1504
2014-04-21,1503.5,1512.5,1473,1487
2014-04-22,1489,1497,1469,1470
2014-04-23,1472,1479,1460,1466
2014-04-24,1463.5,1472,1460,1472
2014-04-25,1470.5,1496,1470,1495
2014-04-28,1496,1513,1490.5,1498
2014-04-29,1499,1520,1494,1516.5
2014-04-30,1517.25,1517.75,1502.25,1511.5
2014-05-01,1510.5,1512,1460,1462
2014-05-02,1462.5,1472,1451,1472
2014-05-05,1475.5,1482.5,1461,1464
2014-05-06,1464.75,1464.75,1443.25,1457.5
2014-05-07,1456.75,1457.5,1441.75,1445.5
2014-05-08,1447.25,1470.25,1446.25,1468
2014-05-09,1467.25,1491.5,1453,1485
2014-05-12,1487,1496,1462.5,1465
2014-05-13,1463.75,1485,1460.5,1484.25
2014-05-14,1415.5,1420,1399.75,1486.5
2014-05-15,1414,1421,1393.5,1467.5
2014-05-16,1397.25,1408.25,1395.75,1464
2014-05-19,1401,1425,1396.75,1419.75
2014-05-20,1420,1432.5,1404.5,1415
2014-05-21,1404.75,1433,1403,1430.75
2014-05-22,1431.5,1459,1429.5,1452.5
2014-05-23,1448,1458,1442.5,1445.5
2014-05-26,1448,1458,1442.5,1445.5
2014-05-27,1441.25,1442.75,1418,1418.75
2014-05-28,1416.5,1430.5,1415.25,1427
2014-05-29,1430.25,1439.75,1425.5,1432.75
2014-05-30,1433.25,1437.5,1421,1424.5
2014-06-02,1418,1434.75,1411,1427
2014-06-03,1424,1427,1407.5,1414.5
2014-06-04,1413.75,1427.25,1410.5,1416.5
2014-06-05,1416,1422.75,1399.25,1400
2014-06-06,1400.5,1406,1398,1399
2014-06-09,1401,1412.25,1392,1395
2014-06-10,1393.75,1406,1389.75,1396.5
2014-06-11,1394,1399,1381.25,1382.75
2014-06-12,1381.5,1389.75,1353.5,1360.25
2014-06-13,1359.5,1372,1355.25,1367.5
2014-06-16,1370,1378,1362.25,1367
2014-06-17,1366.25,1369,1343.5,1347
2014-06-18,1348.5,1365.5,1340.75,1356
2014-06-19,1357,1372,1355,1372
2014-06-20,1368,1368.75,1348,1361
2014-06-23,1366,1378,1349.5,1365.5
2014-06-24,1364.25,1364.75,1351,1358.25
2014-06-25,1358,1367,1357,1360.5
2014-06-26,1361.5,1382.75,1360.25,1381
2014-06-27,1377.75,1392.25,1374.75,1377
2014-06-30,1377,1390,1314.25,1327
2014-07-01,1327.25,1335,1305,1327
2014-07-02,1330,1335,1311.25,1314.5
2014-07-03,1314.75,1321.5,1297.25,1297.5
2014-07-04,1314.75,1321.5,1297.25,1297.5
2014-07-07,1287.5,1290,1269.5,1272.5
2014-07-08,1272,1274.5,1244,1248
2014-07-09,1247.5,1253.5,1231.25,1248
2014-07-10,1246.25,1260.75,1228,1228.5
2014-07-11,1232.5,1238.25,1159.25,1197.5
2014-07-14,1096.25,1112.75,1093,1196.5
2014-07-15,1107,1108.5,1084.75,1102
2014-07-16,1105,1128,1104.5,1118
2014-07-17,1121.5,1136.25,1107.75,1110.5
2014-07-18,1110.25,1116.25,1099.75,1104
2014-07-21,1098.75,1099.5,1087.25,1094
2014-07-22,1089,1105,1084.25,1086
2014-07-23,1085,1102.75,1084.5,1100
2014-07-24,1100.75,1133.75,1100.75,1111
2014-07-25,1112,1115.5,1098.5,1109
2014-07-28,1121,1138.75,1120,1133
2014-07-29,1138.5,1143.75,1118.25,1122
2014-07-30,1120.75,1123.5,1100,1102
2014-07-31,1101.75,1105.75,1094,1102.5
2014-08-01,1095,1098.25,1069.75,1072.5
2014-08-04,1071,1096,1068.5,1095.25
2014-08-05,1090,1090,1074.75,1081
2014-08-06,1080.75,1097.5,1078,1096.5
2014-08-07,1096.5,1101,1091.5,1099.25
2014-08-08,1097.5,1114.5,1097.5,1113.75
2014-08-11,1110.25,1128.75,1106,1108.5
2014-08-12,1109.25,1114.5,1079,1094.25
2014-08-13,1094,1102.25,1078.25,1081.25
2014-08-14,1046.75,1059,1038.75,1056
2014-08-15,1054.25,1069,1047.25,1049
2014-08-18,1050,1060,1046,1056
2014-08-19,1053,1057.25,1043.5,1051.5
2014-08-20,1051.75,1055,1035,1036.5
2014-08-21,1037.25,1047,1035,1037.5
2014-08-22,1038,1047.75,1037.75,1042
2014-08-25,1035.25,1037,1026,1028
2014-08-26,1027.25,1030.5,1019.75,1026.5
2014-08-27,1026,1034.75,1022,1024
2014-08-28,1023.5,1033.25,1021,1028.5
2014-08-29,1028.75,1034,1021,1021.5
2014-09-01,1028.75,1034,1021,1021.5
2014-09-02,1020.75,1038,1020.25,1032
2014-09-03,1028,1028.5,1012,1020
2014-09-04,1020,1021.5,1001.5,1004
2014-09-05,1002.25,1022.75,1002.25,1020
2014-09-08,1020.75,1028,1006.25,1007.5
2014-09-09,1008,1008.75,991.5,993
2014-09-10,992.75,999,990,993
2014-09-11,992,995,969.5,981.5
2014-09-12,986.75,997,986,994.5
2014-09-15,985,1002.25,982,997.5
2014-09-16,996.5,1007.75,985.25,989.25
2014-09-17,989.25,996,986,991.25
2014-09-18,990,994.5,979,980
2014-09-19,979,979.75,964.25,969.5
2014-09-22,961.5,963,941.75,946
2014-09-23,943,951.5,938.25,944.5
2014-09-24,943,949.25,941.75,945
2014-09-25,944.25,949.75,931,934.5
2014-09-26,931,933.25,918.25,918.75
2014-09-29,916,933,914,932.5
2014-09-30,931,938.5,918.25,920
2014-10-01,919,928,912.25,925.5
2014-10-02,923.25,934,921.25,933
2014-10-03,933,936.25,918.75,920.5
2014-10-06,921.5,951.25,920.5,948.5
2014-10-07,949,963.5,941.5,949
2014-10-08,947.25,958,935,943.5
2014-10-09,942.25,953,940.75,950.5
2014-10-10,947.25,959,929,929
2014-10-13,927.75,959,923.75,953
2014-10-14,951.5,978,951,972.5
2014-10-15,971.5,987,959.25,962.5
2014-10-16,957,975.5,957,974
2014-10-17,974.5,980.5,959,959.5
2014-10-20,957.5,958.25,943.5,953
2014-10-21,951.5,974,950.75,972
2014-10-22,968,990,967,967
2014-10-23,967.75,1001,963,999
2014-10-24,998,1008.75,982.5,984.5
2014-10-27,979,1015,973.25,1010
2014-10-28,1011.75,1041,1006.5,1014
2014-10-29,1013,1051,1011.5,1048
2014-10-30,1048.5,1059.25,1029,1030
2014-10-31,1028.25,1054,1016.5,1042.5
2014-11-03,1044,1047.75,1026.5,1028.5
2014-11-04,1028,1030,1004.5,1009
2014-11-05,1010,1021.5,995.25,1016.5
2014-11-06,1019,1040.5,1011.5,1027.5
2014-11-07,1027.25,1039,1019.25,1036.5
2014-11-10,1035.5,1058,1021.75,1023
2014-11-11,1022,1073.5,1020.25,1062.5
2014-11-12,1063.25,1086.25,1044.25,1048
2014-11-13,1047.75,1072.5,1044.75,1055
2014-11-14,1060,1060,1028,1031
2014-11-17,1030.25,1045.75,1022,1044
2014-11-18,1044,1049.5,1028.75,1031
2014-11-19,1031.25,1032.5,1011.5,1012
2014-11-20,1012.75,1029.75,1012,1026
2014-11-21,1028,1047.25,1021,1044
2014-11-24,1043,1045,1033.5,1039
2014-11-25,1039.5,1059,1038.5,1056
2014-11-26,1054,1059.5,1044,1054
2014-11-27,1054,1059.5,1044,1054
2014-11-28,1046,1057,1019,1020
2014-12-01,1019,1029,1013.5,1022
2014-12-02,1024.5,1028,1002.5,1003
2014-12-03,1002.5,1006.5,991,1005
2014-12-04,1005.5,1023,998.5,1011
2014-12-05,1016.5,1046,1010,1044
2014-12-08,1041,1056.5,1035.5,1049
2014-12-09,1049,1056,1044,1053
2014-12-10,1055,1066.5,1034,1034
2014-12-11,1039,1054.5,1032,1047
2014-12-12,1046,1060,1038,1054
2014-12-15,1056,1061.5,1042,1044
2014-12-16,1041,1045,1029,1030
2014-12-17,1030,1042,1023.5,1034
2014-12-18,1035.5,1049,1032.5,1042
2014-12-19,1043,1044,1030.5,1041
2014-12-22,1037,1050,1033,1044
2014-12-23,1044.5,1055.5,1040.5,1043
2014-12-24,1044,1049,1031.5,1035.5
2014-12-25,1044,1049,1031.5,1035.5
2014-12-26,1036.5,1054.5,1035,1051
2014-12-29,1053,1068.5,1046,1048
2014-12-30,1048,1056,1042,1042
2014-12-31,1041.5,1047.5,1022,1023
2015-01-01,1041.5,1047.5,1022,1023
2015-01-02,1021,1022,1005,1007
2015-01-05,1007,1047.5,1006.5,1044
2015-01-06,1042.5,1057,1039.5,1055
2015-01-07,1054.5,1061,1048.5,1055
2015-01-08,1054.5,1062,1047,1048
2015-01-09,1047,1054,1044,1051
2015-01-12,1049,1061,1015,1016
2015-01-13,1017,1025.5,1002,1005
2015-01-14,1010.5,1016.5,998,1014
2015-01-15,1017.5,1024.5,991,997.5
2015-01-16,997,1002.5,989.5,998
2015-01-19,997,1002.5,989.5,998
2015-01-20,988,992.5,978,987
2015-01-21,988,996.5,983,987
2015-01-22,990,998,981.5,984
2015-01-23,983,987,974.5,978
2015-01-26,978,991,973,991
2015-01-27,989.5,992,979,984.5
2015-01-28,980,984,973.5,976
2015-01-29,976.5,984.5,973.5,975
2015-01-30,974.5,979,961.5,967
2015-02-02,967.5,977,963,966
2015-02-03,966.5,1005,966.5,994.5
2015-02-04,990.5,996.5,973.5,978
2015-02-05,977.5,989,976,988
2015-02-06,988,993.5,977.5,980
2015-02-09,979.5,989,978,985
2015-02-10,985,991.5,972,974
2015-02-11,974.5,983.5,971,980
2015-02-12,980,988.5,976,986
2015-02-13,986,1001,985.5,994
2015-02-16,986,1001,985.5,994
2015-02-17,997,1013,995,1012
2015-02-18,1010.5,1016,994.5,996
2015-02-19,998,1020.5,996.5,1010
2015-02-20,1011,1013.5,1002,1002
2015-02-23,1003.5,1009,994,999
2015-02-24,1001.5,1032,1001,1018
2015-02-25,1018,1024,1004.5,1011
2015-02-26,1010,1027,1008.5,1025
2015-02-27,1026,1038,1022,1029
2015-03-02,1030,1039,1011.5,1014
2015-03-03,1014,1018,1002,1012
2015-03-04,1012,1014.5,993,996
2015-03-05,995.5,998,985,986
2015-03-06,985,988.5,976.5,986
2015-03-09,985.5,999,985,992
2015-03-10,992,994,981.5,984
2015-03-11,982,997,982.5,992
2015-03-12,992,997.5,983.5,990
2015-03-13,993.25,997.75,976.75,977.5
2015-03-16,977.5,982,971.5,974
2015-03-17,973,977.25,958.5,959.25
2015-03-18,958.5,971.75,958.5,970
2015-03-19,972.75,985,961.5,967
2015-03-20,966,984.25,965,977.75
2015-03-23,978.75,994.5,977.25,987
2015-03-24,988,989.5,980.5,985.75
2015-03-25,986.5,991.25,981.5,981.5
2015-03-26,981,985,975.75,980
2015-03-27,978,980.75,970,972
2015-03-30,972,981,970,972.75
2015-03-31,971.75,985,956.25,977
2015-04-01,977.75,996.5,977.5,995
2015-04-02,993,997.5,986,989
2015-04-03,993,997.5,986,989
2015-04-06,990,995.5,982.75,983
2015-04-07,981.75,989,975.25,976.5
2015-04-08,976,980,972.75,976.5
2015-04-09,975.5,976.5,955,959
2015-04-10,959.25,963,949,954.5
2015-04-13,952,961.75,950.25,956
2015-04-14,952.5,965,952.5,964
2015-04-15,962.75,979,962.5,966.5
2015-04-16,966,973,958.75,967
2015-04-17,968.25,975.5,966.25,971.5
2015-04-20,970.5,983,970.25,979
2015-04-21,978,979.5,970.25,975
2015-04-22,975.25,978,966.25,971
2015-04-23,972.25,985,972.25,979
2015-04-24,980,983,968,969
2015-04-27,967,979.75,965.5,972.75
2015-04-28,972.25,988,972,977
2015-04-29,977.25,989,972.75,988
2015-04-30,987.75,995,972.5,976.5
2015-05-01,978,979,961.25,965
2015-05-04,964.75,978.75,962.75,977
2015-05-05,975.75,986.75,974.25,983.5
2015-05-06,984,990.5,978,982.5
2015-05-07,982.75,984.75,972.5,974
2015-05-08,974.25,978.5,969.25,975
2015-05-11,976,982,972.25,974
2015-05-12,973.5,981.5,955,956.5
2015-05-13,956.5,962.75,954.25,957.5
2015-05-14,951,954.5,946,950.25
2015-05-15,951.75,955,944,945.5
2015-05-18,946.5,957.75,943.75,947.5
2015-05-19,946.75,948.75,934.5,938
2015-05-20,938,938.75,928.5,931.75
2015-05-21,931.75,936.75,928,929.75
2015-05-22,929.25,933.75,915,922
2015-05-25,929.25,933.75,915,922
2015-05-26,915.75,921.75,911.25,913.25
2015-05-27,913.5,921.5,911.25,914
2015-05-28,916.25,921.25,910,914.5
2015-05-29,913.75,923,913.5,919
2015-06-01,915.25,920,909.25,912
2015-06-02,913.25,930,913,927.25
2015-06-03,927.75,934.25,920.75,924.25
2015-06-04,923.75,936.5,921.75,934.75
2015-06-05,932.5,938.5,922.75,924.5
2015-06-08,923.75,935,921,929.25
2015-06-09,931.75,940.5,929,935.5
2015-06-10,937,942.75,929.75,934
2015-06-11,933,938.5,921.25,928.5
2015-06-12,921.75,926.5,915,921.5
2015-06-15,921.75,924,912.5,920.75
2015-06-16,922.25,943.25,922.25,941.25
2015-06-17,941.75,956.5,941.75,953.75
2015-06-18,952.25,964.25,947.25,959
2015-06-19,960,962.5,951,955.25
2015-06-22,955.5,975,954,974.25
2015-06-23,974,982,963.25,972.5
2015-06-24,972.5,976.25,965.5,967.25
2015-06-25,966.25,989.5,965,984
2015-06-26,986.5,1011.75,985,994
2015-06-29,992.75,1008,990.25,994.5
2015-06-30,993.5,1051.25,985.5,1046
2015-07-01,1047,1054.75,1032.5,1040
2015-07-02,1040,1047.25,1029,1037.5
2015-07-03,1040,1047.25,1029,1037.5
2015-07-06,1032,1032,1017,1026
2015-07-07,1021,1025.75,989.25,992
2015-07-08,994,1008,987.25,996.5
2015-07-09,996,1033.75,995.75,1023.75
2015-07-10,1026.25,1048.25,1022,1031
2015-07-13,1030.5,1040.5,1021,1037
2015-07-14,1031.25,1045.75,1023.25,1025.25
2015-07-15,1023.5,1027,1005.5,1017
2015-07-16,1018.5,1030,1006,1007.75
2015-07-17,1008,1012,998.5,1005.25
2015-07-20,1002.75,1003.5,989.25,998.25
2015-07-21,1002,1007.75,999,1006.5
2015-07-22,1006.75,1010,996.25,999.5
2015-07-23,1000,1007.75,982.5,986.25
2015-07-24,986.25,988,965.5,966.5
2015-07-27,963,963.25,937.5,939.25
2015-07-28,941.5,956.25,941.5,954
2015-07-29,956.75,966,949.5,957
2015-07-30,956.5,970.5,956.5,966
2015-07-31,965.25,966.5,951.5,952
2015-08-03,951.25,953.5,939.5,946.75
2015-08-04,944.25,957,942.75,949.75
2015-08-05,949,964.25,948.5,962.75
2015-08-06,962.25,965.5,952.75,956
2015-08-07,956,977.25,952,976
2015-08-10,979,1009.5,977.75,1009.25
2015-08-11,1004.5,1005,978.75,981
2015-08-12,981,985,911,918.5
2015-08-13,920.25,938,920,938
2015-08-14,928.5,928.5,913,916.25
2015-08-17,910.25,923.75,909.5,916.75
2015-08-18,914.75,919.5,902.5,903.25
2015-08-19,903.5,909,890.75,895
2015-08-20,894.5,909,888,907.5
2015-08-21,906.75,907.5,888.75,890.25
2015-08-24,884,887.5,855,875.5
2015-08-25,875,889.5,867.25,877.75
2015-08-26,875,882,864,868
2015-08-27,866,884,866,877.75
2015-08-28,880,888.75,876.25,886
2015-08-31,883.75,888.5,871,885.75
2015-09-01,885,886.75,868.5,874.5
2015-09-02,874,880.25,865,872.75
2015-09-03,874.75,882.5,868.25,869.5
2015-09-04,869.25,875.75,865.25,866.25
2015-09-07,869.25,875.75,865.25,866.25
2015-09-08,870,884.75,868.75,877
2015-09-09,875,885.75,870.75,871.75
2015-09-10,871.5,879.25,868.5,874.5
2015-09-11,874.5,878,853.25,874.25
2015-09-14,877.5,891.75,877.5,886.75
2015-09-15,889,897.25,886.5,892.5
2015-09-16,892,897.5,886.5,890
2015-09-17,890,894,884.5,888.5
2015-09-18,887.75,890.5,871.25,872.75
2015-09-21,872,881.5,869.25,878.25
2015-09-22,875.75,878,866,867.25
2015-09-23,866.25,874,866.25,868
2015-09-24,867.75,873.5,862.25,872.5
2015-09-25,873,894.25,873,892.5
2015-09-28,892,896,879.75,882
2015-09-29,880.25,888,878,887.5
2015-09-30,886.5,905,884,894.75
2015-10-01,892.5,900.5,880.25,882
2015-10-02,880.75,886,872.25,878
2015-10-05,878,890,876.25,888
2015-10-06,883,899.5,883,890
2015-10-07,891,899.75,889.75,894.5
2015-10-08,894,895.5,884.25,885.75
2015-10-09,885.5,901.5,876.5,889
2015-10-12,890.25,899,890,892.25
2015-10-13,891,919,890.75,918.25
2015-10-14,916,923.5,912.75,913.25
2015-10-15,912.5,919,907.75,909
2015-10-16,908.25,914.25,901.25,903.75
2015-10-19,900,904,895.25,895.75
2015-10-20,895.25,906.25,894,901
2015-10-21,900.25,911.25,899,907.5
2015-10-22,909,916,900,901
2015-10-23,901,903.5,893,893.5
2015-10-26,895.25,900,882.5,885.25
2015-10-27,884.75,894.25,880.25,890.5
2015-10-28,890,891.5,882,882.5
2015-10-29,882.5,886.5,875.5,879.25
2015-10-30,879.25,887.5,878.75,885
2015-11-02,887.5,891,878.25,880
2015-11-03,879.25,886.75,875.5,879.5
2015-11-04,879,887,879,885
2015-11-05,883.5,885.5,863.25,865.5
2015-11-06,864.75,868.25,858,867
2015-11-09,867.5,872,865.75,866.75
2015-11-10,866,868.5,850,858
2015-11-11,856.25,861.5,854.25,859.75
2015-11-12,859.75,865.25,855,863
2015-11-13,863.25,863.25,855.5,857.5
2015-11-16,855.25,861.5,852.75,861.25
2015-11-17,860.75,866,859,864.75
2015-11-18,865,868.5,855.75,860.75
2015-11-19,860.75,865,855,863.25
2015-11-20,863,863.75,855.25,860.75
2015-11-23,858.25,867,847,866
2015-11-24,866,870.75,863,866.75
2015-11-25,865.5,878.5,863.25,877
2015-11-26,865.5,878.5,863.25,877
2015-11-27,876.5,879.75,873.5,876
2015-11-30,875.25,885.75,872.25,884.25
2015-12-01,883,894,881.75,893
2015-12-02,891,897.25,887,894
2015-12-03,893.75,900.5,887.5,899.25
2015-12-04,899.5,908.5,895,906.25
2015-12-07,907.75,911.5,884.75,888
2015-12-08,888.5,890.25,876.25,880.25
2015-12-09,880,886.75,872.5,880.5
2015-12-10,879.5,889.5,875.75,882
2015-12-11,881,887.75,873,875.25
2015-12-14,873.25,879.75,870.75,876.75
2015-12-15,874.75,879.25,867,867.75
2015-12-16,867.5,871.25,856.75,864
2015-12-17,860.75,879,854.25,880
2015-12-18,877.75,894.5,873.5,893.75
2015-12-21,892.75,897,887.5,890.75
2015-12-22,891,895.5,885.25,885
2015-12-23,885.5,888.75,880.25,880
2015-12-24,882,884.5,872.75,874.5
2015-12-25,882,884.5,872.75,874.5
2015-12-28,871,871.5,860.5,861.5
2015-12-29,863,872,861,865
2015-12-30,865.5,873.5,864,868.5
2015-12-31,868.75,873,863,864
2016-01-01,868.75,873,863,864
2016-01-04,863,867,853.25,856.25
2016-01-05,858.25,864.75,855.5,856.75
2016-01-06,856.5,868,852,863.75
2016-01-07,864.5,868.75,858.25,864.25
2016-01-08,865,871,863.5,865
2016-01-11,865.5,869.75,859.5,861
2016-01-12,861.25,881.25,857.25,872.75
2016-01-13,875,880.75,871,878.25
2016-01-14,880.25,885.25,876.5,884
2016-01-15,882.5,883,871.5,877.75
2016-01-18,882.5,883,871.5,877.75
2016-01-19,880.75,887,880.25,882.75
2016-01-20,874.75,883.5,871.5,873.5
2016-01-21,874.75,885.25,872.5,877.5
2016-01-22,879,886.75,875.25,880
2016-01-25,876.75,886.75,872.25,881.25
2016-01-26,881,883.75,877,876
2016-01-27,878,886.75,878,882
2016-01-28,884.5,886.25,870,874.75
2016-01-29,871.5,885,869.75,883.75
2016-02-01,884.5,885.5,878.25,882.5
2016-02-02,888.75,888.75,888.75,888.75
2016-02-03,888.25,888.75,877,878.5
2016-02-04,880.75,886.75,875.5,879
2016-02-05,878.75,882.5,871,872.25
2016-02-08,871.25,872.25,865,869
2016-02-09,866.75,870,863.5,867.5
2016-02-10,867,870,865.5,867
2016-02-11,867,878.5,867,877.5
2016-02-12,877,880,872.5,876.25
2016-02-15,877,880,872.5,876.25
2016-02-16,879.5,886,876.25,880
2016-02-17,881,887,879.25,884.75
2016-02-18,884.5,885.5,880.75,882.75
2016-02-19,882.25,884.5,880.25,882.25
2016-02-22,884,890,882.5,883
2016-02-23,883.25,883.5,871.25,873
2016-02-24,873.25,875,869.25,872.25
2016-02-25,872,876.25,865,866.25
2016-02-26,866.5,869,861.75,863.25
2016-02-29,862.75,865,860,861
2016-03-01,861,866.5,857,860
2016-03-02,858.25,864.75,856,860.25
2016-03-03,861,865.5,857.5,863.25
2016-03-04,863.75,879.25,863.75,878
2016-03-07,881.25,887.5,880.25,880.75
2016-03-08,880.5,885.25,875.25,884
2016-03-09,883.5,888,880.25,885.25
2016-03-10,885,890,881.25,888
2016-03-11,887.5,896.75,887,893
2016-03-14,898.25,903.25,896.75,898
2016-03-15,900.75,901.5,894.25,893.5
2016-03-16,897,900.5,891.5,899.5
2016-03-17,901,910.5,899.75,900
2016-03-18,903,911.25,902.25,903.75
2016-03-21,902,911.5,898.75,906.25
2016-03-22,907.75,920,906.5,910
2016-03-23,915.75,919.25,908,913
2016-03-24,912,918.75,908.75,917.75
2016-03-25,912,918.75,908.75,917.75
2016-03-28,918.75,921.75,913.25,915.75
2016-03-29,915.25,923.5,913.75,914.25
2016-03-30,922,923.5,915.25,911.25
2016-03-31,915.5,922.25,903.5,910
2016-04-01,916,927.75,915.5,926.75
2016-04-04,925.75,930,920.5,915.25
2016-04-05,920,924.5,911.75,909
2016-04-06,911.75,917.5,908.75,916.25
2016-04-07,915.75,917.75,911.75,911.75
2016-04-08,912.75,925,911.25,925
2016-04-11,924,937.75,923.75,932
2016-04-12,935.75,947,933.25,943.5
2016-04-13,945.75,966.25,945.75,965
2016-04-14,964.5,968,953.75,952.75
2016-04-15,955.25,966.5,954.5,964
2016-04-18,963,972.75,957.75,962
2016-04-19,962.75,996,961.75,989.75
2016-04-20,990.75,1021,985,1014
2016-04-21,1016,1043.75,1011.25,1023.5
2016-04-22,1025.5,1026,988.25,995
2016-04-25,994.5,1029.75,986.25,1008.25
2016-04-26,1009.25,1028.25,1001.5,1024
2016-04-27,1026.25,1029.75,1010.75,1024
2016-04-28,1024.75,1046.25,1018,1026
2016-04-29,1025,1038.25,1018.25,1027
2016-05-02,1029.75,1045,1020.5,1043
2016-05-03,1043.75,1057,1023,1024.25
2016-05-04,1027,1045.75,1022,1034
2016-05-05,1034.5,1047.5,1011.25,1006.5
2016-05-06,1012.5,1038.5,1008.5,1035.25
2016-05-09,1036.5,1044,1019,1027.5
2016-05-10,1025.75,1091.5,1023.5,1076.75
2016-05-11,1079.5,1091,1073,1078
2016-05-12,1078.5,1089.75,1062.75,1069
2016-05-13,1071.25,1075.5,1057.5,1061
2016-05-16,1065,1073.5,1057.75,1064.75
2016-05-17,1065.25,1088.5,1065,1082.5
2016-05-18,1081.25,1090,1066,1075.25
2016-05-19,1075,1076.5,1052.75,1071.5
2016-05-20,1073.5,1088,1064.5,1074.25
2016-05-23,1072.75,1076.75,1051,1056.25
2016-05-24,1056.75,1067.25,1041.75,1055
2016-05-25,1055,1083.5,1053.25,1082.5
2016-05-26,1080,1093,1070.25,1075.75
2016-05-27,1075,1086.5,1070,1083.25
2016-05-30,1075,1086.5,1070,1083.25
2016-05-31,1083,1093,1075.25,1076.5
2016-06-01,1076,1097.75,1066,1096.25
2016-06-02,1096.75,1132,1096.75,1131
2016-06-03,1128.75,1150.25,1118.5,1122
2016-06-06,1132.5,1154.25,1130.75,1133.75
2016-06-07,1130.25,1142.75,1126.25,1140
2016-06-08,1137,1183.5,1136.25,1175.75
2016-06-09,1172.25,1181.75,1162.25,1171.75
2016-06-10,1170,1205,1166.75,1176.5
2016-06-13,1190,1197.75,1167.25,1169
2016-06-14,1167.75,1173.5,1151.5,1166.25
2016-06-15,1166.25,1173.25,1153,1152.75
2016-06-16,1152.75,1158.5,1128,1133
2016-06-17,1132.75,1160.75,1132,1160
2016-06-20,1155.5,1157.25,1141.25,1149.5
2016-06-21,1146.5,1153.25,1130,1137
2016-06-22,1132,1146,1125,1137.5
2016-06-23,1138.75,1142.5,1122.25,1125.25
2016-06-24,1123.25,1131,1097.5,1107
2016-06-27,1101.5,1136,1100.75,1130
2016-06-28,1127.25,1162,1124.5,1149
2016-06-29,1146,1151.75,1136.5,1139
2016-06-30,1140,1181.5,1120.5,1173.75
2016-07-01,1170.75,1178.5,1163,1163.5
2016-07-04,1170.75,1178.5,1163,1163.5
2016-07-05,1149.75,1149.75,1105,1111
2016-07-06,1108,1114.25,1063,1099.75
2016-07-07,1102.5,1117.25,1048.5,1048.75
2016-07-08,1049.5,1084.5,1045.5,1089
2016-07-11,1094.75,1101,1073.5,1076
2016-07-12,1079,1104,1073,1101.25
2016-07-13,1110,1134.75,1096.75,1119.25
2016-07-14,1122.75,1141,1079.5,1085
2016-07-15,1074.25,1087.5,1044.25,1064.25
2016-07-18,1055.75,1078.25,1043.5,1073.75
2016-07-19,1073,1073.75,1037,1042.5
2016-07-20,1042,1050.25,1018,1018.75
2016-07-21,1018.5,1035,1016.75,1026.75
2016-07-22,1027.25,1029.75,978,1000
2016-07-25,990.75,1002.5,973.75,977.5
2016-07-26,977.25,994,974,984.75
2016-07-27,985.5,1007,983.75,999.5
2016-07-28,1001,1010.75,988.25,990.25
2016-07-29,995.25,1023,984,1018
2016-08-01,1009.5,1017.5,976.75,984.5
2016-08-02,979.5,986.5,961.5,972
2016-08-03,972,985.5,969.25,972.25
2016-08-04,972.25,984.75,968.25,972.75
2016-08-05,974.25,994.75,974.25,991
2016-08-08,992,1002.25,987.75,996.5
2016-08-09,998.75,1015,993.5,998.5
2016-08-10,1005,1014,989,996
2016-08-11,998,1007.5,995.5,1001.25
2016-08-12,1000.25,1010,981,985
2016-08-15,981.5,1011,980,1009
2016-08-16,1008.5,1015.75,1001,1006.5
2016-08-17,1008.5,1017.25,1002.75,1016
2016-08-18,1016,1017.5,996.25,1014
2016-08-19,1014.5,1017,998,1004.5
2016-08-22,1001,1020,999,1016
2016-08-23,1014.5,1016.75,1006.5,1012.25
2016-08-24,1013,1014,996.25,1005
2016-08-25,1004,1005,974.75,974.75
2016-08-26,974.25,980.25,960.5,967
2016-08-29,967.5,974,961.25,967
2016-08-30,964.5,968.5,946.5,952
2016-08-31,952,956.25,938,943
2016-09-01,942.25,948.5,937,943.75
2016-09-02,945,955.5,944.5,950
2016-09-05,945,955.5,944.5,950
2016-09-06,952.5,964,946.5,958.75
2016-09-07,958.75,978.25,958.25,975.5
2016-09-08,976.5,983.75,970.25,977.5
2016-09-09,977.5,983,972,976.75
2016-09-12,978,990,958.75,968
2016-09-13,965,971,942.5,945.5
2016-09-14,944.25,948,940.5,943
2016-09-15,948.25,958.25,946.5,955.25
2016-09-16,953.75,973.75,951,970
2016-09-19,975.25,986,971.5,979.25
2016-09-20,979,999,976.25,993.5
2016-09-21,993,995.5,976.75,980.5
2016-09-22,979.75,988.75,975.75,980.25
2016-09-23,980.25,981.25,958.75,959.75
2016-09-26,958,966.25,950,953
2016-09-27,952.75,959.75,940.5,959.25
2016-09-28,958,961.75,951,952.25
2016-09-29,953.25,963.25,952.25,956.5
2016-09-30,956,964.5,948.75,958.25
2016-10-03,957.75,979.75,952.25,979.25
2016-10-04,975.75,977,965.75,969
2016-10-05,969.25,973.5,957,962.25
2016-10-06,962.5,966,953.75,966
2016-10-07,964.75,978.75,961.25,962.75
2016-10-10,962,970.5,956.25,957
2016-10-11,960.5,967.75,958.5,961
2016-10-12,960.5,978.5,951.25,953.5
2016-10-13,953.5,967.5,945.25,963
2016-10-14,964,982.25,960.5,970.75
2016-10-17,969.5,986.75,968.75,985.5
2016-10-18,985.5,994.75,980.25,980
2016-10-19,980.5,991.75,979.75,990
2016-10-20,990,998.75,982.5,985.25
2016-10-21,985,993.25,983.25,993.25
2016-10-24,992,1009,989.25,1001.25
2016-10-25,1001,1008,992.25,1001
2016-10-26,1001.75,1022,1000.25,1018.75
2016-10-27,1019.25,1031,1013.5,1023.75
2016-10-28,1024,1028,1010,1012
2016-10-31,1012,1018,1006,1010.75
2016-11-01,1011.5,1016,991.75,991
2016-11-02,992.25,995.75,983,986
2016-11-03,986.25,994,985.5,989
2016-11-04,990,994.75,984,991
2016-11-07,991,1001.75,990,998
2016-11-08,998.5,1020.75,997,1008.75
2016-11-09,1010.25,1017.5,984.25,991.5
2016-11-10,991,1019,989,1000.75
2016-11-11,1002.5,1018,977,988
2016-11-14,988.25,989.75,975.25,984
2016-11-15,993.5,1001.25,987,1000
2016-11-16,1001.5,1006,991.5,994
2016-11-17,993.5,1002.25,989.75,998.75
2016-11-18,998,1005.25,991.25,1001.75
2016-11-21,1004.5,1029.5,1004.5,1029.25
2016-11-22,1028,1041.75,1024,1038
2016-11-23,1038.25,1044.25,1026,1043.5
2016-11-24,1038.25,1044.25,1026,1043.5
2016-11-25,1040,1055.25,1038.25,1053.25
2016-11-28,1051.75,1074,1051,1060
2016-11-29,1063,1067.5,1048,1051.75
2016-11-30,1051,1061.25,1040,1040.75
2016-12-01,1043,1049.5,1031.75,1041.25
2016-12-02,1041.5,1047,1036,1038.25
2016-12-05,1039.5,1059,1037.5,1057
2016-12-06,1052.5,1071.25,1048.5,1056.25
2016-12-07,1057,1063,1049.75,1060.25
2016-12-08,1059.25,1059.25,1034,1036
2016-12-09,1037,1050.25,1032,1037
2016-12-12,1052.25,1058.5,1037.75,1042.5
2016-12-13,1042.75,1050,1036.75,1038.25
2016-12-14,1038.5,1040.5,1032,1033.75
2016-12-15,1034.25,1048.25,1028.75,1038.5
2016-12-16,1039.5,1048,1033,1046
2016-12-19,1043.75,1049,1030.5,1030.75
2016-12-20,1032,1034.75,1014.25,1016.5
2016-12-21,1016.25,1022.5,1015.25,1017
2016-12-22,1017.5,1019,1003,1003.5
2016-12-23,1004,1006.75,997,999
