06/01/2004,16.73
07/01/2004,15.5
08/01/2004,15.61
09/01/2004,16.75
12/01/2004,16.82
13/01/2004,18.04
14/01/2004,16.75
15/01/2004,15.56
16/01/2004,15
19/01/2004,15.21
20/01/2004,14.34
21/01/2004,14.71
22/01/2004,14.84
23/01/2004,14.55
26/01/2004,15.35
27/01/2004,16.78
28/01/2004,17.14
29/01/2004,16.63
30/01/2004,17.11
02/02/2004,17.34
03/02/2004,17.87
04/02/2004,17.71
05/02/2004,16
06/02/2004,16.39
09/02/2004,15.94
10/02/2004,15.39
11/02/2004,15.31
12/02/2004,15.58
13/02/2004,15.4
16/02/2004,15.59
17/02/2004,15.8
18/02/2004,16.04
19/02/2004,16.29
20/02/2004,15.9
23/02/2004,14.93
24/02/2004,14.83
25/02/2004,14.55
26/02/2004,14.44
27/02/2004,14.86
01/03/2004,14.55
02/03/2004,14.4
03/03/2004,14.48
04/03/2004,15.79
05/03/2004,16.6
08/03/2004,18.67
09/03/2004,20.67
10/03/2004,18.3
11/03/2004,21.13
12/03/2004,20.34
15/03/2004,18.11
16/03/2004,18.53
17/03/2004,19.15
18/03/2004,21.58
19/03/2004,20.67
22/03/2004,19.81
23/03/2004,17.88
24/03/2004,17.33
25/03/2004,16.5
26/03/2004,16.28
29/03/2004,16.74
30/03/2004,16.65
31/03/2004,15.64
01/04/2004,14.97
02/04/2004,15.32
05/04/2004,15.76
06/04/2004,16.26
07/04/2004,15.28
08/04/2004,17.26
09/04/2004,15.62
12/04/2004,15.74
13/04/2004,14.94
14/04/2004,15.42
15/04/2004,16.67
16/04/2004,15.6
19/04/2004,14.61
20/04/2004,14.01
21/04/2004,14.77
22/04/2004,15.07
23/04/2004,16.29
26/04/2004,16.6
27/04/2004,17.19
28/04/2004,16.62
29/04/2004,16.55
30/04/2004,15.77
03/05/2004,17.05
04/05/2004,18.13
05/05/2004,19.77
06/05/2004,18.57
07/05/2004,18.14
10/05/2004,18.86
11/05/2004,18.47
12/05/2004,19.96
13/05/2004,19.33
14/05/2004,18.93
17/05/2004,18.67
18/05/2004,18.49
19/05/2004,18.08
20/05/2004,15.96
21/05/2004,15.97
24/05/2004,15.28
25/05/2004,15.5
26/05/2004,16.3
27/05/2004,16.08
28/05/2004,17.03
31/05/2004,16.78
01/06/2004,15.39
02/06/2004,15.01
03/06/2004,15.39
04/06/2004,15.04
07/06/2004,16.07
08/06/2004,15.05
09/06/2004,14.79
10/06/2004,15.15
11/06/2004,14.99
14/06/2004,15.26
15/06/2004,14.31
16/06/2004,13.98
17/06/2004,14.81
18/06/2004,15.19
21/06/2004,16.07
22/06/2004,15.47
23/06/2004,14.34
24/06/2004,15.2
25/06/2004,15.08
28/06/2004,16.25
29/06/2004,15.81
30/06/2004,16.2
01/07/2004,15.78
02/07/2004,14.96
05/07/2004,14.46
06/07/2004,13.76
07/07/2004,14.71
08/07/2004,14.34
09/07/2004,15.17
12/07/2004,14.17
13/07/2004,16.41
14/07/2004,15.75
15/07/2004,16.5
16/07/2004,17.3
19/07/2004,16.55
20/07/2004,16.15
21/07/2004,15.68
22/07/2004,15.32
23/07/2004,15.37
26/07/2004,16.03
27/07/2004,16.21
28/07/2004,18.32
29/07/2004,19.34
30/07/2004,18.89
02/08/2004,17.47
03/08/2004,18.04
04/08/2004,19.08
05/08/2004,17.98
06/08/2004,17.57
09/08/2004,17.02
10/08/2004,16.23
11/08/2004,16.96
12/08/2004,16
13/08/2004,15.88
16/08/2004,15.33
17/08/2004,14.98
18/08/2004,14.91
19/08/2004,14.71
20/08/2004,15.44
23/08/2004,15.29
24/08/2004,14.91
25/08/2004,14.28
26/08/2004,13.91
27/08/2004,14.07
30/08/2004,14.06
31/08/2004,14.01
01/09/2004,13.76
02/09/2004,13.17
03/09/2004,13.56
06/09/2004,14.64
07/09/2004,14.39
08/09/2004,14.03
09/09/2004,14.43
10/09/2004,13.66
13/09/2004,14.74
14/09/2004,14.8
15/09/2004,14.28
16/09/2004,14.62
17/09/2004,13.83
20/09/2004,13.21
21/09/2004,13.34
22/09/2004,12.75
23/09/2004,13.41
24/09/2004,13.95
27/09/2004,13.28
28/09/2004,14.5
29/09/2004,15.05
30/09/2004,14.71
01/10/2004,15.05
04/10/2004,15.42
05/10/2004,16.43
06/10/2004,15.04
07/10/2004,14.71
08/10/2004,15.13
11/10/2004,14.85
12/10/2004,14.54
13/10/2004,15.28
14/10/2004,16.58
15/10/2004,16.39
18/10/2004,15.72
19/10/2004,15.39
20/10/2004,16.27
21/10/2004,16.27
22/10/2004,16.18
25/10/2004,14.04
26/10/2004,13.97
27/10/2004,13.84
28/10/2004,13.8
29/10/2004,13.61
01/11/2004,13.08
02/11/2004,13.04
03/11/2004,13.33
04/11/2004,13.38
05/11/2004,13.21
08/11/2004,13.21
09/11/2004,12.98
10/11/2004,13.5
11/11/2004,12.97
12/11/2004,12.67
15/11/2004,12.72
16/11/2004,12.78
17/11/2004,13.3
18/11/2004,13.24
19/11/2004,12.97
22/11/2004,12.98
23/11/2004,12.96
24/11/2004,13.19
25/11/2004,13.67
26/11/2004,13.19
29/11/2004,12.88
30/11/2004,12.76
01/12/2004,12.54
02/12/2004,12.73
03/12/2004,12.35
06/12/2004,12.27
07/12/2004,11.95
08/12/2004,11.83
09/12/2004,11.55
10/12/2004,11.45
13/12/2004,11.23
14/12/2004,12.14
15/12/2004,12
16/12/2004,11.62
17/12/2004,12.56
20/12/2004,13.29
21/12/2004,14.08
22/12/2004,13.98
23/12/2004,14.09
24/12/2004,13.58
27/12/2004,13.49
28/12/2004,13.23
29/12/2004,13.19
30/12/2004,12.56
31/12/2004,12.84
03/01/2005,12.43
04/01/2005,12.47
05/01/2005,13.18
06/01/2005,13.83
07/01/2005,14.36
10/01/2005,14.65
11/01/2005,14.06
12/01/2005,13.44
13/01/2005,13.24
14/01/2005,13.24
17/01/2005,12.82
18/01/2005,12.03
19/01/2005,11.66
20/01/2005,11.79
21/01/2005,11.21
24/01/2005,11.73
25/01/2005,11.6
26/01/2005,12
27/01/2005,11.51
28/01/2005,11.43
31/01/2005,11.52
01/02/2005,11.27
02/02/2005,11.1
03/02/2005,11.77
04/02/2005,11.18
07/02/2005,13.14
08/02/2005,12.39
09/02/2005,11.57
10/02/2005,11.49
11/02/2005,12.08
14/02/2005,12.04
15/02/2005,12.5
16/02/2005,12.93
17/02/2005,11.94
18/02/2005,12.26
21/02/2005,12.4
22/02/2005,12.7
23/02/2005,12.49
24/02/2005,12.8
25/02/2005,12.39
28/02/2005,13.15
01/03/2005,13.49
02/03/2005,13.29
03/03/2005,13.14
04/03/2005,13.61
07/03/2005,14.27
08/03/2005,14.06
09/03/2005,13.42
10/03/2005,13.75
11/03/2005,14.49
14/03/2005,13.64
15/03/2005,14.02
16/03/2005,14.09
17/03/2005,14.11
18/03/2005,13.68
21/03/2005,13.15
22/03/2005,12.33
23/03/2005,12.62
24/03/2005,11.98
25/03/2005,11.3
28/03/2005,13.31
29/03/2005,14.53
30/03/2005,17.74
31/03/2005,16.56
01/04/2005,14.96
04/04/2005,16.92
05/04/2005,14.41
06/04/2005,15.38
07/04/2005,14.62
08/04/2005,14.91
11/04/2005,14.87
12/04/2005,16.86
13/04/2005,15.31
14/04/2005,15.12
15/04/2005,14.53
18/04/2005,13.85
19/04/2005,13.98
20/04/2005,14.05
21/04/2005,13.75
22/04/2005,14.91
25/04/2005,14.45
26/04/2005,16.12
27/04/2005,16.32
28/04/2005,15.68
29/04/2005,14.57
02/05/2005,13.63
03/05/2005,13.32
04/05/2005,13.14
05/05/2005,12.95
06/05/2005,12.69
09/05/2005,12.58
10/05/2005,12.24
11/05/2005,12.15
12/05/2005,13.29
13/05/2005,12.36
16/05/2005,11.84
17/05/2005,12.15
18/05/2005,12.28
19/05/2005,12.39
20/05/2005,12.7
23/05/2005,12.08
24/05/2005,11.96
25/05/2005,11.65
26/05/2005,11.79
27/05/2005,11.46
30/05/2005,11.15
31/05/2005,11.48
01/06/2005,11.47
02/06/2005,11.08
03/06/2005,11.05
06/06/2005,12.13
07/06/2005,12.18
08/06/2005,12.52
09/06/2005,11.58
10/06/2005,11.77
13/06/2005,12.04
14/06/2005,11.4
15/06/2005,11.68
16/06/2005,12.27
17/06/2005,12.49
20/06/2005,11.45
21/06/2005,11.28
22/06/2005,10.95
23/06/2005,10.84
24/06/2005,10.81
27/06/2005,10.33
28/06/2005,10.77
29/06/2005,10.45
30/06/2005,10.23
01/07/2005,10.97
04/07/2005,10.52
05/07/2005,11.1
06/07/2005,10.99
07/07/2005,10.36
08/07/2005,10.52
11/07/2005,11.57
12/07/2005,12.08
13/07/2005,11.75
14/07/2005,11.83
15/07/2005,12.52
18/07/2005,12.48
19/07/2005,13.21
20/07/2005,12.4
21/07/2005,12.38
22/07/2005,12.42
25/07/2005,12.74
26/07/2005,12.26
27/07/2005,13.52
28/07/2005,13.3
29/07/2005,13.42
01/08/2005,13.42
02/08/2005,13.42
03/08/2005,13.34
04/08/2005,14.17
05/08/2005,13.73
08/08/2005,13.72
09/08/2005,13.52
10/08/2005,13.65
11/08/2005,12.6
12/08/2005,13.15
15/08/2005,13.57
16/08/2005,12.93
17/08/2005,12.52
18/08/2005,12.93
19/08/2005,11.98
22/08/2005,11.65
23/08/2005,12.39
24/08/2005,12.91
25/08/2005,12.49
26/08/2005,11.22
29/08/2005,12.14
30/08/2005,12.64
31/08/2005,13.79
01/09/2005,13.33
02/09/2005,12.96
05/09/2005,13.04
06/09/2005,12.76
07/09/2005,12.63
08/09/2005,12.24
09/09/2005,11.92
12/09/2005,12.46
13/09/2005,13.2
14/09/2005,14.55
15/09/2005,14.96
16/09/2005,14.59
19/09/2005,15.55
20/09/2005,15.63
21/09/2005,16.22
22/09/2005,16.47
23/09/2005,14.87
26/09/2005,14.67
27/09/2005,15.33
28/09/2005,13.5
29/09/2005,16.11
30/09/2005,16.13
03/10/2005,14.74
04/10/2005,14.53
05/10/2005,14.59
06/10/2005,16.02
07/10/2005,14.25
10/10/2005,15.32
11/10/2005,14.85
12/10/2005,13.48
13/10/2005,13
14/10/2005,13.17
17/10/2005,13.1
18/10/2005,13.08
19/10/2005,12.8
20/10/2005,11.9
21/10/2005,11.63
24/10/2005,12.18
25/10/2005,12.23
26/10/2005,12.26
27/10/2005,11.25
28/10/2005,11.12
31/10/2005,10.82
01/11/2005,10.6
02/11/2005,10.96
03/11/2005,10.88
04/11/2005,11.84
07/11/2005,11.89
08/11/2005,12.06
09/11/2005,11.24
10/11/2005,11.01
11/11/2005,11.6
14/11/2005,11.52
15/11/2005,12.18
16/11/2005,12.21
17/11/2005,11.69
18/11/2005,11.47
21/11/2005,11.11
22/11/2005,10.48
23/11/2005,10.73
24/11/2005,10.68
25/11/2005,11.38
28/11/2005,11.19
29/11/2005,10.81
30/11/2005,10.29
01/12/2005,10.27
02/12/2005,11.57
05/12/2005,11.35
06/12/2005,11.61
07/12/2005,12.07
08/12/2005,11.14
09/12/2005,11.37
12/12/2005,11.31
13/12/2005,11
14/12/2005,11.13
15/12/2005,10.86
16/12/2005,10.94
19/12/2005,11.2
20/12/2005,11.23
21/12/2005,11.91
22/12/2005,12.25
23/12/2005,11.98
26/12/2005,14.56
27/12/2005,13.93
28/12/2005,13.31
29/12/2005,12.87
30/12/2005,12.42
02/01/2006,11.97
03/01/2006,12.39
04/01/2006,12.95
05/01/2006,12.36
06/01/2006,13.23
09/01/2006,12.96
10/01/2006,13.04
11/01/2006,13.59
12/01/2006,12.83
13/01/2006,13.12
16/01/2006,12.87
17/01/2006,13.35
18/01/2006,12.25
19/01/2006,12.31
20/01/2006,11.48
23/01/2006,12.01
24/01/2006,12.41
25/01/2006,11.88
26/01/2006,11.87
27/01/2006,11.46
30/01/2006,11.59
31/01/2006,12.34
01/02/2006,11.54
02/02/2006,11.72
03/02/2006,11.96
06/02/2006,12.74
07/02/2006,12.66
08/02/2006,12.32
09/02/2006,12.68
10/02/2006,11.85
13/02/2006,11.37
14/02/2006,10.74
15/02/2006,11.35
16/02/2006,11.98
17/02/2006,12.12
20/02/2006,11.79
21/02/2006,11.62
22/02/2006,11.21
23/02/2006,11.17
24/02/2006,11.19
27/02/2006,11.46
28/02/2006,11.58
01/03/2006,10.95
02/03/2006,11.57
03/03/2006,11.39
06/03/2006,11.57
07/03/2006,11.14
08/03/2006,11.13
09/03/2006,11.45
10/03/2006,12.26
13/03/2006,12.19
14/03/2006,13
15/03/2006,12.76
16/03/2006,12.38
17/03/2006,12.58
20/03/2006,11.4
21/03/2006,11.32
22/03/2006,11.64
23/03/2006,11.59
24/03/2006,11.75
27/03/2006,11.75
28/03/2006,11.76
29/03/2006,11.84
30/03/2006,11.59
31/03/2006,12.54
03/04/2006,11.99
04/04/2006,11.99
05/04/2006,11.86
06/04/2006,11.62
07/04/2006,12
10/04/2006,11.99
11/04/2006,11.78
12/04/2006,12.49
13/04/2006,14.19
14/04/2006,13.57
17/04/2006,13.35
18/04/2006,16.26
19/04/2006,16.99
20/04/2006,17.18
21/04/2006,17.72
24/04/2006,18.26
25/04/2006,17.36
26/04/2006,15.5
27/04/2006,14.26
28/04/2006,18.66
01/05/2006,16.44
02/05/2006,14.52
03/05/2006,14.32
04/05/2006,16.65
05/05/2006,17.34
08/05/2006,17.8
09/05/2006,18.35
10/05/2006,18.12
11/05/2006,20.96
12/05/2006,23.81
15/05/2006,21.46
16/05/2006,15.9
17/05/2006,17.25
18/05/2006,17.83
19/05/2006,16.69
22/05/2006,15.52
23/05/2006,15.88
24/05/2006,15.89
25/05/2006,15.62
26/05/2006,16.4
29/05/2006,15.79
30/05/2006,13.03
31/05/2006,13.08
01/06/2006,13.05
02/06/2006,14.15
05/06/2006,13.65
06/06/2006,13.97
07/06/2006,14.02
08/06/2006,13.14
09/06/2006,14.49
12/06/2006,17.79
13/06/2006,18.05
14/06/2006,18.64
15/06/2006,17.74
16/06/2006,15.55
19/06/2006,16.21
20/06/2006,17.4
21/06/2006,14.98
22/06/2006,14.85
23/06/2006,14.62
26/06/2006,14.94
27/06/2006,14.33
28/06/2006,14.95
29/06/2006,15.05
30/06/2006,14.34
03/07/2006,14.46
04/07/2006,14.34
05/07/2006,15.23
06/07/2006,15.23
07/07/2006,15.2
10/07/2006,14.46
11/07/2006,14.3
12/07/2006,14.26
13/07/2006,13.42
14/07/2006,12.41
17/07/2006,12.24
18/07/2006,11.64
19/07/2006,12.22
20/07/2006,12.19
21/07/2006,12.4
24/07/2006,12.4
25/07/2006,12.31
26/07/2006,12.18
27/07/2006,12.28
28/07/2006,12.22
31/07/2006,12.31
01/08/2006,11.96
02/08/2006,12.63
03/08/2006,13.74
04/08/2006,13.88
07/08/2006,13.16
08/08/2006,12.99
09/08/2006,11.92
10/08/2006,11.18
11/08/2006,11.55
14/08/2006,11.76
15/08/2006,11.78
16/08/2006,11.98
17/08/2006,11.39
18/08/2006,12.25
21/08/2006,12.59
22/08/2006,12.12
23/08/2006,11.53
24/08/2006,11.58
25/08/2006,11.72
28/08/2006,11.98
29/08/2006,12.57
30/08/2006,12.24
31/08/2006,11.86
01/09/2006,11.98
04/09/2006,11.56
05/09/2006,11.68
06/09/2006,11.52
07/09/2006,11.62
08/09/2006,11.09
11/09/2006,10.75
12/09/2006,11.09
13/09/2006,11.73
14/09/2006,11.34
15/09/2006,10.9
18/09/2006,10.63
19/09/2006,11.08
20/09/2006,10.78
21/09/2006,10.66
22/09/2006,10.56
25/09/2006,10.8
26/09/2006,11.2
27/09/2006,11.1
28/09/2006,11.51
29/09/2006,11.42
02/10/2006,11.16
03/10/2006,11.16
04/10/2006,11.09
05/10/2006,10.75
06/10/2006,11.01
09/10/2006,10.79
10/10/2006,10.86
11/10/2006,10.5
12/10/2006,10.31
13/10/2006,10.16
16/10/2006,10.05
17/10/2006,9.97
18/10/2006,9.9
19/10/2006,10.14
20/10/2006,10.73
23/10/2006,12.3
24/10/2006,11.62
25/10/2006,10.83
26/10/2006,10.91
27/10/2006,11.66
30/10/2006,11.23
31/10/2006,11.27
01/11/2006,11.33
02/11/2006,12.67
03/11/2006,12.07
06/11/2006,10.71
07/11/2006,10.65
08/11/2006,10.18
09/11/2006,9.97
10/11/2006,10.05
13/11/2006,10.6
14/11/2006,10.3
15/11/2006,10.26
16/11/2006,10.53
17/11/2006,11.36
20/11/2006,11.26
21/11/2006,10.64
22/11/2006,10.99
23/11/2006,11.56
24/11/2006,12.04
27/11/2006,11.51
28/11/2006,12.14
29/11/2006,12
30/11/2006,11.91
01/12/2006,11.47
04/12/2006,10.87
05/12/2006,10.15
06/12/2006,10.74
07/12/2006,10.59
08/12/2006,10.85
11/12/2006,10.4
12/12/2006,10.77
13/12/2006,10.34
14/12/2006,9.89
15/12/2006,11.22
18/12/2006,11.13
19/12/2006,11.45
20/12/2006,10.96
21/12/2006,10.42
22/12/2006,10.31
25/12/2006,10.08
26/12/2006,10.55
27/12/2006,10.65
28/12/2006,10.32
29/12/2006,10.44
01/01/2007,11.1
02/01/2007,11.61
03/01/2007,10.34
04/01/2007,10.23
05/01/2007,10.22
08/01/2007,10.02
09/01/2007,10.24
10/01/2007,10.2
11/01/2007,10.18
12/01/2007,10.58
15/01/2007,11.15
16/01/2007,18.31
17/01/2007,15.42
18/01/2007,15.82
19/01/2007,18.61
22/01/2007,19.63
23/01/2007,15.96
24/01/2007,15.24
25/01/2007,14.29
26/01/2007,14.09
29/01/2007,13.99
30/01/2007,18.13
31/01/2007,17.27
01/02/2007,16.43
02/02/2007,16.79
05/02/2007,14.59
06/02/2007,13.27
07/02/2007,12.19
08/02/2007,12.93
09/02/2007,12.95
12/02/2007,13.16
13/02/2007,13.48
14/02/2007,14.98
15/02/2007,15.14
16/02/2007,14.64
19/02/2007,14.53
20/02/2007,13.46
21/02/2007,13.24
22/02/2007,13.23
23/02/2007,13.14
26/02/2007,12.68
27/02/2007,13.49
28/02/2007,12.71
01/03/2007,12.2
02/03/2007,11.98
05/03/2007,12.14
06/03/2007,12.42
07/03/2007,12.54
08/03/2007,12.07
09/03/2007,13.04
12/03/2007,13.12
13/03/2007,13.21
14/03/2007,12.79
15/03/2007,12.45
16/03/2007,14.22
19/03/2007,13.51
20/03/2007,13.08
21/03/2007,13.09
22/03/2007,12.91
23/03/2007,13.15
26/03/2007,13.21
27/03/2007,12.88
28/03/2007,13.6
29/03/2007,12.95
30/03/2007,13.96
02/04/2007,14.01
03/04/2007,13.5
04/04/2007,13.51
05/04/2007,12.76
06/04/2007,13.3
09/04/2007,13.06
10/04/2007,13.24
11/04/2007,14.08
12/04/2007,13.34
13/04/2007,13.53
16/04/2007,12.83
17/04/2007,13.05
18/04/2007,12.78
19/04/2007,13.29
20/04/2007,13.63
23/04/2007,14.87
24/04/2007,17.06
25/04/2007,14.84
26/04/2007,14.71
27/04/2007,16.67
30/04/2007,14.73
01/05/2007,13.64
02/05/2007,13.94
03/05/2007,13.42
04/05/2007,12.85
07/05/2007,14.67
08/05/2007,14.21
09/05/2007,15.75
10/05/2007,16.65
11/05/2007,18.89
14/05/2007,15.53
15/05/2007,15.54
16/05/2007,16.23
17/05/2007,15.4
18/05/2007,14.92
21/05/2007,15.48
22/05/2007,14.72
23/05/2007,15.16
24/05/2007,17.57
25/05/2007,16.64
28/05/2007,15.54
29/05/2007,15.15
30/05/2007,15.59
31/05/2007,15.63
01/06/2007,16
04/06/2007,15.23
05/06/2007,16.95
06/06/2007,16.81
07/06/2007,18.55
08/06/2007,18.1
11/06/2007,20.74
12/06/2007,24.17
13/06/2007,20.87
14/06/2007,23.52
15/06/2007,23.67
18/06/2007,21.22
19/06/2007,25.16
20/06/2007,22.94
21/06/2007,21.56
22/06/2007,21.45
25/06/2007,26.48
26/06/2007,28.3
27/06/2007,26.57
28/06/2007,27.68
29/06/2007,30.67
02/07/2007,30.83
03/07/2007,29.99
04/07/2007,26.33
05/07/2007,25.25
06/07/2007,22.89
09/07/2007,22.62
10/07/2007,20.72
11/07/2007,22.72
12/07/2007,26.3
13/07/2007,23.81
16/07/2007,25.06
17/07/2007,23.38
18/07/2007,22.78
19/07/2007,24.58
20/07/2007,23.99
23/07/2007,26.23
24/07/2007,27.38
25/07/2007,25.27
26/07/2007,24.96
27/07/2007,24.76
30/07/2007,24.92
31/07/2007,26.48
01/08/2007,20.35
02/08/2007,20.03
03/08/2007,20.45
06/08/2007,19
07/08/2007,19.37
08/08/2007,18.6
09/08/2007,17.63
10/08/2007,17
13/08/2007,18
14/08/2007,17.84
15/08/2007,18.49
16/08/2007,18.8
17/08/2007,18.44
20/08/2007,16.91
21/08/2007,17.46
22/08/2007,16.12
23/08/2007,16.67
24/08/2007,18.88
27/08/2007,17.73
28/08/2007,19.25
29/08/2007,20.02
30/08/2007,18.54
31/08/2007,18.5
03/09/2007,22.96
04/09/2007,21.64
05/09/2007,20.41
06/09/2007,20.8
07/09/2007,21.17
10/09/2007,19.56
11/09/2007,19.87
12/09/2007,21.07
13/09/2007,18.53
14/09/2007,23.21
17/09/2007,23.01
18/09/2007,24.31
19/09/2007,21.39
20/09/2007,26.49
21/09/2007,26.16
24/09/2007,28.5
25/09/2007,31.09
26/09/2007,24.1
27/09/2007,25.94
28/09/2007,28.06
01/10/2007,25.49
02/10/2007,26.01
03/10/2007,24.88
04/10/2007,26.84
05/10/2007,25.61
08/10/2007,28.91
09/10/2007,26.28
10/10/2007,24.11
11/10/2007,23.97
12/10/2007,22.87
15/10/2007,23.61
16/10/2007,23.79
17/10/2007,22.53
18/10/2007,20.96
19/10/2007,20.85
22/10/2007,20.74
23/10/2007,23.59
24/10/2007,22.47
25/10/2007,22.56
26/10/2007,23.27
29/10/2007,24.52
30/10/2007,22.64
31/10/2007,21.68
01/11/2007,20.58
02/11/2007,18.47
05/11/2007,18.6
06/11/2007,18.66
07/11/2007,20.26
08/11/2007,20.74
09/11/2007,22.5
12/11/2007,23.17
13/11/2007,22.49
14/11/2007,23.94
15/11/2007,23.79
16/11/2007,25.43
19/11/2007,24.12
20/11/2007,23.45
21/11/2007,23.68
22/11/2007,22.9
23/11/2007,23.34
26/11/2007,24.38
27/11/2007,28.46
28/11/2007,27.18
29/11/2007,31.01
30/11/2007,29.02
03/12/2007,27.78
04/12/2007,29.08
05/12/2007,27.78
06/12/2007,27.32
07/12/2007,27.62
10/12/2007,26.2
11/12/2007,24.02
12/12/2007,25.99
13/12/2007,28.24
14/12/2007,28.97
17/12/2007,27.66
18/12/2007,28.01
19/12/2007,27.6
20/12/2007,26.33
21/12/2007,24.88
24/12/2007,25.54
25/12/2007,25.02
26/12/2007,25.59
27/12/2007,24.4
28/12/2007,25.12
31/12/2007,24.06
01/01/2008,23.03
02/01/2008,21.9
03/01/2008,22.69
04/01/2008,23.53
07/01/2008,26.54
08/01/2008,26.28
09/01/2008,25.52
10/01/2008,24.6
11/01/2008,27.55
14/01/2008,27.49
15/01/2008,29.38
16/01/2008,26.36
17/01/2008,27.22
18/01/2008,27.29
21/01/2008,31.16
22/01/2008,32.24
23/01/2008,25.79
24/01/2008,29.84
25/01/2008,26.62
28/01/2008,25.73
29/01/2008,25.72
30/01/2008,26.08
31/01/2008,25.88
01/02/2008,25.71
04/02/2008,25.61
05/02/2008,22.68
06/02/2008,23.43
07/02/2008,23.21
08/02/2008,22.45
11/02/2008,22.42
12/02/2008,22.36
13/02/2008,22.81
14/02/2008,21.98
15/02/2008,23.46
18/02/2008,23.82
19/02/2008,22.78
20/02/2008,20.53
21/02/2008,20.37
22/02/2008,20.13
25/02/2008,20.5
26/02/2008,20.87
27/02/2008,20.26
28/02/2008,20.06
29/02/2008,19.59
03/03/2008,19.64
04/03/2008,20.24
05/03/2008,20.79
06/03/2008,18.88
07/03/2008,18.18
10/03/2008,18.9
11/03/2008,18.21
12/03/2008,19.73
13/03/2008,19.4
14/03/2008,19.41
17/03/2008,17.79
18/03/2008,17.98
19/03/2008,17.66
20/03/2008,16.3
21/03/2008,16.47
24/03/2008,17.01
25/03/2008,17.58
26/03/2008,18.59
27/03/2008,18.05
28/03/2008,19.55
31/03/2008,19.64
01/04/2008,19.07
02/04/2008,18.14
03/04/2008,17.83
04/04/2008,19.83
07/04/2008,20.24
08/04/2008,20.8
09/04/2008,18.63
10/04/2008,23.56
11/04/2008,23.12
14/04/2008,23.18
15/04/2008,24.12
16/04/2008,23.33
17/04/2008,21.22
18/04/2008,20.95
21/04/2008,21.13
22/04/2008,22.24
23/04/2008,21.58
24/04/2008,22.87
25/04/2008,22.64
28/04/2008,22.42
29/04/2008,21.14
30/04/2008,23.93
01/05/2008,23.44
02/05/2008,23.95
05/05/2008,23.65
06/05/2008,25.92
07/05/2008,24.78
08/05/2008,25.78
09/05/2008,23.15
12/05/2008,25.23
13/05/2008,25.59
14/05/2008,27.49
15/05/2008,28.48
16/05/2008,28.54
19/05/2008,25.1
20/05/2008,25.01
21/05/2008,24.05
22/05/2008,23.05
23/05/2008,21.18
26/05/2008,21.31
27/05/2008,23.44
28/05/2008,22.91
29/05/2008,24.23
30/05/2008,22.03
02/06/2008,21.21
03/06/2008,22.94
04/06/2008,22.57
05/06/2008,23.49
06/06/2008,21.14
09/06/2008,20.23
10/06/2008,21.15
11/06/2008,20.66
12/06/2008,20.12
13/06/2008,21.17
16/06/2008,21.55
17/06/2008,20.34
18/06/2008,19.58
19/06/2008,20.98
20/06/2008,21.28
23/06/2008,20.42
24/06/2008,19.82
25/06/2008,18.81
26/06/2008,20.97
27/06/2008,20.49
30/06/2008,19.76
01/07/2008,19.43
02/07/2008,20.65
03/07/2008,21.99
04/07/2008,21.43
07/07/2008,24.03
08/07/2008,23.06
09/07/2008,22.64
10/07/2008,25.47
11/07/2008,24.52
14/07/2008,24.39
15/07/2008,25.66
16/07/2008,31.7
17/07/2008,30.3
18/07/2008,36.22
21/07/2008,33.1
22/07/2008,32.07
23/07/2008,33.85
24/07/2008,35.72
25/07/2008,35.19
28/07/2008,32.82
29/07/2008,34.74
30/07/2008,46.72
31/07/2008,39.39
01/08/2008,39.81
04/08/2008,45.26
05/08/2008,45.14
06/08/2008,52.05
07/08/2008,53.68
08/08/2008,57.53
11/08/2008,63.92
12/08/2008,69.95
13/08/2008,54.99
14/08/2008,55.13
15/08/2008,69.25
18/08/2008,67.61
19/08/2008,70.33
20/08/2008,52.97
21/08/2008,53.11
22/08/2008,69.65
25/08/2008,67.8
26/08/2008,79.13
27/08/2008,80.06
28/08/2008,66.96
29/08/2008,69.96
01/09/2008,62.9
02/09/2008,59.89
03/09/2008,53.68
04/09/2008,47.73
05/09/2008,54.56
08/09/2008,63.68
09/09/2008,56.1
10/09/2008,59.98
11/09/2008,61.44
12/09/2008,66.46
15/09/2008,59.83
16/09/2008,66.31
17/09/2008,69.15
18/09/2008,67.64
19/09/2008,74.26
22/09/2008,80.86
23/09/2008,72.67
24/09/2008,64.7
25/09/2008,60.9
26/09/2008,54.92
29/09/2008,55.28
30/09/2008,68.51
01/10/2008,62.98
02/10/2008,60.72
03/10/2008,63.64
06/10/2008,59.93
07/10/2008,58.49
08/10/2008,58.91
09/10/2008,55.73
10/10/2008,55.78
13/10/2008,54.28
14/10/2008,56.76
15/10/2008,52.37
16/10/2008,49.84
17/10/2008,47.34
20/10/2008,44.93
21/10/2008,44.56
22/10/2008,45.02
23/10/2008,44.21
24/10/2008,43.38
27/10/2008,43.9
28/10/2008,41.63
29/10/2008,40
30/10/2008,39.19
31/10/2008,39.08
03/11/2008,38.56
04/11/2008,43.39
05/11/2008,42.56
06/11/2008,42.82
07/11/2008,45.84
10/11/2008,43.27
11/11/2008,49.14
12/11/2008,51
13/11/2008,46.11
14/11/2008,56.65
17/11/2008,46.42
18/11/2008,47.29
19/11/2008,47.27
20/11/2008,45.69
21/11/2008,42.25
24/11/2008,39.66
25/11/2008,42.63
26/11/2008,44.84
27/11/2008,45.52
28/11/2008,43.06
01/12/2008,43.85
02/12/2008,43.73
03/12/2008,43.37
04/12/2008,43.64
05/12/2008,46.67
08/12/2008,44.53
09/12/2008,41.25
10/12/2008,42.93
11/12/2008,48.66
12/12/2008,48.46
15/12/2008,47.08
16/12/2008,49.3
17/12/2008,52.62
18/12/2008,45.49
19/12/2008,44.67
22/12/2008,44.66
23/12/2008,46.35
24/12/2008,52.65
25/12/2008,50.93
26/12/2008,47.56
29/12/2008,50.17
30/12/2008,49.33
31/12/2008,49.68
01/01/2009,44.37
02/01/2009,43.61
05/01/2009,41.18
06/01/2009,42.36
07/01/2009,43.74
08/01/2009,40.8
09/01/2009,40.06
12/01/2009,43.68
13/01/2009,45.89
14/01/2009,43.23
15/01/2009,42.93
16/01/2009,42.25
19/01/2009,40.36
20/01/2009,41.04
21/01/2009,45.54
22/01/2009,44.14
23/01/2009,42.28
26/01/2009,42.04
27/01/2009,39.7
28/01/2009,40.93
29/01/2009,40.39
30/01/2009,38.85
02/02/2009,36.53
03/02/2009,37.81
04/02/2009,37.67
05/02/2009,36.17
06/02/2009,35.79
09/02/2009,33.94
10/02/2009,39.18
11/02/2009,37.14
12/02/2009,38.1
13/02/2009,37.15
16/02/2009,36.82
17/02/2009,38.32
18/02/2009,37.95
19/02/2009,36.08
20/02/2009,36.5
23/02/2009,35.3
24/02/2009,34.53
25/02/2009,33.36
26/02/2009,32.45
27/02/2009,33.44
02/03/2009,32.05
03/03/2009,32.87
04/03/2009,31.8
05/03/2009,33.65
06/03/2009,31.37
09/03/2009,33.12
10/03/2009,30.24
11/03/2009,28.8
12/03/2009,29.03
13/03/2009,31.35
16/03/2009,32.63
17/03/2009,30.62
18/03/2009,32.36
19/03/2009,31.67
20/03/2009,28.92
23/03/2009,30.04
24/03/2009,29.63
25/03/2009,31.02
26/03/2009,30.18
27/03/2009,29.62
30/03/2009,29.77
31/03/2009,28.27
01/04/2009,28.46
02/04/2009,28.11
03/04/2009,28.15
06/04/2009,30.81
07/04/2009,32.68
08/04/2009,31.54
09/04/2009,30.03
10/04/2009,27.99
13/04/2009,31.17
14/04/2009,30.58
15/04/2009,29.05
16/04/2009,26.36
17/04/2009,25.93
20/04/2009,25.35
21/04/2009,26.35
22/04/2009,26.22
23/04/2009,27.95
24/04/2009,29
27/04/2009,30.85
28/04/2009,31.3
29/04/2009,29.78
30/04/2009,29.02
01/05/2009,26.31
04/05/2009,25.02
05/05/2009,25.89
06/05/2009,25.42
07/05/2009,24.34
08/05/2009,24.4
11/05/2009,23.87
12/05/2009,23.47
13/05/2009,23.43
14/05/2009,23.09
15/05/2009,24.28
18/05/2009,25.01
19/05/2009,25.61
20/05/2009,25.4
21/05/2009,25.92
22/05/2009,25.56
25/05/2009,24.89
26/05/2009,24.9
27/05/2009,25.67
28/05/2009,24.76
29/05/2009,24.99
01/06/2009,25.99
02/06/2009,25.45
03/06/2009,24.71
04/06/2009,24.27
05/06/2009,27.89
08/06/2009,26.18
09/06/2009,26.26
10/06/2009,25.09
11/06/2009,25.01
12/06/2009,25.14
15/06/2009,24.92
16/06/2009,24.95
17/06/2009,24.68
18/06/2009,24.76
19/06/2009,26.01
22/06/2009,29.15
23/06/2009,28.9
24/06/2009,27.1
25/06/2009,25.26
26/06/2009,25.62
29/06/2009,24.32
30/06/2009,23.55
01/07/2009,24.15
02/07/2009,23.86
03/07/2009,23.42
06/07/2009,23.69
07/07/2009,23.65
08/07/2009,23.92
09/07/2009,24.06
10/07/2009,23.08
13/07/2009,23.49
14/07/2009,24.95
15/07/2009,25.61
16/07/2009,24.88
17/07/2009,25.19
20/07/2009,25.61
21/07/2009,28.27
22/07/2009,28.68
23/07/2009,26.84
24/07/2009,25.7
27/07/2009,24.68
28/07/2009,24.18
29/07/2009,23.12
30/07/2009,23.01
31/07/2009,22.99
03/08/2009,22.86
04/08/2009,21.72
05/08/2009,21.43
06/08/2009,21.49
07/08/2009,20.9
10/08/2009,22.22
11/08/2009,20.69
12/08/2009,22.27
13/08/2009,24.31
14/08/2009,24.83
17/08/2009,27.91
18/08/2009,24.76
19/08/2009,30.69
20/08/2009,29.78
21/08/2009,28.81
24/08/2009,27.72
25/08/2009,25.43
26/08/2009,24.19
27/08/2009,23.15
28/08/2009,22.84
31/08/2009,23.04
01/09/2009,24.24
02/09/2009,23.36
03/09/2009,22.89
04/09/2009,22.41
07/09/2009,21.63
08/09/2009,22.63
09/09/2009,22.19
10/09/2009,21.16
11/09/2009,20.47
14/09/2009,20.48
15/09/2009,24.74
16/09/2009,24.51
17/09/2009,21.92
18/09/2009,21.12
21/09/2009,22.46
22/09/2009,21.25
23/09/2009,22.1
24/09/2009,23.69
25/09/2009,22.66
28/09/2009,22.32
29/09/2009,21.59
30/09/2009,21.15
01/10/2009,21.49
02/10/2009,20.54
05/10/2009,22.51
06/10/2009,21.68
07/10/2009,20.49
08/10/2009,19.54
09/10/2009,19.71
12/10/2009,19.47
13/10/2009,19.93
14/10/2009,20.01
15/10/2009,19.96
16/10/2009,21.68
19/10/2009,20.04
20/10/2009,19.35
21/10/2009,19.16
22/10/2009,19.06
23/10/2009,18.13
26/10/2009,17.55
27/10/2009,18.25
28/10/2009,17.85
29/10/2009,17.63
30/10/2009,17.91
02/11/2009,17.58
03/11/2009,18.68
04/11/2009,22.27
05/11/2009,27.31
06/11/2009,25.41
09/11/2009,24.55
10/11/2009,23.14
11/11/2009,23.73
12/11/2009,24.62
13/11/2009,22.59
16/11/2009,21.48
17/11/2009,21.6
18/11/2009,26.08
19/11/2009,26.11
20/11/2009,26.51
23/11/2009,26
24/11/2009,25.4
25/11/2009,23.96
26/11/2009,22.73
27/11/2009,22.25
30/11/2009,21.72
01/12/2009,20.63
02/12/2009,20.02
03/12/2009,19.94
04/12/2009,21.37
07/12/2009,20.27
08/12/2009,20.1
09/12/2009,19.5
10/12/2009,19.26
11/12/2009,19.06
14/12/2009,18.83
15/12/2009,18.72
16/12/2009,17.42
17/12/2009,17.79
18/12/2009,17.92
21/12/2009,18.57
22/12/2009,18.06
23/12/2009,17.58
24/12/2009,18
25/12/2009,17.69
28/12/2009,16.91
29/12/2009,16.62
30/12/2009,16.97
31/12/2009,16.87
01/01/2010,16.35
04/01/2010,17.55
05/01/2010,18.4
06/01/2010,17.77
07/01/2010,17.59
08/01/2010,17.13
11/01/2010,17.59
12/01/2010,17.47
13/01/2010,17.02
14/01/2010,16.23
15/01/2010,16.62
18/01/2010,16.48
19/01/2010,16.14
20/01/2010,15.58
21/01/2010,16.2
22/01/2010,15.59
25/01/2010,15.89
26/01/2010,18.36
27/01/2010,17.34
28/01/2010,15.73
29/01/2010,16.32
01/02/2010,16.47
02/02/2010,16.62
03/02/2010,17.47
04/02/2010,22.81
05/02/2010,21.08
08/02/2010,18.44
09/02/2010,22.05
10/02/2010,20.19
11/02/2010,23.84
12/02/2010,24.91
15/02/2010,32.8
16/02/2010,40.95
17/02/2010,28.84
18/02/2010,28.32
19/02/2010,25.52
22/02/2010,26.68
23/02/2010,31.24
24/02/2010,30.84
25/02/2010,33.55
26/02/2010,35.32
01/03/2010,45.79
02/03/2010,40.1
03/03/2010,38.32
04/03/2010,34.61
05/03/2010,35.02
08/03/2010,29.68
09/03/2010,32.07
10/03/2010,35.54
11/03/2010,30.17
12/03/2010,29.46
15/03/2010,35.48
16/03/2010,36.57
17/03/2010,33.7
18/03/2010,33.73
19/03/2010,30.57
22/03/2010,28.79
23/03/2010,28.58
24/03/2010,25.87
25/03/2010,25.92
26/03/2010,25.05
29/03/2010,23.95
30/03/2010,24.88
31/03/2010,27.05
01/04/2010,26.91
02/04/2010,29.74
05/04/2010,28.53
06/04/2010,29
07/04/2010,34.13
08/04/2010,34.54
09/04/2010,32.86
12/04/2010,30.12
13/04/2010,29.65
14/04/2010,26.84
15/04/2010,25.71
16/04/2010,24.98
19/04/2010,24.43
20/04/2010,24.56
21/04/2010,24.89
22/04/2010,25.14
23/04/2010,26.25
26/04/2010,25.97
27/04/2010,23.93
28/04/2010,25.64
29/04/2010,24.63
30/04/2010,23.47
03/05/2010,22.73
04/05/2010,23.19
05/05/2010,24.25
06/05/2010,24.13
07/05/2010,23.5
10/05/2010,22.01
11/05/2010,22.63
12/05/2010,22.21
13/05/2010,22.1
14/05/2010,21.74
17/05/2010,22.14
18/05/2010,22.37
19/05/2010,25.39
20/05/2010,25.73
21/05/2010,26.24
24/05/2010,26.1
25/05/2010,24.33
26/05/2010,24.59
27/05/2010,26.44
28/05/2010,25.49
31/05/2010,25.66
01/06/2010,27.46
02/06/2010,26.7
03/06/2010,27.37
04/06/2010,24.45
07/06/2010,27.21
08/06/2010,26.05
09/06/2010,23.89
10/06/2010,23.19
11/06/2010,21.31
14/06/2010,23.8
15/06/2010,23.25
16/06/2010,22.81
17/06/2010,21.99
18/06/2010,21.21
21/06/2010,21.56
22/06/2010,22.1
23/06/2010,21.72
24/06/2010,22.01
25/06/2010,21.5
28/06/2010,22.35
29/06/2010,22.51
30/06/2010,23.87
01/07/2010,21.71
02/07/2010,22.54
05/07/2010,22.6
06/07/2010,23.25
07/07/2010,23.7
08/07/2010,22.5
09/07/2010,23.53
12/07/2010,21.76
13/07/2010,21.49
14/07/2010,21.56
15/07/2010,20.71
16/07/2010,18.96
19/07/2010,18.93
20/07/2010,19.07
21/07/2010,19.88
22/07/2010,19.03
23/07/2010,19.09
26/07/2010,20.63
27/07/2010,19.79
28/07/2010,19.27
29/07/2010,18.78
30/07/2010,19.85
02/08/2010,20.22
03/08/2010,20.71
04/08/2010,20.88
05/08/2010,21.2
06/08/2010,21.83
09/08/2010,21.57
10/08/2010,19.56
11/08/2010,18.52
12/08/2010,18.26
13/08/2010,18.29
16/08/2010,19.08
17/08/2010,18.47
18/08/2010,18.64
19/08/2010,20.61
20/08/2010,20.2
23/08/2010,22.58
24/08/2010,21.76
25/08/2010,18.75
26/08/2010,18.04
27/08/2010,18.37
30/08/2010,20.63
31/08/2010,19.56
01/09/2010,22.22
02/09/2010,21.53
03/09/2010,23.54
06/09/2010,21.36
07/09/2010,19.39
08/09/2010,18.01
09/09/2010,18.02
10/09/2010,17.99
13/09/2010,17.74
14/09/2010,17.25
15/09/2010,17.61
16/09/2010,17.55
17/09/2010,17.61
20/09/2010,17.94
21/09/2010,17.39
22/09/2010,16.11
23/09/2010,16.41
24/09/2010,16.49
27/09/2010,15.45
28/09/2010,16.47
29/09/2010,17.67
30/09/2010,17.52
01/10/2010,17.28
04/10/2010,17.52
05/10/2010,17.75
06/10/2010,17.61
07/10/2010,17.38
08/10/2010,17.02
11/10/2010,17.4
12/10/2010,17.14
13/10/2010,17.54
14/10/2010,16.89
15/10/2010,16.24
18/10/2010,16.39
19/10/2010,15.46
20/10/2010,15.87
21/10/2010,17.31
22/10/2010,17.99
25/10/2010,18.47
26/10/2010,17.65
27/10/2010,17.59
28/10/2010,16.64
29/10/2010,16.15
01/11/2010,20.04
02/11/2010,19.53
03/11/2010,17.63
04/11/2010,17.3
05/11/2010,16.69
08/11/2010,15.93
09/11/2010,16.28
10/11/2010,15.81
11/11/2010,15.87
12/11/2010,16.09
15/11/2010,15.69
16/11/2010,15.95
17/11/2010,16.37
18/11/2010,16.72
19/11/2010,16.59
22/11/2010,16.43
23/11/2010,20.8
24/11/2010,22.13
25/11/2010,21.32
26/11/2010,19.22
29/11/2010,18.35
30/11/2010,21.01
01/12/2010,20.7
02/12/2010,18.6
03/12/2010,19.06
06/12/2010,20.66
07/12/2010,19.82
08/12/2010,20.22
09/12/2010,21.88
10/12/2010,20.08
13/12/2010,21.13
14/12/2010,24.32
15/12/2010,29.4
16/12/2010,26.37
17/12/2010,24.44
20/12/2010,20.61
21/12/2010,20.21
22/12/2010,19.17
23/12/2010,18
24/12/2010,17.91
27/12/2010,19.44
28/12/2010,18.16
29/12/2010,17.71
30/12/2010,17.74
31/12/2010,17.4
03/01/2011,17.5
04/01/2011,17.25
05/01/2011,16.9
06/01/2011,17.11
07/01/2011,17.87
10/01/2011,16.59
11/01/2011,17.09
12/01/2011,16.92
13/01/2011,16.27
14/01/2011,15.32
17/01/2011,16.96
18/01/2011,15.83
19/01/2011,15.07
20/01/2011,14.69
21/01/2011,15.77
24/01/2011,15.62
25/01/2011,15.35
26/01/2011,14.62
27/01/2011,14.75
28/01/2011,15.99
31/01/2011,16.7
01/02/2011,17.08
02/02/2011,18.2
03/02/2011,18.4
04/02/2011,17.16
07/02/2011,15.91
08/02/2011,16.95
09/02/2011,16.03
10/02/2011,17.07
11/02/2011,18.24
14/02/2011,17.55
15/02/2011,16.23
16/02/2011,15.52
17/02/2011,17.43
18/02/2011,18.27
21/02/2011,17.82
22/02/2011,17.07
23/02/2011,16.09
24/02/2011,15.98
25/02/2011,15.45
28/02/2011,18.3
01/03/2011,18.09
02/03/2011,17.95
03/03/2011,18.49
04/03/2011,18.07
07/03/2011,18.79
08/03/2011,17.77
09/03/2011,18.86
10/03/2011,19.61
11/03/2011,18.26
14/03/2011,21.32
15/03/2011,22.73
16/03/2011,21.85
17/03/2011,19.99
18/03/2011,18.86
21/03/2011,18.52
22/03/2011,19.29
23/03/2011,21.1
24/03/2011,20.56
25/03/2011,19.17
28/03/2011,17.27
29/03/2011,16.52
30/03/2011,15.87
31/03/2011,16.06
01/04/2011,16.34
04/04/2011,15.95
05/04/2011,15.95
06/04/2011,18.39
07/04/2011,19.87
08/04/2011,19.91
11/04/2011,20.8
12/04/2011,19.53
13/04/2011,20.95
14/04/2011,19.21
15/04/2011,19.09
18/04/2011,17.56
19/04/2011,17.52
20/04/2011,19.35
21/04/2011,20.23
22/04/2011,22.98
25/04/2011,23.74
26/04/2011,25.25
27/04/2011,23.66
28/04/2011,24.79
29/04/2011,23.38
02/05/2011,31.66
03/05/2011,32
04/05/2011,48
05/05/2011,35.06
06/05/2011,42.99
09/05/2011,39
10/05/2011,36.36
11/05/2011,31.87
12/05/2011,32.85
13/05/2011,31.58
16/05/2011,42.67
17/05/2011,43.05
18/05/2011,42.44
19/05/2011,36.27
20/05/2011,35.9
23/05/2011,39.76
24/05/2011,35.59
25/05/2011,32.28
26/05/2011,32.89
27/05/2011,31.62
30/05/2011,31.82
31/05/2011,33.92
01/06/2011,37
02/06/2011,33.38
03/06/2011,34.32
06/06/2011,38.52
07/06/2011,38.59
08/06/2011,36.91
09/06/2011,34.6
10/06/2011,31.97
13/06/2011,30.98
14/06/2011,32.73
15/06/2011,32.86
16/06/2011,37.32
17/06/2011,41.35
20/06/2011,41.25
21/06/2011,39.02
22/06/2011,37.71
23/06/2011,41.08
24/06/2011,38.84
27/06/2011,42.96
28/06/2011,45.45
29/06/2011,40.82
30/06/2011,37.81
01/07/2011,36.27
04/07/2011,36.2
05/07/2011,33.02
06/07/2011,32.86
07/07/2011,31.26
08/07/2011,30.7
11/07/2011,28.24
12/07/2011,33.39
13/07/2011,31.56
14/07/2011,34.44
15/07/2011,34.78
18/07/2011,31.32
19/07/2011,29.26
20/07/2011,32.22
21/07/2011,29.86
22/07/2011,25.46
25/07/2011,24.53
26/07/2011,29.96
27/07/2011,34.77
28/07/2011,32.74
29/07/2011,30.5
01/08/2011,30.16
02/08/2011,29.85
03/08/2011,27.48
04/08/2011,36.16
05/08/2011,32.81
08/08/2011,30.04
09/08/2011,31.13
10/08/2011,31.22
11/08/2011,33.51
12/08/2011,34.51
15/08/2011,32
16/08/2011,32.91
17/08/2011,31.97
18/08/2011,33.98
19/08/2011,34.47
22/08/2011,32.13
23/08/2011,30.64
24/08/2011,27.8
25/08/2011,27.41
26/08/2011,27.52
29/08/2011,27.84
30/08/2011,28.13
31/08/2011,28.67
01/09/2011,30.59
02/09/2011,26.38
05/09/2011,25.67
06/09/2011,25.41
07/09/2011,26.04
08/09/2011,25.11
09/09/2011,24.29
12/09/2011,24.92
13/09/2011,23.22
14/09/2011,21.43
15/09/2011,21.16
16/09/2011,20.73
19/09/2011,21.91
20/09/2011,23.52
21/09/2011,22.65
22/09/2011,23.4
23/09/2011,22.97
26/09/2011,22.22
27/09/2011,21.48
28/09/2011,20.63
29/09/2011,21.07
30/09/2011,20.69
03/10/2011,21.05
04/10/2011,20.47
05/10/2011,20.91
06/10/2011,22.2
07/10/2011,20.89
10/10/2011,19.87
11/10/2011,18.28
12/10/2011,18.67
13/10/2011,18.91
14/10/2011,18.31
17/10/2011,18.57
18/10/2011,18.53
19/10/2011,19.4
20/10/2011,19.44
21/10/2011,18.55
24/10/2011,17.98
25/10/2011,17.1
26/10/2011,17.76
27/10/2011,17.65
28/10/2011,18.16
31/10/2011,18.63
01/11/2011,20.79
02/11/2011,19.04
03/11/2011,19.54
04/11/2011,21.14
07/11/2011,19.22
08/11/2011,17.78
09/11/2011,18.19
10/11/2011,18.19
11/11/2011,16.8
14/11/2011,17.31
15/11/2011,18.19
16/11/2011,17.96
17/11/2011,18.43
18/11/2011,17.26
21/11/2011,17.29
22/11/2011,18.05
23/11/2011,20.87
24/11/2011,19.07
25/11/2011,17.95
28/11/2011,17.11
29/11/2011,15.64
30/11/2011,14.8
01/12/2011,15.31
02/12/2011,15.42
05/12/2011,14.47
06/12/2011,15.04
07/12/2011,15.58
08/12/2011,15.13
09/12/2011,15.57
12/12/2011,14.82
13/12/2011,14.26
14/12/2011,15.59
15/12/2011,15.47
16/12/2011,15.48
19/12/2011,15.5
20/12/2011,15.64
21/12/2011,15.66
22/12/2011,16.44
23/12/2011,16.7
26/12/2011,18.81
27/12/2011,20.39
28/12/2011,20.02
29/12/2011,17.2
30/12/2011,19.55
02/01/2012,19.55
03/01/2012,18.46
04/01/2012,18.64
05/01/2012,18.36
06/01/2012,17.44
09/01/2012,18.97
10/01/2012,18.1
11/01/2012,16.82
12/01/2012,16.24
13/01/2012,16.32
16/01/2012,17.15
17/01/2012,16.6
18/01/2012,16.88
19/01/2012,17.56
20/01/2012,19.16
23/01/2012,18.94
24/01/2012,19.05
25/01/2012,20.08
26/01/2012,18.83
27/01/2012,19.89
30/01/2012,21.87
31/01/2012,21.97
01/02/2012,22.27
02/02/2012,24.49
03/02/2012,25.1
06/02/2012,22.01
07/02/2012,22.48
08/02/2012,22.33
09/02/2012,21.54
10/02/2012,21.76
13/02/2012,21.03
14/02/2012,24.14
15/02/2012,24.06
16/02/2012,26.66
17/02/2012,26.12
20/02/2012,24.68
21/02/2012,22.16
22/02/2012,21.72
23/02/2012,21.23
24/02/2012,23.56
27/02/2012,22.09
28/02/2012,24.27
29/02/2012,21.68
01/03/2012,21.11
02/03/2012,18.32
05/03/2012,18.38
06/03/2012,17.24
07/03/2012,20.08
08/03/2012,18.11
09/03/2012,20.38
12/03/2012,19.72
13/03/2012,19.45
14/03/2012,19.71
15/03/2012,17.08
16/03/2012,16.8
19/03/2012,16.66
20/03/2012,17.5
21/03/2012,17.1
22/03/2012,17.98
23/03/2012,18.72
26/03/2012,17.95
27/03/2012,18.33
28/03/2012,16.74
29/03/2012,17.11
30/03/2012,16.48
02/04/2012,16.16
03/04/2012,15.45
04/04/2012,16.27
05/04/2012,18.62
06/04/2012,20.47
09/04/2012,19.34
10/04/2012,17.53
11/04/2012,16.7
12/04/2012,18.03
13/04/2012,18.93
16/04/2012,18.96
17/04/2012,17.57
18/04/2012,15.64
19/04/2012,15.95
20/04/2012,15.99
23/04/2012,15.32
24/04/2012,15.28
25/04/2012,14.74
26/04/2012,13.7
27/04/2012,14.85
30/04/2012,14.63
01/05/2012,14.29
02/05/2012,13.45
03/05/2012,14.02
04/05/2012,15.02
07/05/2012,15.11
08/05/2012,15.96
09/05/2012,15.18
10/05/2012,16.35
11/05/2012,16.49
14/05/2012,17.06
15/05/2012,17.83
16/05/2012,17.47
17/05/2012,17.98
18/05/2012,17.74
21/05/2012,15.6
22/05/2012,14.38
23/05/2012,16.28
24/05/2012,16.41
25/05/2012,15.8
28/05/2012,14.05
29/05/2012,14.51
30/05/2012,14.59
31/05/2012,14.18
01/06/2012,13.88
04/06/2012,14.07
05/06/2012,13.98
06/06/2012,14.15
07/06/2012,15.43
08/06/2012,16.81
11/06/2012,14.84
12/06/2012,15.73
13/06/2012,16.32
14/06/2012,15.71
15/06/2012,15.43
18/06/2012,14.55
19/06/2012,14.33
20/06/2012,15.11
21/06/2012,16.37
22/06/2012,16.29
25/06/2012,15.59
26/06/2012,16.14
27/06/2012,15.27
28/06/2012,15.22
29/06/2012,15.07
02/07/2012,15.03
03/07/2012,17.06
04/07/2012,16.62
05/07/2012,18.83
06/07/2012,18.33
09/07/2012,18.12
10/07/2012,17.81
11/07/2012,18.6
12/07/2012,16.69
13/07/2012,17.59
16/07/2012,18.42
17/07/2012,17.58
18/07/2012,19.08
19/07/2012,18.49
20/07/2012,18.61
23/07/2012,16.68
24/07/2012,16.65
25/07/2012,17.92
26/07/2012,17.99
27/07/2012,16.41
30/07/2012,15.24
31/07/2012,15.08
01/08/2012,15.31
02/08/2012,15.14
03/08/2012,15.5
06/08/2012,15.92
07/08/2012,15.51
08/08/2012,15.06
09/08/2012,15.87
10/08/2012,16.64
13/08/2012,17.12
14/08/2012,16.46
15/08/2012,16.58
16/08/2012,15.9
17/08/2012,16.05
20/08/2012,15.57
21/08/2012,15.95
22/08/2012,16.56
23/08/2012,17
24/08/2012,16.34
27/08/2012,15.57
28/08/2012,17.36
29/08/2012,17.67
30/08/2012,17.84
31/08/2012,17.84
03/09/2012,19.48
04/09/2012,19.47
05/09/2012,22.72
06/09/2012,18.02
07/09/2012,14.68
10/09/2012,14.56
11/09/2012,13.83
12/09/2012,13.79
13/09/2012,13.62
14/09/2012,13.81
17/09/2012,13.49
18/09/2012,13.36
19/09/2012,13.52
20/09/2012,13.55
21/09/2012,13.42
24/09/2012,13.57
25/09/2012,12.46
26/09/2012,12.43
27/09/2012,12.46
28/09/2012,12.69
01/10/2012,12.89
02/10/2012,13.57
03/10/2012,13.31
04/10/2012,14.32
05/10/2012,14.28
08/10/2012,12.9
09/10/2012,14.67
10/10/2012,13.72
11/10/2012,13.41
12/10/2012,13.5
15/10/2012,13.02
16/10/2012,12.94
17/10/2012,12.64
18/10/2012,12.98
19/10/2012,12.66
22/10/2012,12.46
23/10/2012,12.31
24/10/2012,14.68
25/10/2012,15.22
26/10/2012,14.17
29/10/2012,18.99
30/10/2012,16.87
31/10/2012,14.73
01/11/2012,15.51
02/11/2012,15.36
05/11/2012,14.01
06/11/2012,13.48
07/11/2012,13.53
08/11/2012,13.06
09/11/2012,12.59
12/11/2012,11.56
13/11/2012,12.27
14/11/2012,11.83
15/11/2012,11.3
16/11/2012,11.3
19/11/2012,13.36
20/11/2012,14.39
21/11/2012,12.67
22/11/2012,13.99
23/11/2012,13.57
26/11/2012,13.74
27/11/2012,12.77
28/11/2012,13.15
29/11/2012,12.7
30/11/2012,13.58
03/12/2012,12.78
04/12/2012,14.21
05/12/2012,13.89
06/12/2012,13.92
07/12/2012,13.19
10/12/2012,12.84
11/12/2012,12.36
12/12/2012,12.24
13/12/2012,12.06
14/12/2012,17.27
17/12/2012,13.96
18/12/2012,16.51
19/12/2012,17.56
20/12/2012,14.97
21/12/2012,14.39
24/12/2012,13.48
25/12/2012,13.61
26/12/2012,13.62
27/12/2012,13.61
28/12/2012,13.71
31/12/2012,13.52
01/01/2013,14.49
02/01/2013,13.59
03/01/2013,12.85
04/01/2013,12.66
07/01/2013,12.83
08/01/2013,12.66
09/01/2013,13.13
10/01/2013,12.59
11/01/2013,12.55
14/01/2013,12.77
15/01/2013,12.81
16/01/2013,13.07
17/01/2013,12.45
18/01/2013,13.02
21/01/2013,13.37
22/01/2013,13.82
23/01/2013,14.07
24/01/2013,13.99
25/01/2013,14.48
28/01/2013,14.83
29/01/2013,14.53
30/01/2013,16.3
31/01/2013,16.28
01/02/2013,16.27
04/02/2013,17.5
05/02/2013,16.63
06/02/2013,15.14
07/02/2013,15.44
08/02/2013,17.07
11/02/2013,18.59
12/02/2013,16.41
13/02/2013,17.15
14/02/2013,16.8
15/02/2013,16.61
18/02/2013,16.64
19/02/2013,20.49
20/02/2013,18.9
21/02/2013,20.11
22/02/2013,18.47
25/02/2013,17.21
26/02/2013,16.86
27/02/2013,16.86
28/02/2013,16.37
01/03/2013,16.44
04/03/2013,16.2
05/03/2013,14.89
06/03/2013,14.78
07/03/2013,14.35
08/03/2013,14.21
11/03/2013,14.01
12/03/2013,13.84
13/03/2013,13.79
14/03/2013,14.42
15/03/2013,13.78
18/03/2013,13.77
19/03/2013,12.54
20/03/2013,12.29
21/03/2013,12.66
22/03/2013,13.18
25/03/2013,12.97
26/03/2013,12.72
27/03/2013,13.39
28/03/2013,13.39
29/03/2013,13.45
01/04/2013,12.94
02/04/2013,11.98
03/04/2013,11.84
04/04/2013,12.72
05/04/2013,12.98
08/04/2013,12.73
09/04/2013,13.41
10/04/2013,12.81
11/04/2013,12.31
12/04/2013,13.04
15/04/2013,14.73
16/04/2013,14.37
17/04/2013,15.1
18/04/2013,14.91
19/04/2013,15.94
22/04/2013,14.76
23/04/2013,13.98
24/04/2013,14.99
25/04/2013,16.77
26/04/2013,16.49
29/04/2013,16.81
30/04/2013,17.01
01/05/2013,16.61
02/05/2013,15.88
03/05/2013,15.77
06/05/2013,15.85
07/05/2013,15.63
08/05/2013,14.53
09/05/2013,13.82
10/05/2013,14.29
13/05/2013,14.16
14/05/2013,14.38
15/05/2013,14.53
16/05/2013,13.59
17/05/2013,13.16
20/05/2013,13.12
21/05/2013,14.31
22/05/2013,14.08
23/05/2013,14.01
24/05/2013,14.06
27/05/2013,15.46
28/05/2013,16.6
29/05/2013,15.54
30/05/2013,16.6
31/05/2013,17.67
03/06/2013,16.74
04/06/2013,19.41
05/06/2013,20.34
06/06/2013,19.6
07/06/2013,16.48
10/06/2013,15.72
11/06/2013,16.07
12/06/2013,18.66
13/06/2013,14.71
14/06/2013,13.48
17/06/2013,13.04
18/06/2013,13.16
19/06/2013,13.33
20/06/2013,13.42
21/06/2013,13.2
24/06/2013,13.09
25/06/2013,13.31
26/06/2013,13.41
27/06/2013,13.65
28/06/2013,13.75
01/07/2013,13.28
02/07/2013,12.93
03/07/2013,13.27
04/07/2013,12.67
05/07/2013,13.91
08/07/2013,12.9
09/07/2013,12.53
10/07/2013,12.82
11/07/2013,12.52
12/07/2013,12.37
15/07/2013,12.19
16/07/2013,13.1
17/07/2013,13.39
18/07/2013,13.4
19/07/2013,12.66
22/07/2013,12.26
23/07/2013,12.79
24/07/2013,12.81
25/07/2013,12.98
26/07/2013,13.7
29/07/2013,14.23
30/07/2013,14.55
31/07/2013,14.7
01/08/2013,15.08
02/08/2013,13.79
05/08/2013,13.49
06/08/2013,13.91
07/08/2013,15.42
08/08/2013,15.54
09/08/2013,15.76
12/08/2013,16.03
13/08/2013,16.21
14/08/2013,13.8
15/08/2013,14.15
16/08/2013,13.79
19/08/2013,13.04
20/08/2013,12.48
21/08/2013,12.33
22/08/2013,12.46
23/08/2013,13.56
26/08/2013,13.72
27/08/2013,14.23
28/08/2013,13.76
29/08/2013,13.55
30/08/2013,12.92
02/09/2013,12.87
03/09/2013,12.89
04/09/2013,12.14
05/09/2013,13.28
06/09/2013,12.28
09/09/2013,12.28
10/09/2013,12.53
11/09/2013,12.44
12/09/2013,12.87
13/09/2013,12.84
16/09/2013,13.77
17/09/2013,18.14
18/09/2013,17.42
19/09/2013,15.8
20/09/2013,17.35
23/09/2013,17.29
24/09/2013,18.41
25/09/2013,21.44
26/09/2013,19.11
27/09/2013,19.95
30/09/2013,17.23
01/10/2013,15.29
02/10/2013,15.26
03/10/2013,14.51
04/10/2013,14.3
07/10/2013,14.14
08/10/2013,13.57
09/10/2013,13.87
10/10/2013,15.5
11/10/2013,14.79
14/10/2013,14.68
15/10/2013,14.23
16/10/2013,13.67
17/10/2013,14.35
18/10/2013,14.04
21/10/2013,14
22/10/2013,16
23/10/2013,14.1
24/10/2013,13.89
25/10/2013,14.21
28/10/2013,14.11
29/10/2013,14.2
30/10/2013,14.8
31/10/2013,14.47
01/11/2013,16.22
04/11/2013,17.82
05/11/2013,15.64
06/11/2013,14.52
07/11/2013,15.12
08/11/2013,14.52
11/11/2013,15
12/11/2013,15.09
13/11/2013,14.02
14/11/2013,14.93
15/11/2013,14.62
18/11/2013,14.41
19/11/2013,13.88
20/11/2013,13.1
21/11/2013,13.09
22/11/2013,13.37
25/11/2013,13.96
26/11/2013,15.57
27/11/2013,14.89
28/11/2013,13.82
29/11/2013,15.89
02/12/2013,17.03
03/12/2013,16.11
04/12/2013,15.61
05/12/2013,14.18
06/12/2013,13.36
09/12/2013,13.25
10/12/2013,13.19
11/12/2013,13.27
12/12/2013,13.32
13/12/2013,14.06
16/12/2013,13.97
17/12/2013,13.71
18/12/2013,13.41
19/12/2013,13.25
20/12/2013,12.91
23/12/2013,13.29
24/12/2013,13.8
25/12/2013,13.4
26/12/2013,13.43
27/12/2013,12.92
30/12/2013,12.23
31/12/2013,12.13
01/01/2014,12.17
02/01/2014,13.17
03/01/2014,12.44
06/01/2014,12.42
07/01/2014,12.96
08/01/2014,11.91
09/01/2014,12.03
10/01/2014,11.36
13/01/2014,11.51
14/01/2014,11.68
15/01/2014,11.57
16/01/2014,11.4
17/01/2014,11.58
20/01/2014,11.87
21/01/2014,12.08
22/01/2014,11.68
23/01/2014,10.73
24/01/2014,11.15
27/01/2014,10.99
28/01/2014,11.6
29/01/2014,12.56
30/01/2014,12.18
31/01/2014,12.65
03/02/2014,12.06
04/02/2014,10.61
05/02/2014,10.62
06/02/2014,10.85
07/02/2014,10.98
10/02/2014,12.13
11/02/2014,11.59
12/02/2014,11.63
13/02/2014,11.26
14/02/2014,11.57
17/02/2014,11.15
18/02/2014,10.82
19/02/2014,10.32
20/02/2014,11.33
21/02/2014,11.98
24/02/2014,11.65
25/02/2014,12.59
26/02/2014,12.08
27/02/2014,11.82
28/02/2014,11.96
03/03/2014,11
04/03/2014,14.54
05/03/2014,12.06
06/03/2014,12.81
07/03/2014,12.24
10/03/2014,11.52
11/03/2014,11.84
12/03/2014,12.69
13/03/2014,12.56
14/03/2014,13.28
17/03/2014,13.33
18/03/2014,16.95
19/03/2014,17.03
20/03/2014,15.12
21/03/2014,16.87
24/03/2014,16.37
25/03/2014,16.66
26/03/2014,15.77
27/03/2014,14.23
28/03/2014,14.13
31/03/2014,12.9
01/04/2014,12.42
02/04/2014,13.15
03/04/2014,12.32
04/04/2014,12.21
07/04/2014,11.78
08/04/2014,11.76
09/04/2014,11.47
10/04/2014,11.7
11/04/2014,11.63
14/04/2014,11.78
15/04/2014,12.05
16/04/2014,11.98
17/04/2014,12.25
18/04/2014,12.36
21/04/2014,12.64
22/04/2014,12.09
23/04/2014,12.66
24/04/2014,13.5
25/04/2014,12.88
28/04/2014,12.8
29/04/2014,13.31
30/04/2014,14.12
01/05/2014,12.73
02/05/2014,12.65
05/05/2014,12.03
06/05/2014,12.11
07/05/2014,13.69
08/05/2014,14.93
09/05/2014,13.27
12/05/2014,15.64
13/05/2014,14.85
14/05/2014,15.98
15/05/2014,16.31
16/05/2014,16.71
19/05/2014,16.16
20/05/2014,14.55
21/05/2014,15.46
22/05/2014,17.2
23/05/2014,15.11
26/05/2014,18.76
27/05/2014,21.24
28/05/2014,24.64
29/05/2014,22.79
30/05/2014,26.25
02/06/2014,25.2
03/06/2014,21.99
04/06/2014,18.57
05/06/2014,16.08
06/06/2014,17.87
09/06/2014,16.53
10/06/2014,16.11
11/06/2014,16.04
12/06/2014,14.39
13/06/2014,15.15
16/06/2014,14.52
17/06/2014,14.03
18/06/2014,14.73
19/06/2014,14.89
20/06/2014,14.17
23/06/2014,13.67
24/06/2014,13.12
25/06/2014,12.67
26/06/2014,12.92
27/06/2014,13.02
30/06/2014,13.79
01/07/2014,13.31
02/07/2014,13.99
03/07/2014,13.86
04/07/2014,13.96
07/07/2014,13.58
08/07/2014,12.9
09/07/2014,12.62
10/07/2014,12.25
11/07/2014,12.07
14/07/2014,13.33
15/07/2014,14.29
16/07/2014,12.85
17/07/2014,12.47
18/07/2014,12.38
21/07/2014,11.82
22/07/2014,14.21
23/07/2014,14.89
24/07/2014,18.53
25/07/2014,20.08
28/07/2014,21.08
29/07/2014,20.42
30/07/2014,23.57
31/07/2014,19.44
01/08/2014,16.81
04/08/2014,16.49
05/08/2014,15.25
06/08/2014,14.8
07/08/2014,14.37
08/08/2014,14.5
11/08/2014,15.06
12/08/2014,15.92
13/08/2014,19.2
14/08/2014,17.79
15/08/2014,19.92
18/08/2014,21.12
19/08/2014,19.31
20/08/2014,17.01
21/08/2014,17.55
22/08/2014,19.6
25/08/2014,20.56
26/08/2014,21.48
27/08/2014,22.39
28/08/2014,20.95
29/08/2014,19.89
01/09/2014,18.85
02/09/2014,16.4
03/09/2014,16.66
04/09/2014,15.52
05/09/2014,17.22
08/09/2014,20.44
09/09/2014,18.76
10/09/2014,20.97
11/09/2014,19.43
12/09/2014,17.33
15/09/2014,18.33
16/09/2014,16.85
17/09/2014,17.29
18/09/2014,18.55
19/09/2014,17.23
22/09/2014,16.96
23/09/2014,15.34
24/09/2014,14.69
25/09/2014,15.8
26/09/2014,15.45
29/09/2014,15.29
30/09/2014,14.3
01/10/2014,14.56
02/10/2014,13.69
03/10/2014,13.84
06/10/2014,13.91
07/10/2014,13.34
08/10/2014,13.04
09/10/2014,13.86
10/10/2014,14.23
13/10/2014,14.04
14/10/2014,15.2
15/10/2014,15.06
16/10/2014,16.69
17/10/2014,16.87
20/10/2014,15.42
21/10/2014,16
22/10/2014,15.61
23/10/2014,15.66
24/10/2014,13.97
27/10/2014,14.07
28/10/2014,13.02
29/10/2014,13.41
30/10/2014,13.62
31/10/2014,15.44
03/11/2014,15.8
04/11/2014,15.07
05/11/2014,14.51
06/11/2014,15.29
07/11/2014,15.11
10/11/2014,14.67
11/11/2014,14.74
12/11/2014,14.78
13/11/2014,13.98
14/11/2014,13.09
17/11/2014,12.58
18/11/2014,13.94
19/11/2014,13.67
20/11/2014,12.84
21/11/2014,12.6
24/11/2014,13.89
25/11/2014,13.3
26/11/2014,13.25
27/11/2014,12.71
28/11/2014,12.48
01/12/2014,12.29
02/12/2014,13.12
03/12/2014,12.41
04/12/2014,13.39
05/12/2014,14.55
08/12/2014,12.7
09/12/2014,12.85
10/12/2014,14.31
11/12/2014,15.15
12/12/2014,15.13
15/12/2014,12.86
16/12/2014,13.85
17/12/2014,13.86
18/12/2014,13.76
19/12/2014,12.74
22/12/2014,12.38
23/12/2014,12.73
24/12/2014,12.85
25/12/2014,12.88
26/12/2014,12.11
29/12/2014,12.13
30/12/2014,14.06
31/12/2014,13.27
01/01/2015,13.31
02/01/2015,13.84
05/01/2015,13.97
06/01/2015,14.24
07/01/2015,13.66
08/01/2015,14.71
09/01/2015,14.21
12/01/2015,15.29
13/01/2015,14.47
14/01/2015,13.22
15/01/2015,12.85
16/01/2015,13.78
19/01/2015,15.39
20/01/2015,14.81
21/01/2015,14.5
22/01/2015,13.19
23/01/2015,13.96
26/01/2015,12.74
27/01/2015,12.11
28/01/2015,13.26
29/01/2015,14.01
30/01/2015,14.02
02/02/2015,18.85
03/02/2015,18.23
04/02/2015,16.09
05/02/2015,16.79
06/02/2015,17.01
09/02/2015,16.09
10/02/2015,19.66
11/02/2015,19.97
12/02/2015,16.83
13/02/2015,13.9
16/02/2015,13.37
17/02/2015,13.23
18/02/2015,12.11
19/02/2015,11.95
20/02/2015,12.25
23/02/2015,12.22
24/02/2015,12.12
25/02/2015,12.64
26/02/2015,13.74
27/02/2015,15.6
02/03/2015,13.44
03/03/2015,12.5
04/03/2015,12.13
05/03/2015,12.12
06/03/2015,12.56
09/03/2015,13
10/03/2015,12.51
11/03/2015,13.77
12/03/2015,13.39
13/03/2015,12.23
16/03/2015,13.71
17/03/2015,13.61
18/03/2015,13.49
19/03/2015,12.83
20/03/2015,13.02
23/03/2015,13.79
24/03/2015,15.25
25/03/2015,19.14
26/03/2015,28.03
27/03/2015,40.74
30/03/2015,36.02
31/03/2015,30.32
01/04/2015,26.1
02/04/2015,26.05
03/04/2015,28.43
06/04/2015,31.4
07/04/2015,26.09
08/04/2015,25.61
09/04/2015,27.8
10/04/2015,24.9
13/04/2015,26.23
14/04/2015,24.37
15/04/2015,23.2
16/04/2015,24.25
17/04/2015,22.54
20/04/2015,21.35
21/04/2015,21.14
22/04/2015,22.28
23/04/2015,20.14
24/04/2015,22.44
27/04/2015,22.13
28/04/2015,23.47
29/04/2015,23.62
30/04/2015,27.63
01/05/2015,26.83
04/05/2015,24.5
05/05/2015,22.55
06/05/2015,20.94
07/05/2015,19.54
08/05/2015,19.4
11/05/2015,18.4
12/05/2015,17.42
13/05/2015,17.08
14/05/2015,16.17
15/05/2015,17.67
18/05/2015,18.03
19/05/2015,16.05
20/05/2015,15.05
21/05/2015,14.98
22/05/2015,15.75
25/05/2015,16.7
26/05/2015,14.45
27/05/2015,14.46
28/05/2015,15.29
29/05/2015,15.43
01/06/2015,14.33
02/06/2015,14.61
03/06/2015,15.07
04/06/2015,14.15
05/06/2015,14.54
08/06/2015,15.51
09/06/2015,15.05
10/06/2015,14.33
11/06/2015,16.52
12/06/2015,15.29
15/06/2015,16.06
16/06/2015,18.37
17/06/2015,20.08
18/06/2015,18.16
19/06/2015,18.84
22/06/2015,16.85
23/06/2015,16.99
24/06/2015,15.47
25/06/2015,15.62
26/06/2015,15.93
29/06/2015,15.19
30/06/2015,15.12
01/07/2015,16.13
02/07/2015,14.67
03/07/2015,15.91
06/07/2015,18.11
07/07/2015,14.81
08/07/2015,15.84
09/07/2015,17.6
10/07/2015,19.61
13/07/2015,19.34
14/07/2015,24.39
15/07/2015,22.73
16/07/2015,20.95
17/07/2015,17.86
20/07/2015,18.94
21/07/2015,20.7
22/07/2015,18.7
23/07/2015,16.6
24/07/2015,15.57
27/07/2015,15.74
28/07/2015,16.91
29/07/2015,16.08
30/07/2015,17.29
31/07/2015,18.21
03/08/2015,20.7
04/08/2015,19.34
05/08/2015,20.59
06/08/2015,24.99
07/08/2015,27.01
10/08/2015,24.3
11/08/2015,22.47
12/08/2015,25.22
13/08/2015,23.95
14/08/2015,27.02
17/08/2015,26.05
18/08/2015,27.59
19/08/2015,26.69
20/08/2015,22.34
21/08/2015,24.15
24/08/2015,22.5
25/08/2015,23.11
26/08/2015,22.42
27/08/2015,20.2
28/08/2015,19.98
31/08/2015,21.98
01/09/2015,21.65
02/09/2015,21.84
03/09/2015,23.38
04/09/2015,26
07/09/2015,26.54
08/09/2015,26.29
09/09/2015,28.14
10/09/2015,25.4
11/09/2015,24.11
14/09/2015,22.31
15/09/2015,21.64
16/09/2015,20.53
17/09/2015,19.38
18/09/2015,20.98
21/09/2015,20.72
22/09/2015,19.11
23/09/2015,19.81
24/09/2015,20.55
25/09/2015,17.7
28/09/2015,17.09
29/09/2015,16.7
30/09/2015,16.86
01/10/2015,17.35
02/10/2015,18.67
05/10/2015,18.34
06/10/2015,18.05
07/10/2015,16.5
08/10/2015,16.92
09/10/2015,16.84
12/10/2015,14.99
13/10/2015,14.44
14/10/2015,14.02
15/10/2015,13.79
16/10/2015,14.17
19/10/2015,14.94
20/10/2015,14.74
21/10/2015,15.24
22/10/2015,13.82
23/10/2015,13.56
26/10/2015,13.95
27/10/2015,13.1
28/10/2015,14.12
29/10/2015,15.42
30/10/2015,14.09
02/11/2015,16.16
03/11/2015,15.36
04/11/2015,16.26
05/11/2015,14.85
06/11/2015,13.84
09/11/2015,13.72
10/11/2015,13.62
11/11/2015,13.35
12/11/2015,13.24
13/11/2015,13.28
16/11/2015,13.95
17/11/2015,13.22
18/11/2015,14.08
19/11/2015,13.96
20/11/2015,13.77
23/11/2015,15.22
24/11/2015,15.7
25/11/2015,14.68
26/11/2015,15.6
27/11/2015,16.05
30/11/2015,15.91
01/12/2015,14.72
02/12/2015,14.57
03/12/2015,13.63
04/12/2015,14.69
07/12/2015,14.41
08/12/2015,15.04
09/12/2015,14.68
10/12/2015,15.57
11/12/2015,15.95
14/12/2015,16.33
15/12/2015,15.2
16/12/2015,15.82
17/12/2015,14.42
18/12/2015,13.9
21/12/2015,13.43
22/12/2015,13.12
23/12/2015,14.19
24/12/2015,14.2
25/12/2015,13.63
28/12/2015,13.47
29/12/2015,13.65
30/12/2015,14.05
31/12/2015,14.08
01/01/2016,14.64
04/01/2016,17.03
05/01/2016,20.97
06/01/2016,20.5
07/01/2016,20.14
08/01/2016,19.37
11/01/2016,19.41
12/01/2016,18.37
13/01/2016,18.48
14/01/2016,21.17
15/01/2016,17.25
18/01/2016,25.76
19/01/2016,23.85
20/01/2016,18.75
21/01/2016,16.64
22/01/2016,15.63
25/01/2016,14.77
26/01/2016,15.58
27/01/2016,14.96
28/01/2016,14.76
29/01/2016,13.2
01/02/2016,13.54
02/02/2016,13.55
03/02/2016,13.04
04/02/2016,12.82
05/02/2016,12.67
08/02/2016,12.44
09/02/2016,11.97
10/02/2016,11.77
11/02/2016,12.74
12/02/2016,12.02
15/02/2016,12.87
16/02/2016,13.05
17/02/2016,12.83
18/02/2016,12.72
19/02/2016,11.87
22/02/2016,12.44
23/02/2016,13.37
24/02/2016,12.86
25/02/2016,12.42
26/02/2016,11.39
29/02/2016,11.5
01/03/2016,11.66
02/03/2016,12.05
03/03/2016,11.68
04/03/2016,11.55
07/03/2016,11.81
08/03/2016,12.64
09/03/2016,12.19
10/03/2016,11.43
11/03/2016,11.34
14/03/2016,12.27
15/03/2016,12.38
16/03/2016,13.45
17/03/2016,13.63
18/03/2016,13.65
21/03/2016,12.94
22/03/2016,13.12
23/03/2016,13.42
24/03/2016,13.48
25/03/2016,11.98
28/03/2016,12.02
29/03/2016,11.94
30/03/2016,12.51
31/03/2016,17.5
01/04/2016,15.16
04/04/2016,17.85
05/04/2016,18.14
06/04/2016,16.3
07/04/2016,15.37
08/04/2016,15.53
11/04/2016,15.92
12/04/2016,13.3
13/04/2016,12.02
14/04/2016,12.29
15/04/2016,14.5
18/04/2016,13.1
19/04/2016,12.39
20/04/2016,14.02
21/04/2016,13.29
22/04/2016,13.57
25/04/2016,13.63
26/04/2016,12.99
27/04/2016,12.84
28/04/2016,13.48
29/04/2016,13.38
02/05/2016,15.36
03/05/2016,15.91
04/05/2016,16.69
05/05/2016,16.12
06/05/2016,16.21
09/05/2016,15.28
10/05/2016,14.41
11/05/2016,13.75
12/05/2016,13.34
13/05/2016,13.02
16/05/2016,13.46
17/05/2016,14.24
18/05/2016,15.36
19/05/2016,16.19
20/05/2016,17.06
23/05/2016,18.56
24/05/2016,19.32
25/05/2016,22.08
26/05/2016,22.51
27/05/2016,18.71
30/05/2016,18.74
31/05/2016,14.38
01/06/2016,14.74
02/06/2016,14.17
03/06/2016,14.48
06/06/2016,13.37
07/06/2016,13.72
08/06/2016,13.35
09/06/2016,12.85
10/06/2016,12.42
13/06/2016,12.41
14/06/2016,12.43
15/06/2016,12.34
16/06/2016,13.15
17/06/2016,12.9
20/06/2016,13.33
21/06/2016,14.07
22/06/2016,14.12
23/06/2016,12.14
24/06/2016,11.79
27/06/2016,12.22
28/06/2016,12.64
29/06/2016,11.75
30/06/2016,12.64
01/07/2016,12.72
04/07/2016,13.19
05/07/2016,12.79
06/07/2016,12.2
07/07/2016,11.71
08/07/2016,11.45
11/07/2016,11.27
12/07/2016,11.43
13/07/2016,11.44
14/07/2016,11.99
15/07/2016,12.95
18/07/2016,13.37
19/07/2016,14.04
20/07/2016,12.85
21/07/2016,11.85
22/07/2016,11.67
25/07/2016,11.32
26/07/2016,11.56
27/07/2016,11.49
28/07/2016,11.26
29/07/2016,11.54
01/08/2016,11.23
02/08/2016,11.87
03/08/2016,12.48
04/08/2016,12.78
05/08/2016,11.54
08/08/2016,11.77
09/08/2016,11.07
10/08/2016,10.81
11/08/2016,10.63
12/08/2016,10.58
15/08/2016,11.88
16/08/2016,11.99
17/08/2016,11.81
18/08/2016,11.93
19/08/2016,10.97
22/08/2016,11.37
23/08/2016,11.29
24/08/2016,11.45
25/08/2016,10.88
26/08/2016,10.85
29/08/2016,11.07
30/08/2016,10.74
31/08/2016,11.97
01/09/2016,11.76
02/09/2016,11.49
05/09/2016,11.57
06/09/2016,11.74
07/09/2016,11.71
08/09/2016,11.47
09/09/2016,12.09
12/09/2016,12.92
13/09/2016,12.54
14/09/2016,11.81
15/09/2016,10.96
16/09/2016,11.24
19/09/2016,11.45
20/09/2016,11.86
21/09/2016,12.3
22/09/2016,11.66
23/09/2016,11.35
26/09/2016,12.3
27/09/2016,11.63
28/09/2016,11.21
29/09/2016,11.28
30/09/2016,11.34
03/10/2016,12.47
04/10/2016,12.81
05/10/2016,13.12
06/10/2016,12.96
07/10/2016,12.5
10/10/2016,11.53
11/10/2016,11.42
12/10/2016,11.54
13/10/2016,12.37
14/10/2016,12.38
17/10/2016,11.79
18/10/2016,12.89
19/10/2016,12.39
20/10/2016,12.87
21/10/2016,14.05
24/10/2016,15.07
25/10/2016,15.77
26/10/2016,15.96
27/10/2016,14.66
28/10/2016,14.42
31/10/2016,14.93
01/11/2016,14.15
02/11/2016,14.63
03/11/2016,10.84
04/11/2016,10.76
07/11/2016,10.85
08/11/2016,10.36
09/11/2016,10.82
10/11/2016,10.11
11/11/2016,10.59
14/11/2016,10.68
15/11/2016,10.46
16/11/2016,10.57
17/11/2016,9.77
18/11/2016,9.96
21/11/2016,10.21
22/11/2016,10.6
23/11/2016,10.4
24/11/2016,10.42
25/11/2016,10.65
28/11/2016,15.59
29/11/2016,14.66
30/11/2016,12.04
01/12/2016,10.93
02/12/2016,10.72
05/12/2016,10.02
06/12/2016,9.99
07/12/2016,9.81
08/12/2016,10.38
09/12/2016,10.41
12/12/2016,9.89
13/12/2016,9.75
14/12/2016,10.07
15/12/2016,10.45
16/12/2016,10.39
19/12/2016,10.16
20/12/2016,10.7
21/12/2016,11.46
22/12/2016,10.42
23/12/2016,10.64
26/12/2016,10.9
27/12/2016,10.38
28/12/2016,10.37
29/12/2016,10.86
30/12/2016,10.75
02/01/2017,10.48
03/01/2017,10.02
04/01/2017,9.9
05/01/2017,11.06
06/01/2017,10.03
09/01/2017,11.44
10/01/2017,11.18
11/01/2017,11.22
12/01/2017,11.07
13/01/2017,12.54
16/01/2017,11.19
17/01/2017,11.11
18/01/2017,10.89
19/01/2017,10.3
20/01/2017,9.9
23/01/2017,9.51
24/01/2017,9.82
25/01/2017,9.89
26/01/2017,9.79
27/01/2017,9.58
30/01/2017,9.36
31/01/2017,9.43
01/02/2017,9.43
02/02/2017,9.6
03/02/2017,10.11
06/02/2017,10.29
07/02/2017,10.26
08/02/2017,10.09
09/02/2017,10.28
10/02/2017,10.44
13/02/2017,10.03
14/02/2017,9.93
15/02/2017,10.96
16/02/2017,11.11
17/02/2017,16.04
20/02/2017,15.51
21/02/2017,12.33
22/02/2017,12.04
23/02/2017,11.74
24/02/2017,15.55
27/02/2017,14.26
28/02/2017,13.19
01/03/2017,11.35
02/03/2017,12.25
03/03/2017,12.23
06/03/2017,11.28
07/03/2017,11.32
08/03/2017,11.7
09/03/2017,11.22
10/03/2017,10.59
13/03/2017,10.13
14/03/2017,12.23
15/03/2017,11.63
16/03/2017,11.55
17/03/2017,12.12
20/03/2017,10.73
21/03/2017,10.58
22/03/2017,10.5
23/03/2017,10.44
24/03/2017,10.17
27/03/2017,10.15
28/03/2017,10.18
29/03/2017,9.78
30/03/2017,9.67
31/03/2017,9.59
03/04/2017,10.21
04/04/2017,10.17
05/04/2017,9.87
06/04/2017,9.55
07/04/2017,9.51
10/04/2017,9.45
